# https://github.com/mikedh/trimesh

o qbsofthand_fully_open_fixed_config.stl
v -12.30000019 11.00000000 145.44999695
v -16.79999924 11.00000000 153.44999695
v -16.79999924 11.00000000 146.44999695
v -16.79999924 14.50000000 146.44999695
v -16.79999924 11.00000000 145.44999695
v -34.54999924 11.00000000 146.44999695
v -34.54999924 14.50000000 146.44999695
v -3.40659857 11.00000000 150.33988953
v 7.69999981 11.00000000 153.44999695
v -16.79999924 14.50000000 153.44999695
v -10.55000019 11.00000000 144.44999695
v -4.15737629 11.00000000 150.43684387
v -4.90992403 11.00000000 150.43894958
v -5.66034460 11.00000000 150.34620667
v -6.38876247 11.00000000 150.16094971
v -7.09000969 11.00000000 149.88580322
v -7.74910927 11.00000000 149.52555847
v -8.35730648 11.00000000 149.08728027
v -8.90591335 11.00000000 148.57637024
v -9.38653374 11.00000000 148.00009155
v -9.79677963 11.00000000 147.35998535
v -10.12129784 11.00000000 146.67637634
v -10.35858250 11.00000000 145.95320129
v -10.50103283 11.00000000 145.21228027
v -2.67788148 11.00000000 150.14999390
v 7.69999981 11.00000000 146.44999695
v 7.69999981 14.50000000 153.44999695
v 27.45000076 11.00000000 141.44999695
v 27.45000076 11.00000000 146.44999695
v 7.69999981 14.50000000 146.44999695
v 27.45000076 11.00000000 140.44999695
v 17.32211876 11.00000000 143.14999390
v 7.69999981 11.00000000 145.44999695
v 9.76866245 11.00000000 128.44999695
v 9.44999981 11.00000000 137.44999695
v -1.97693670 11.00000000 149.87020874
v 16.59340096 11.00000000 143.33988953
v 15.84262371 11.00000000 143.43684387
v 15.09007645 11.00000000 143.43894958
v 14.33965588 11.00000000 143.34620667
v 13.61123753 11.00000000 143.16094971
v 12.90999031 11.00000000 142.88580322
v 12.25089073 11.00000000 142.52555847
v 11.64269352 11.00000000 142.08728027
v 11.09408665 11.00000000 141.57637024
v 10.61346626 11.00000000 141.00009155
v 10.20322037 11.00000000 140.35998535
v 9.87870216 11.00000000 139.67637634
v 9.64141750 11.00000000 138.95320129
v 9.49896717 11.00000000 138.21228027
v 27.45000076 14.50000000 146.44999695
v 37.32211685 11.00000000 138.14999390
v 45.45000076 11.00000000 141.44999695
v 27.45000076 14.50000000 141.44999695
v 28.97471237 11.00000000 123.44999695
v 29.45000076 11.00000000 132.44999695
v 36.59340286 11.00000000 138.33988953
v 35.84262466 11.00000000 138.43684387
v 35.09007645 11.00000000 138.43894958
v 34.33965683 11.00000000 138.34620667
v 33.61123657 11.00000000 138.16094971
v 32.90998840 11.00000000 137.88580322
v 32.25089264 11.00000000 137.52555847
v 31.64269447 11.00000000 137.08728027
v 31.09408569 11.00000000 136.57637024
v 30.61346626 11.00000000 136.00009155
v 30.20322037 11.00000000 135.35998535
v 29.87870216 11.00000000 134.67637634
v 29.64141655 11.00000000 133.95320129
v 29.49896622 11.00000000 133.21228027
v 41.02585602 11.00000000 134.66510010
v 45.45000076 11.00000000 123.44999695
v 45.45000076 14.50000000 141.44999695
v 40.70566559 11.00000000 135.34399414
v 40.30112839 11.00000000 135.98022461
v 39.82655334 11.00000000 136.55451965
v 39.28388596 11.00000000 137.06539917
v 38.67974854 11.00000000 137.50605774
v 38.02306366 11.00000000 137.87020874
v 41.02129745 11.00000000 130.22363281
v 40.95586777 11.00000000 123.44999695
v 40.95586777 4.65000010 123.44999695
v 41.40114975 11.00000000 133.20985413
v 41.45000076 11.00000000 132.44999695
v 41.40103149 11.00000000 131.68771362
v 41.26021576 11.00000000 133.94711304
v 41.25858307 11.00000000 130.94680786
v 45.45000076 14.50000000 106.44999695
v 45.45000076 4.65000010 106.44999695
v 45.45000076 4.65000010 123.44999695
v 39.25730515 11.00000000 127.81271362
v 39.04999924 11.00000000 115.44999695
v 39.80591202 11.00000000 128.32363892
v 40.28653336 11.00000000 128.89990234
v 40.69678116 11.00000000 129.54002380
v 30.19433403 11.00000000 129.55601501
v 29.45000076 11.00000000 115.44999695
v 39.04999924 4.65000010 115.44999695
v 30.59886932 11.00000000 128.91976929
v 31.07344627 11.00000000 128.34547424
v 31.61611366 11.00000000 127.83459473
v 32.22025299 11.00000000 127.39394379
v 32.87693787 11.00000000 127.02978516
v 33.57788086 11.00000000 126.75000763
v 34.30659866 11.00000000 126.56010437
v 35.05737686 11.00000000 126.46315765
v 35.80992508 11.00000000 126.46105957
v 36.56034470 11.00000000 126.55378723
v 37.28876114 11.00000000 126.73905182
v 37.99000931 11.00000000 127.01419830
v 38.64910889 11.00000000 127.37445068
v 29.45000076 4.65000010 115.44999695
v 29.49884987 11.00000000 131.69015503
v 29.63978577 11.00000000 130.95288086
v 29.87414360 11.00000000 130.23490906
v 27.45000076 11.00000000 123.44999695
v 27.45000076 4.65000010 123.44999695
v 28.97471237 4.65000010 123.44999695
v 18.02306366 11.00000000 142.87020874
v 23.45000076 11.00000000 140.44999695
v 23.45000076 4.65000010 140.44999695
v 27.45000076 4.65000010 140.44999695
v 21.26021576 11.00000000 138.94711304
v 23.45000076 11.00000000 128.44999695
v 21.02585602 11.00000000 139.66510010
v 20.70566559 11.00000000 140.34399414
v 20.30113029 11.00000000 140.98022461
v 19.82655334 11.00000000 141.55451965
v 19.28388596 11.00000000 142.06539917
v 18.67974663 11.00000000 142.50605774
v 21.02129745 11.00000000 135.22363281
v 20.95586967 11.00000000 128.44999695
v 20.95586967 4.65000010 128.44999695
v 21.40114975 11.00000000 138.20985413
v 21.45000076 11.00000000 137.44999695
v 21.40103340 11.00000000 136.68771362
v 21.25858307 11.00000000 135.94680786
v 23.45000076 4.65000010 128.44999695
v 19.25730705 11.00000000 132.81271362
v 19.04999924 11.00000000 120.44999695
v 19.80591393 11.00000000 133.32363892
v 20.28653336 11.00000000 133.89990234
v 20.69677925 11.00000000 134.54002380
v 11.07344723 11.00000000 133.34547424
v 10.94999981 11.00000000 120.44999695
v 19.04999924 4.65000010 120.44999695
v 11.61611462 11.00000000 132.83459473
v 12.22025299 11.00000000 132.39393616
v 12.87693691 11.00000000 132.02978516
v 13.57788181 11.00000000 131.75000000
v 14.30659866 11.00000000 131.56010437
v 15.05737591 11.00000000 131.46315002
v 15.80992413 11.00000000 131.46105957
v 16.56034470 11.00000000 131.55378723
v 17.28876305 11.00000000 131.73904419
v 17.99000931 11.00000000 132.01420593
v 18.64910889 11.00000000 132.37445068
v 9.87414455 11.00000000 135.23490906
v 10.94999981 4.65000010 120.44999695
v 10.19433498 11.00000000 134.55601501
v 10.59887028 11.00000000 133.91976929
v 7.69999981 11.00000000 128.44999695
v 7.69999981 4.65000010 128.44999695
v 9.49884987 11.00000000 136.69015503
v 9.63978481 11.00000000 135.95288086
v 9.76866245 4.65000010 128.44999695
v -0.71611446 11.00000000 149.06539917
v 3.20000005 11.00000000 145.44999695
v 3.20000005 4.65000010 145.44999695
v -1.32025254 11.00000000 149.50605774
v 7.69999981 4.65000010 145.44999695
v 1.40115023 11.00000000 145.20985413
v 3.20000005 11.00000000 135.44999695
v 1.26021504 11.00000000 145.94711304
v 1.02585554 11.00000000 146.66510010
v 0.70566529 11.00000000 147.34399414
v 0.30113009 11.00000000 147.98022461
v -0.17344682 11.00000000 148.55451965
v 1.02129781 11.00000000 142.22363281
v 0.95586884 11.00000000 135.44999695
v 0.95586884 4.65000010 135.44999695
v 1.45000005 11.00000000 144.44999695
v 1.40103292 11.00000000 143.68771362
v 1.25858295 11.00000000 142.94680786
v 3.20000005 4.65000010 135.44999695
v -0.74269384 11.00000000 139.81271362
v -0.94999999 11.00000000 127.44999695
v -0.19408637 11.00000000 140.32363892
v 0.28653359 11.00000000 140.89990234
v 0.69677955 11.00000000 141.54002380
v -7.77974749 11.00000000 139.39393616
v -8.14999962 11.00000000 127.44999695
v -0.94999999 4.65000010 127.44999695
v -7.12306309 11.00000000 139.02978516
v -6.42211866 11.00000000 138.75000000
v -5.69340134 11.00000000 138.56010437
v -4.94262362 11.00000000 138.46315002
v -4.19007587 11.00000000 138.46105957
v -3.43965554 11.00000000 138.55378723
v -2.71123743 11.00000000 138.73904419
v -2.00999022 11.00000000 139.01420593
v -1.35089087 11.00000000 139.37445068
v -9.80566502 11.00000000 141.55601501
v -10.05586910 11.00000000 135.44999695
v -8.14999962 4.65000010 127.44999695
v -9.40112972 11.00000000 140.91976929
v -8.92655277 11.00000000 140.34547424
v -8.38388538 11.00000000 139.83459473
v -12.30000019 11.00000000 135.44999695
v -12.30000019 4.65000010 135.44999695
v -10.50115013 11.00000000 143.69015503
v -10.36021519 11.00000000 142.95288086
v -10.12585545 11.00000000 142.23490906
v -10.05586910 4.65000010 135.44999695
v -16.79999924 4.65000010 145.44999695
v -12.30000019 4.65000010 145.44999695
v -18.59885025 11.00000000 138.20985413
v -16.79999924 11.00000000 128.44999695
v -22.67788124 11.00000000 143.14999390
v -18.73978424 11.00000000 138.94711304
v -18.97414398 11.00000000 139.66510010
v -19.29433441 11.00000000 140.34399414
v -19.69886971 11.00000000 140.98022461
v -20.17344666 11.00000000 141.55451965
v -20.71611404 11.00000000 142.06539917
v -21.32025337 11.00000000 142.50605774
v -21.97693634 11.00000000 142.87020874
v -18.74141693 11.00000000 135.94680786
v -18.86866188 11.00000000 128.44999695
v -18.86866188 4.65000010 128.44999695
v -18.54999924 11.00000000 137.44999695
v -18.59896660 11.00000000 136.68771362
v -16.79999924 4.65000010 128.44999695
v -19.71346664 11.00000000 133.89990234
v -20.04999924 11.00000000 120.44999695
v -19.30322075 11.00000000 134.54002380
v -18.97870255 11.00000000 135.22363281
v -27.77974701 11.00000000 132.39393616
v -28.14999962 11.00000000 120.44999695
v -20.04999924 4.65000010 120.44999695
v -27.12306404 11.00000000 132.02978516
v -26.42211914 11.00000000 131.75000000
v -25.69340134 11.00000000 131.56010437
v -24.94262314 11.00000000 131.46315002
v -24.19007683 11.00000000 131.46105957
v -23.43965530 11.00000000 131.55378723
v -22.71123695 11.00000000 131.73904419
v -22.00999069 11.00000000 132.01420593
v -21.35089111 11.00000000 132.37445068
v -20.74269295 11.00000000 132.81271362
v -20.19408607 11.00000000 133.32363892
v -29.80566597 11.00000000 134.55601501
v -30.05586815 11.00000000 128.44999695
v -28.14999962 4.65000010 120.44999695
v -29.40113068 11.00000000 133.91976929
v -28.92655373 11.00000000 133.34547424
v -28.38388634 11.00000000 132.83459473
v -34.54999924 11.00000000 128.44999695
v -34.54999924 4.65000010 128.44999695
v -30.54999924 11.00000000 137.44999695
v -30.50115013 11.00000000 136.69015503
v -30.36021423 11.00000000 135.95288086
v -30.12585640 11.00000000 135.23490906
v -30.05586815 4.65000010 128.44999695
v -34.54999924 14.50000000 119.69999695
v -23.40659904 11.00000000 143.33988953
v -24.15737724 11.00000000 143.43684387
v -24.90992355 11.00000000 143.43894958
v -25.66034508 11.00000000 143.34620667
v -26.38876343 11.00000000 143.16094971
v -27.09000969 11.00000000 142.88580322
v -27.74910927 11.00000000 142.52555847
v -28.35730553 11.00000000 142.08728027
v -28.90591431 11.00000000 141.57637024
v -29.38653374 11.00000000 141.00009155
v -29.79677963 11.00000000 140.35998535
v -30.12129784 11.00000000 139.67637634
v -30.35858345 11.00000000 138.95320129
v -30.50103378 11.00000000 138.21228027
v -18.54999924 13.50000000 137.44999695
v -18.59885025 13.50000000 136.69015503
v -18.59896660 13.50000000 138.21228027
v -18.74141693 13.50000000 138.95320129
v -18.97870255 13.50000000 139.67637634
v -19.30322075 13.50000000 140.35998535
v -19.71346664 13.50000000 141.00009155
v -20.19408607 13.50000000 141.57637024
v -20.74269295 13.50000000 142.08728027
v -21.35089111 13.50000000 142.52555847
v -22.00999069 13.50000000 142.88580322
v -22.71123695 13.50000000 143.16094971
v -23.43965530 13.50000000 143.34620667
v -24.19007683 13.50000000 143.43894958
v -24.94262314 13.50000000 143.43684387
v -25.69340134 13.50000000 143.33988953
v -26.42211914 13.50000000 143.14999390
v -27.12306404 13.50000000 142.87020874
v -27.77974701 13.50000000 142.50605774
v -28.38388634 13.50000000 142.06539917
v -28.92655373 13.50000000 141.55451965
v -29.40113068 13.50000000 140.98022461
v -29.80566597 13.50000000 140.34399414
v -30.12585640 13.50000000 139.66510010
v -30.36021423 13.50000000 138.94711304
v -30.50115013 13.50000000 138.20985413
v -30.54999924 13.50000000 137.44999695
v -30.50103378 13.50000000 136.68771362
v -30.35858345 13.50000000 135.94680786
v -30.12129784 13.50000000 135.22363281
v -29.79677963 13.50000000 134.54002380
v -29.38653374 13.50000000 133.89990234
v -28.90591431 13.50000000 133.32363892
v -28.35730553 13.50000000 132.81271362
v -27.74910927 13.50000000 132.37445068
v -27.09000969 13.50000000 132.01420593
v -26.38876343 13.50000000 131.73904419
v -25.66034508 13.50000000 131.55378723
v -24.90992355 13.50000000 131.46105957
v -24.15737724 13.50000000 131.46315002
v -23.40659904 13.50000000 131.56010437
v -22.67788124 13.50000000 131.75000000
v -21.97693634 13.50000000 132.02978516
v -21.32025337 13.50000000 132.39393616
v -20.71611404 13.50000000 132.83459473
v -20.17344666 13.50000000 133.34547424
v -19.69886971 13.50000000 133.91976929
v -19.29433441 13.50000000 134.55601501
v -18.97414398 13.50000000 135.23490906
v -18.73978424 13.50000000 135.95288086
v 21.45000076 13.50000000 137.44999695
v 21.40114975 13.50000000 136.69015503
v 21.40103340 13.50000000 138.21228027
v 21.25858307 13.50000000 138.95320129
v 21.02129745 13.50000000 139.67637634
v 20.69677925 13.50000000 140.35998535
v 20.28653336 13.50000000 141.00009155
v 19.80591393 13.50000000 141.57637024
v 19.25730705 13.50000000 142.08728027
v 18.64910889 13.50000000 142.52555847
v 17.99000931 13.50000000 142.88580322
v 17.28876305 13.50000000 143.16094971
v 16.56034470 13.50000000 143.34620667
v 15.80992413 13.50000000 143.43894958
v 15.05737591 13.50000000 143.43684387
v 14.30659866 13.50000000 143.33988953
v 13.57788181 13.50000000 143.14999390
v 12.87693691 13.50000000 142.87020874
v 12.22025299 13.50000000 142.50605774
v 11.61611462 13.50000000 142.06539917
v 11.07344723 13.50000000 141.55451965
v 10.59887028 13.50000000 140.98022461
v 10.19433498 13.50000000 140.34399414
v 9.87414455 13.50000000 139.66510010
v 9.63978481 13.50000000 138.94711304
v 9.49884987 13.50000000 138.20985413
v 9.44999981 13.50000000 137.44999695
v 9.49896717 13.50000000 136.68771362
v 9.64141750 13.50000000 135.94680786
v 9.87870216 13.50000000 135.22363281
v 10.20322037 13.50000000 134.54002380
v 10.61346626 13.50000000 133.89990234
v 11.09408665 13.50000000 133.32363892
v 11.64269352 13.50000000 132.81271362
v 12.25089073 13.50000000 132.37445068
v 12.90999031 13.50000000 132.01420593
v 13.61123753 13.50000000 131.73904419
v 14.33965588 13.50000000 131.55378723
v 15.09007645 13.50000000 131.46105957
v 15.84262371 13.50000000 131.46315002
v 16.59340096 13.50000000 131.56010437
v 17.32211876 13.50000000 131.75000000
v 18.02306366 13.50000000 132.02978516
v 18.67974663 13.50000000 132.39393616
v 19.28388596 13.50000000 132.83459473
v 19.82655334 13.50000000 133.34547424
v 20.30113029 13.50000000 133.91976929
v 20.70566559 13.50000000 134.55601501
v 21.02585602 13.50000000 135.23490906
v 21.26021576 13.50000000 135.95288086
v 41.45000076 13.50000000 132.44999695
v 41.40114975 13.50000000 131.69015503
v 41.40103149 13.50000000 133.21228027
v 41.25858307 13.50000000 133.95320129
v 41.02129745 13.50000000 134.67637634
v 40.69678116 13.50000000 135.35998535
v 40.28653336 13.50000000 136.00009155
v 39.80591202 13.50000000 136.57637024
v 39.25730515 13.50000000 137.08728027
v 38.64910889 13.50000000 137.52555847
v 37.99000931 13.50000000 137.88580322
v 37.28876114 13.50000000 138.16094971
v 36.56034470 13.50000000 138.34620667
v 35.80992508 13.50000000 138.43894958
v 35.05737686 13.50000000 138.43684387
v 34.30659866 13.50000000 138.33988953
v 33.57788086 13.50000000 138.14999390
v 32.87693787 13.50000000 137.87020874
v 32.22025299 13.50000000 137.50605774
v 31.61611366 13.50000000 137.06539917
v 31.07344627 13.50000000 136.55451965
v 30.59886932 13.50000000 135.98022461
v 30.19433403 13.50000000 135.34399414
v 29.87414360 13.50000000 134.66510010
v 29.63978577 13.50000000 133.94711304
v 29.49884987 13.50000000 133.20985413
v 29.45000076 13.50000000 132.44999695
v 29.49896622 13.50000000 131.68771362
v 29.64141655 13.50000000 130.94680786
v 29.87870216 13.50000000 130.22363281
v 30.20322037 13.50000000 129.54002380
v 30.61346626 13.50000000 128.89990234
v 31.09408569 13.50000000 128.32363892
v 31.64269447 13.50000000 127.81271362
v 32.25089264 13.50000000 127.37445068
v 32.90998840 13.50000000 127.01419830
v 33.61123657 13.50000000 126.73905182
v 34.33965683 13.50000000 126.55378723
v 35.09007645 13.50000000 126.46105957
v 35.84262466 13.50000000 126.46315765
v 36.59340286 13.50000000 126.56010437
v 37.32211685 13.50000000 126.75000763
v 38.02306366 13.50000000 127.02978516
v 38.67974854 13.50000000 127.39394379
v 39.28388596 13.50000000 127.83459473
v 39.82655334 13.50000000 128.34547424
v 40.30112839 13.50000000 128.91976929
v 40.70566559 13.50000000 129.55601501
v 41.02585602 13.50000000 130.23490906
v 41.26021576 13.50000000 130.95288086
v 1.45000005 13.50000000 144.44999695
v 1.40115023 13.50000000 143.69015503
v 1.40103292 13.50000000 145.21228027
v 1.25858295 13.50000000 145.95320129
v 1.02129781 13.50000000 146.67637634
v 0.69677955 13.50000000 147.35998535
v 0.28653359 13.50000000 148.00009155
v -0.19408637 13.50000000 148.57637024
v -0.74269384 13.50000000 149.08728027
v -1.35089087 13.50000000 149.52555847
v -2.00999022 13.50000000 149.88580322
v -2.71123743 13.50000000 150.16094971
v -3.43965554 13.50000000 150.34620667
v -4.19007587 13.50000000 150.43894958
v -4.94262362 13.50000000 150.43684387
v -5.69340134 13.50000000 150.33988953
v -6.42211866 13.50000000 150.14999390
v -7.12306309 13.50000000 149.87020874
v -7.77974749 13.50000000 149.50605774
v -8.38388538 13.50000000 149.06539917
v -8.92655277 13.50000000 148.55451965
v -9.40112972 13.50000000 147.98022461
v -9.80566502 13.50000000 147.34399414
v -10.12585545 13.50000000 146.66510010
v -10.36021519 13.50000000 145.94711304
v -10.50115013 13.50000000 145.20985413
v -10.55000019 13.50000000 144.44999695
v -10.50103283 13.50000000 143.68771362
v -10.35858250 13.50000000 142.94680786
v -10.12129784 13.50000000 142.22363281
v -9.79677963 13.50000000 141.54002380
v -9.38653374 13.50000000 140.89990234
v -8.90591335 13.50000000 140.32363892
v -8.35730648 13.50000000 139.81271362
v -7.74910927 13.50000000 139.37445068
v -7.09000969 13.50000000 139.01420593
v -6.38876247 13.50000000 138.73904419
v -5.66034460 13.50000000 138.55378723
v -4.90992403 13.50000000 138.46105957
v -4.15737629 13.50000000 138.46315002
v -3.40659857 13.50000000 138.56010437
v -2.67788148 13.50000000 138.75000000
v -1.97693670 13.50000000 139.02978516
v -1.32025254 13.50000000 139.39393616
v -0.71611446 13.50000000 139.83459473
v -0.17344682 13.50000000 140.34547424
v 0.30113009 13.50000000 140.91976929
v 0.70566529 13.50000000 141.55601501
v 1.02585554 13.50000000 142.23490906
v 1.26021504 13.50000000 142.95288086
v -34.54999924 14.50000000 75.94999695
v 35.45000076 14.50000000 69.44999695
v 35.45000076 14.50000000 48.00000000
v 35.45000076 4.65000010 69.44999695
v -34.54999924 14.50000000 48.00000000
v -34.54999924 19.00000000 48.00000000
v 35.45000076 19.00000000 48.00000000
v 35.45000076 19.00000000 42.00000000
v 35.45000076 4.65000010 59.25000000
v -34.54999924 14.50000000 102.19999695
v -34.54999924 14.50000000 93.44999695
v -34.54999924 22.64999962 119.69999695
v -34.54999924 4.65000010 119.69999695
v -54.54999924 22.64999962 112.19999695
v -34.54999924 4.65000010 93.44999695
v -34.54999924 4.65000010 102.19999695
v -54.54999924 4.65000010 102.19999695
v -34.54999924 22.64999962 102.19999695
v -34.54999924 22.64999962 93.44999695
v -45.09414291 18.68631935 93.44999695
v -46.59478760 20.01696777 93.44999695
v -45.40757751 19.08625603 93.44999695
v -45.76363373 19.44232559 93.44999695
v -46.16356277 19.75577736 93.44999695
v -34.54999924 4.65000010 75.94999695
v -54.54999924 4.65000010 83.44999695
v -34.54999924 22.64999962 75.94999695
v -34.54999924 19.00000000 42.00000000
v -34.54999924 -16.40110016 66.90000153
v -34.54999924 0.15000001 59.25000000
v -34.54999924 4.65000010 59.25000000
v -34.54999924 -4.84999990 76.69999695
v -34.54999924 0.15000001 76.69999695
v -32.54999924 0.15000001 59.25000000
v -54.54999924 -4.84999990 84.19999695
v -32.54999924 0.15000001 78.08599854
v -54.54999924 0.15000001 84.19999695
v -34.54999924 -16.40110016 88.69999695
v -24.11965179 -16.40110016 128.41000366
v -34.54999924 -16.40110016 108.44999695
v -34.54999924 -16.40110016 42.00000000
v -25.85111046 -25.09998894 66.90000153
v -24.11965179 -16.40110016 66.90000153
v -32.54999924 0.15000001 42.00000000
v -32.54999924 -14.40110016 42.00000000
v -25.85111046 -25.09998894 42.00000000
v -24.18071938 11.69371414 42.00000000
v -26.18412209 10.58723354 42.00000000
v -26.36395645 10.30383015 42.00000000
v -25.96859741 10.84751797 42.00000000
v -25.72477531 11.07723331 42.00000000
v -25.45232773 11.27576447 42.00000000
v -25.15749359 11.43930435 42.00000000
v -24.84384918 11.56413841 42.00000000
v -24.51439667 11.65034389 42.00000000
v -54.54999924 4.65000010 93.44999695
v 33.25000000 0.15000001 59.25000000
v 33.45000076 0.15000001 59.25000000
v 34.95000076 0.15000001 59.25000000
v 24.51439667 -6.34965611 59.25000000
v 21.29999924 -9.00000000 59.25000000
v 10.55000019 -22.60000038 59.25000000
v -22.27522469 -6.92276716 59.25000000
v -32.34999847 0.15000001 59.25000000
v -26.70000076 -9.00000000 59.25000000
v 35.45000076 0.15000001 59.25000000
v 21.32255554 -8.65509892 59.25000000
v 24.18071938 -6.30628538 59.25000000
v 23.84094810 -6.30492735 59.25000000
v 23.50707817 -6.34554434 59.25000000
v 23.17739868 -6.42882776 59.25000000
v 22.86270142 -6.55124235 59.25000000
v 22.56547165 -6.71300745 59.25000000
v 22.28992081 -6.91061306 59.25000000
v 22.04261398 -7.14078331 59.25000000
v 21.82334137 -7.40260506 59.25000000
v 21.64053345 -7.68819427 59.25000000
v 21.49282646 -7.99918556 59.25000000
v 21.38647079 -8.32222271 59.25000000
v -26.67744446 -8.65509892 59.25000000
v -22.03140259 -7.15248203 59.25000000
v -22.54767227 -6.72423601 59.25000000
v -22.84250641 -6.56069613 59.25000000
v -23.15615082 -6.43586206 59.25000000
v -23.48560333 -6.34965611 59.25000000
v -23.81928062 -6.30628538 59.25000000
v -24.15905190 -6.30492735 59.25000000
v -24.49292183 -6.34554434 59.25000000
v -24.82260132 -6.42882776 59.25000000
v -25.13729858 -6.55124235 59.25000000
v -25.43452835 -6.71300745 59.25000000
v -25.71007919 -6.91061306 59.25000000
v -25.95738602 -7.14078331 59.25000000
v -26.17665863 -7.40260506 59.25000000
v -26.35946655 -7.68819427 59.25000000
v -26.50717354 -7.99918556 59.25000000
v -26.61352921 -8.32222271 59.25000000
v 33.25000000 0.15000001 42.00000000
v 34.45000076 -9.85000038 59.25000000
v 34.45000076 -14.76506996 59.25000000
v 33.45000076 -15.12904072 59.25000000
v 33.45000076 0.15000001 42.00000000
v 25.96859741 -7.15248203 59.25000000
v 33.25000000 -14.33787537 59.25000000
v 33.25000000 -14.33787537 42.00000000
v 25.72477531 -6.92276716 59.25000000
v 25.45232773 -6.72423601 59.25000000
v 25.15749359 -6.56069613 59.25000000
v 24.84384918 -6.43586206 59.25000000
v 23.15615082 -11.56413841 59.25000000
v 23.48560333 -11.65034389 59.25000000
v 23.81928062 -11.69371414 59.25000000
v 24.15905190 -11.69507217 59.25000000
v 24.49292183 -11.65445518 59.25000000
v 24.82260132 -11.57117176 59.25000000
v 25.13729858 -11.44875813 59.25000000
v 25.43452835 -11.28699303 59.25000000
v 25.71007919 -11.08938694 59.25000000
v 25.95738602 -10.85921669 59.25000000
v 26.17665863 -10.59739494 59.25000000
v 26.35946655 -10.31180573 59.25000000
v 26.50717354 -10.00081444 59.25000000
v 26.61352921 -9.67777729 59.25000000
v 26.67744446 -9.34490108 59.25000000
v 26.70000076 -9.00000000 59.25000000
v 26.67734909 -8.65613365 59.25000000
v 26.61413574 -8.32486248 59.25000000
v 26.50932121 -8.00420952 59.25000000
v 26.36395645 -7.69616985 59.25000000
v 26.18412209 -7.41276598 59.25000000
v -23.50707817 -11.65445518 59.25000000
v -23.60000038 -22.60000038 59.25000000
v 10.55000019 -22.60000038 42.00000000
v 21.32265091 -9.34386635 59.25000000
v 21.38586426 -9.67513752 59.25000000
v 21.49067879 -9.99579048 59.25000000
v 21.63604355 -10.30383015 59.25000000
v 21.81587791 -10.58723354 59.25000000
v 22.03140259 -10.84751797 59.25000000
v 22.27522469 -11.07723331 59.25000000
v 22.54767227 -11.27576447 59.25000000
v 22.84250641 -11.43930435 59.25000000
v -23.17739868 -11.57117176 59.25000000
v -22.86270142 -11.44875813 59.25000000
v -22.56547165 -11.28699303 59.25000000
v -22.28992081 -11.08938694 59.25000000
v -22.04261398 -10.85921669 59.25000000
v -21.82334137 -10.59739494 59.25000000
v -21.64053345 -10.31180573 59.25000000
v -21.49282646 -10.00081444 59.25000000
v -21.38647079 -9.67777729 59.25000000
v -21.32255554 -9.34490108 59.25000000
v -21.29999924 -9.00000000 59.25000000
v -21.32265091 -8.65613365 59.25000000
v -21.38586426 -8.32486248 59.25000000
v -21.49067879 -8.00420952 59.25000000
v -21.63604355 -7.69616985 59.25000000
v -21.81587791 -7.41276598 59.25000000
v -32.34999847 -13.85000038 59.25000000
v -32.34999847 -13.85000038 42.00000000
v -26.61413574 -9.67513752 59.25000000
v -26.50932121 -9.99579048 59.25000000
v -26.36395645 -10.30383015 59.25000000
v -26.18412209 -10.58723354 59.25000000
v -25.96859741 -10.84751797 59.25000000
v -25.72477531 -11.07723331 59.25000000
v -25.45232773 -11.27576447 59.25000000
v -25.15749359 -11.43930435 59.25000000
v -24.84384918 -11.56413841 59.25000000
v -24.51439667 -11.65034389 59.25000000
v -24.18071938 -11.69371414 59.25000000
v -23.84094810 -11.69507217 59.25000000
v -23.60000038 -22.60000038 42.00000000
v -32.34999847 0.15000001 42.00000000
v -26.67734909 -9.34386635 59.25000000
v -32.54999924 -14.40110016 63.90000153
v 34.95000076 0.15000001 73.34912872
v 35.45000076 -16.52945518 69.44999695
v 35.45000076 0.15000001 69.44999695
v 34.45000076 -9.85000038 71.49913025
v 34.45000076 -14.76506996 71.49913025
v 11.55000019 -23.09998894 128.01870728
v 33.45000076 -15.12904072 42.00000000
v 21.29999924 -9.00000000 42.00000000
v 21.32265091 -8.65613365 42.00000000
v 21.32255554 -9.34490108 42.00000000
v 21.38647079 -9.67777729 42.00000000
v 21.49282646 -10.00081444 42.00000000
v 21.64053345 -10.31180573 42.00000000
v 21.82334137 -10.59739494 42.00000000
v 22.04261398 -10.85921669 42.00000000
v 22.28992081 -11.08938694 42.00000000
v 22.56547165 -11.28699303 42.00000000
v 22.86270142 -11.44875813 42.00000000
v 23.17739868 -11.57117176 42.00000000
v 23.50707817 -11.65445518 42.00000000
v 23.84094810 -11.69507217 42.00000000
v 24.18071938 -11.69371414 42.00000000
v 24.51439667 -11.65034389 42.00000000
v 24.84384918 -11.56413841 42.00000000
v 25.15749359 -11.43930435 42.00000000
v 25.45232773 -11.27576447 42.00000000
v 25.72477531 -11.07723331 42.00000000
v 25.96859741 -10.84751797 42.00000000
v 26.18412209 -10.58723354 42.00000000
v 26.36395645 -10.30383015 42.00000000
v 26.50932121 -9.99579048 42.00000000
v 26.61413574 -9.67513752 42.00000000
v 26.67734909 -9.34386635 42.00000000
v 26.70000076 -9.00000000 42.00000000
v 26.67744446 -8.65509892 42.00000000
v 26.61352921 -8.32222271 42.00000000
v 26.50717354 -7.99918556 42.00000000
v 26.35946655 -7.68819427 42.00000000
v 26.17665863 -7.40260506 42.00000000
v 25.95738602 -7.14078331 42.00000000
v 25.71007919 -6.91061306 42.00000000
v 25.43452835 -6.71300745 42.00000000
v 25.13729858 -6.55124235 42.00000000
v 24.82260132 -6.42882776 42.00000000
v 24.49292183 -6.34554434 42.00000000
v 24.15905190 -6.30492735 42.00000000
v 23.81928062 -6.30628538 42.00000000
v 23.48560333 -6.34965611 42.00000000
v 23.15615082 -6.43586206 42.00000000
v 22.84250641 -6.56069613 42.00000000
v 22.54767227 -6.72423601 42.00000000
v 22.27522469 -6.92276716 42.00000000
v 22.03140259 -7.15248203 42.00000000
v 21.81587791 -7.41276598 42.00000000
v 21.63604355 -7.69616985 42.00000000
v 21.49067879 -8.00420952 42.00000000
v 21.38586426 -8.32486248 42.00000000
v -26.70000076 -9.00000000 42.00000000
v -26.67734909 -8.65613365 42.00000000
v -26.67744446 -9.34490108 42.00000000
v -26.61352921 -9.67777729 42.00000000
v -26.50717354 -10.00081444 42.00000000
v -26.35946655 -10.31180573 42.00000000
v -26.17665863 -10.59739494 42.00000000
v -25.95738602 -10.85921669 42.00000000
v -25.71007919 -11.08938694 42.00000000
v -25.43452835 -11.28699303 42.00000000
v -25.13729858 -11.44875813 42.00000000
v -24.82260132 -11.57117176 42.00000000
v -24.49292183 -11.65445518 42.00000000
v -24.15905190 -11.69507217 42.00000000
v -23.81928062 -11.69371414 42.00000000
v -23.48560333 -11.65034389 42.00000000
v -23.15615082 -11.56413841 42.00000000
v -22.84250641 -11.43930435 42.00000000
v -22.54767227 -11.27576447 42.00000000
v -22.27522469 -11.07723331 42.00000000
v -22.03140259 -10.84751797 42.00000000
v -21.81587791 -10.58723354 42.00000000
v -21.63604355 -10.30383015 42.00000000
v -21.49067879 -9.99579048 42.00000000
v -21.38586426 -9.67513752 42.00000000
v -21.32265091 -9.34386635 42.00000000
v -21.29999924 -9.00000000 42.00000000
v -21.32255554 -8.65509892 42.00000000
v -21.38647079 -8.32222271 42.00000000
v -21.49282646 -7.99918556 42.00000000
v -21.64053345 -7.68819427 42.00000000
v -21.82334137 -7.40260506 42.00000000
v -22.04261398 -7.14078331 42.00000000
v -22.28992081 -6.91061306 42.00000000
v -22.56547165 -6.71300745 42.00000000
v -22.86270142 -6.55124235 42.00000000
v -23.17739868 -6.42882776 42.00000000
v -23.50707817 -6.34554434 42.00000000
v -23.84094810 -6.30492735 42.00000000
v -24.18071938 -6.30628538 42.00000000
v -24.51439667 -6.34965611 42.00000000
v -24.84384918 -6.43586206 42.00000000
v -25.15749359 -6.56069613 42.00000000
v -25.45232773 -6.72423601 42.00000000
v -25.72477531 -6.92276716 42.00000000
v -25.96859741 -7.15248203 42.00000000
v -26.18412209 -7.41276598 42.00000000
v -26.36395645 -7.69616985 42.00000000
v -26.50932121 -8.00420952 42.00000000
v -26.61413574 -8.32486248 42.00000000
v 35.45000076 -16.52945518 42.00000000
v 11.90265369 -25.09998894 42.00000000
v 11.55000019 -23.09998894 42.00000000
v -21.29999924 9.00000000 42.00000000
v 22.54767227 11.27576447 42.00000000
v -21.32255554 9.34490108 42.00000000
v -23.84094810 11.69507217 42.00000000
v -23.50707817 11.65445518 42.00000000
v -23.17739868 11.57117176 42.00000000
v -22.86270142 11.44875813 42.00000000
v -22.56547165 11.28699303 42.00000000
v -22.28992081 11.08938694 42.00000000
v -22.04261398 10.85921669 42.00000000
v -21.82334137 10.59739494 42.00000000
v -21.64053345 10.31180573 42.00000000
v -21.49282646 10.00081444 42.00000000
v -21.38647079 9.67777729 42.00000000
v 26.67744446 9.34490108 42.00000000
v 26.70000076 9.00000000 42.00000000
v 22.84250641 11.43930435 42.00000000
v 23.15615082 11.56413841 42.00000000
v 23.48560333 11.65034389 42.00000000
v 23.81928062 11.69371414 42.00000000
v 24.15905190 11.69507217 42.00000000
v 24.49292183 11.65445518 42.00000000
v 24.82260132 11.57117176 42.00000000
v 25.13729858 11.44875813 42.00000000
v 25.43452835 11.28699303 42.00000000
v 25.71007919 11.08938694 42.00000000
v 25.95738602 10.85921669 42.00000000
v 26.17665863 10.59739494 42.00000000
v 26.35946655 10.31180573 42.00000000
v 26.50717354 10.00081444 42.00000000
v 26.61352921 9.67777729 42.00000000
v 11.90265369 -25.09998894 128.41000366
v -23.85111046 -23.09998894 42.00000000
v -19.09734535 -25.09998894 66.90000153
v 35.45000076 -16.52945518 128.41000366
v 13.86493301 -24.38577843 128.41000366
v 15.82721138 -23.67156601 128.41000366
v 17.78948975 -22.95735550 128.41000366
v 19.75177002 -22.24314499 128.41000366
v 21.71404839 -21.52893257 128.41000366
v 23.67632675 -20.81472206 128.41000366
v 25.63860512 -20.10051155 128.41000366
v 27.60088539 -19.38629913 128.41000366
v 29.56316376 -18.67208862 128.41000366
v 31.52544212 -17.95787811 128.41000366
v 33.48772049 -17.24366570 128.41000366
v 21.63604355 10.30383015 42.00000000
v 21.49067879 9.99579048 42.00000000
v 21.81587791 10.58723354 42.00000000
v 22.03140259 10.84751797 42.00000000
v 22.27522469 11.07723331 42.00000000
v -26.67744446 8.65509892 42.00000000
v -26.70000076 9.00000000 42.00000000
v -26.61352921 8.32222271 42.00000000
v -26.50717354 7.99918556 42.00000000
v -26.35946655 7.68819427 42.00000000
v -26.17665863 7.40260506 42.00000000
v -25.95738602 7.14078331 42.00000000
v -25.71007919 6.91061306 42.00000000
v -25.43452835 6.71300745 42.00000000
v -25.13729858 6.55124235 42.00000000
v -24.82260132 6.42882776 42.00000000
v -24.49292183 6.34554434 42.00000000
v -24.15905190 6.30492735 42.00000000
v -23.81928062 6.30628538 42.00000000
v -23.48560333 6.34965611 42.00000000
v -23.15615082 6.43586206 42.00000000
v -22.84250641 6.56069613 42.00000000
v -22.54767227 6.72423601 42.00000000
v -22.27522469 6.92276716 42.00000000
v -22.03140259 7.15248203 42.00000000
v -21.81587791 7.41276598 42.00000000
v -21.63604355 7.69616985 42.00000000
v -21.49067879 8.00420952 42.00000000
v -21.32265091 8.65613365 42.00000000
v -21.38586426 8.32486248 42.00000000
v -21.29999924 9.00000000 48.00000000
v -21.32265091 9.34386635 48.00000000
v -21.32255554 8.65509892 48.00000000
v -21.38647079 8.32222271 48.00000000
v -21.49282646 7.99918556 48.00000000
v -21.64053345 7.68819427 48.00000000
v -21.82334137 7.40260506 48.00000000
v -22.04261398 7.14078331 48.00000000
v -22.28992081 6.91061306 48.00000000
v -22.56547165 6.71300745 48.00000000
v -22.86270142 6.55124235 48.00000000
v -23.17739868 6.42882776 48.00000000
v -23.50707817 6.34554434 48.00000000
v -23.84094810 6.30492735 48.00000000
v -24.18071938 6.30628538 48.00000000
v -24.51439667 6.34965611 48.00000000
v -24.84384918 6.43586206 48.00000000
v -25.15749359 6.56069613 48.00000000
v -25.45232773 6.72423601 48.00000000
v -25.72477531 6.92276716 48.00000000
v -25.96859741 7.15248203 48.00000000
v -26.18412209 7.41276598 48.00000000
v -26.36395645 7.69616985 48.00000000
v -26.50932121 8.00420952 48.00000000
v -26.61413574 8.32486248 48.00000000
v -26.67734909 8.65613365 48.00000000
v -26.67734909 9.34386635 42.00000000
v -26.70000076 9.00000000 48.00000000
v -26.61413574 9.67513752 42.00000000
v -26.67744446 9.34490108 48.00000000
v -26.50932121 9.99579048 42.00000000
v -26.61352921 9.67777729 48.00000000
v -26.50717354 10.00081444 48.00000000
v -26.35946655 10.31180573 48.00000000
v -26.17665863 10.59739494 48.00000000
v -25.95738602 10.85921669 48.00000000
v -25.71007919 11.08938694 48.00000000
v -25.43452835 11.28699303 48.00000000
v -25.13729858 11.44875813 48.00000000
v -24.82260132 11.57117176 48.00000000
v -24.49292183 11.65445518 48.00000000
v -24.15905190 11.69507217 48.00000000
v -23.81928062 11.69371414 48.00000000
v -23.48560333 11.65034389 48.00000000
v -23.15615082 11.56413841 48.00000000
v -22.84250641 11.43930435 48.00000000
v -22.54767227 11.27576447 48.00000000
v -22.27522469 11.07723331 48.00000000
v -22.03140259 10.84751797 48.00000000
v -21.81587791 10.58723354 48.00000000
v -21.63604355 10.30383015 48.00000000
v -21.49067879 9.99579048 48.00000000
v -21.38586426 9.67513752 48.00000000
v 26.67734909 8.65613365 42.00000000
v 26.70000076 9.00000000 48.00000000
v 26.67734909 9.34386635 48.00000000
v 26.61413574 8.32486248 42.00000000
v 26.67744446 8.65509892 48.00000000
v 26.50932121 8.00420952 42.00000000
v 26.61352921 8.32222271 48.00000000
v 26.36395645 7.69616985 42.00000000
v 26.50717354 7.99918556 48.00000000
v 26.18412209 7.41276598 42.00000000
v 26.35946655 7.68819427 48.00000000
v 25.96859741 7.15248203 42.00000000
v 26.17665863 7.40260506 48.00000000
v 25.72477531 6.92276716 42.00000000
v 25.95738602 7.14078331 48.00000000
v 25.45232773 6.72423601 42.00000000
v 25.71007919 6.91061306 48.00000000
v 25.15749359 6.56069613 42.00000000
v 25.43452835 6.71300745 48.00000000
v 24.84384918 6.43586206 42.00000000
v 25.13729858 6.55124235 48.00000000
v 24.51439667 6.34965611 42.00000000
v 24.82260132 6.42882776 48.00000000
v 24.18071938 6.30628538 42.00000000
v 24.49292183 6.34554434 48.00000000
v 23.84094810 6.30492735 42.00000000
v 24.15905190 6.30492735 48.00000000
v 23.50707817 6.34554434 42.00000000
v 23.81928062 6.30628538 48.00000000
v 23.17739868 6.42882776 42.00000000
v 23.48560333 6.34965611 48.00000000
v 22.86270142 6.55124235 42.00000000
v 23.15615082 6.43586206 48.00000000
v 22.56547165 6.71300745 42.00000000
v 22.84250641 6.56069613 48.00000000
v 22.28992081 6.91061306 42.00000000
v 22.54767227 6.72423601 48.00000000
v 22.04261398 7.14078331 42.00000000
v 22.27522469 6.92276716 48.00000000
v 21.82334137 7.40260506 42.00000000
v 22.03140259 7.15248203 48.00000000
v 21.64053345 7.68819427 42.00000000
v 21.81587791 7.41276598 48.00000000
v 21.49282646 7.99918556 42.00000000
v 21.63604355 7.69616985 48.00000000
v 21.38647079 8.32222271 42.00000000
v 21.49067879 8.00420952 48.00000000
v 21.32255554 8.65509892 42.00000000
v 21.38586426 8.32486248 48.00000000
v 21.29999924 9.00000000 42.00000000
v 21.32265091 8.65613365 48.00000000
v 21.32265091 9.34386635 42.00000000
v 21.29999924 9.00000000 48.00000000
v 21.38586426 9.67513752 42.00000000
v 21.32255554 9.34490108 48.00000000
v 21.38647079 9.67777729 48.00000000
v 21.49282646 10.00081444 48.00000000
v 21.64053345 10.31180573 48.00000000
v 21.82334137 10.59739494 48.00000000
v 22.04261398 10.85921669 48.00000000
v 22.28992081 11.08938694 48.00000000
v 22.56547165 11.28699303 48.00000000
v 22.86270142 11.44875813 48.00000000
v 23.17739868 11.57117176 48.00000000
v 23.50707817 11.65445518 48.00000000
v 23.84094810 11.69507217 48.00000000
v 24.18071938 11.69371414 48.00000000
v 24.51439667 11.65034389 48.00000000
v 24.84384918 11.56413841 48.00000000
v 25.15749359 11.43930435 48.00000000
v 25.45232773 11.27576447 48.00000000
v 25.72477531 11.07723331 48.00000000
v 25.96859741 10.84751797 48.00000000
v 26.18412209 10.58723354 48.00000000
v 26.36395645 10.30383015 48.00000000
v 26.50932121 9.99579048 48.00000000
v 26.61413574 9.67513752 48.00000000
v -23.85111046 -23.09998894 63.90000153
v -23.85111046 -23.09998894 66.40000153
v -17.94264603 -23.09998894 66.40000153
v 45.45000076 0.15000001 106.44999695
v 37.45000076 -16.52945518 128.41000366
v 45.45000076 -16.52945518 106.44999695
v 45.45000076 -16.52945518 128.41000366
v 43.45600128 -16.52945518 128.41000366
v 41.45399857 -16.52945518 128.41000366
v 39.45199966 -16.52945518 128.41000366
v 43.45000076 0.15000001 104.79913330
v 11.48238850 -24.03009987 131.21400452
v -19.09734535 -25.09998894 128.41000366
v -16.79999924 -14.40110016 156.44999695
v 15.16971302 -22.84341049 131.07829285
v 13.32605076 -23.43675423 131.14614868
v 17.01337624 -22.25006676 131.01043701
v 18.85703850 -21.65672112 130.94258118
v 20.70070076 -21.06337738 130.87472534
v 22.54436302 -20.47003174 130.80686951
v 24.38802528 -19.87668800 130.73901367
v 26.23168755 -19.28334236 130.67115784
v 28.07534981 -18.68999863 130.60330200
v 29.91901207 -18.09665298 130.53544617
v 31.76267433 -17.50330925 130.46759033
v 33.60633850 -16.90996552 130.39973450
v 37.45000076 -16.17473030 131.50717163
v 35.45000076 -16.31661987 130.33187866
v -23.30635643 -16.17887688 131.52555847
v -17.61329460 -14.62332249 153.33444214
v -18.42658997 -14.84554482 150.21888733
v -19.23988342 -15.06776714 147.10333252
v -20.05317879 -15.28998852 143.98777771
v -20.86647224 -15.51221085 140.87222290
v -21.67976761 -15.73443317 137.75666809
v -22.49306297 -15.95665550 134.64111328
v -33.39918518 -16.40110016 128.41000366
v -34.54999924 -16.40110016 128.41000366
v -34.54999924 -12.14998817 120.44999695
v -32.23909760 -16.40110016 128.41000366
v -31.07901192 -16.40110016 128.41000366
v -29.91892624 -16.40110016 128.41000366
v -28.75883865 -16.40110016 128.41000366
v -27.59875298 -16.40110016 128.41000366
v -26.43866539 -16.40110016 128.41000366
v -25.27857971 -16.40110016 128.41000366
v -54.54999924 -4.84999990 112.94999695
v -34.54999924 -4.84999990 120.44999695
v -33.31842422 -16.20109940 130.68020630
v -34.54999924 -16.17887688 130.85888672
v -32.07692719 -16.20109940 130.74693298
v -30.83543015 -16.20109940 130.81365967
v -29.59393311 -16.20109940 130.88040161
v -28.35243607 -16.20109940 130.94712830
v -27.11093903 -16.20109940 131.01387024
v -25.86944008 -16.20109940 131.08059692
v -24.62794304 -16.20109940 131.14733887
v -54.54999924 0.15000001 112.94999695
v -46.54999924 0.15000001 83.33599854
v -32.54999924 -3.49799657 78.08599854
v -46.54999924 0.15000001 113.81399536
v -46.54999924 -3.16083407 83.33599854
v -34.02748871 -4.03772879 78.64006042
v -46.04381561 -4.03772879 83.14617920
v -34.54999924 0.15000001 120.44999695
v -34.54999924 0.15000001 118.31399536
v -46.54999924 -3.16083407 113.81399536
v -27.54999924 0.15000001 113.44999695
v -34.54999924 0.15000001 113.44999695
v -34.54999924 -8.71977425 113.44999695
v -34.54999924 -4.03772879 118.31399536
v -46.04381561 -4.03772879 114.00382233
v -27.54999924 -14.40110016 113.44999695
v -32.54999924 -8.96684456 113.44999695
v -27.54999924 0.15000001 120.44999695
v -27.54999924 -14.40110016 120.44999695
v -32.54999924 -12.14998817 120.44999695
v -32.54999924 -14.40110016 120.44999695
v -32.54999924 -14.40110016 89.27848816
v -23.85111046 -14.40110016 63.90000153
v -33.68699646 -14.40110016 89.27848816
v -23.85111046 -14.40110016 66.40000153
v -22.96495056 -14.40110016 66.40000153
v -34.01393890 -14.40110016 107.74890900
v -34.01393890 -14.40110016 89.40109253
v -17.94264603 -23.09998894 128.04139709
v 11.52276993 -23.09998894 128.04139709
v 13.34410286 -21.42983437 130.50335693
v 35.45000076 -14.40110016 75.19912720
v 13.57610416 -22.36254692 128.03283691
v 11.16551876 -22.14030838 130.55656433
v -22.96283340 -14.40110016 128.15278625
v -17.96714211 -23.05755997 128.15260315
v -16.86973190 -17.94684601 141.54692078
v 9.60424614 -17.94684601 141.54692078
v 9.98773670 -18.97681236 138.84756470
v 10.77326298 -21.08665657 133.31800842
v 10.56355572 -20.52338791 134.79423523
v 10.38067913 -20.03219986 136.08155823
v 35.13058472 -14.51735687 128.41000366
v 35.45000076 -14.40110016 128.41000366
v 37.45000076 -14.40110016 109.44999695
v 35.11575317 -14.52275562 128.37742615
v 35.11575317 -14.52275562 128.34487915
v 35.10094070 -14.52814770 128.31234741
v 33.19949722 -15.22021580 128.27464294
v 31.28714561 -15.91625500 128.23957825
v 29.36388016 -16.61626625 128.20718384
v 27.42970467 -17.32024765 128.17744446
v 25.48493385 -18.02808762 128.15072632
v 23.52946281 -18.73982048 128.12693787
v 21.56266022 -19.45567894 128.10527039
v 19.58388901 -20.17589188 128.08500671
v 17.59305000 -20.90049934 128.06597900
v 15.59045410 -21.62938309 128.04858398
v 43.45000076 -14.40110016 104.79913330
v 36.78292847 -14.51673985 128.41000366
v 43.45000076 -14.51324177 128.41000366
v 41.83574677 -14.51424694 128.41000366
v 40.15156174 -14.51518536 128.41000366
v 43.45000076 -14.40110016 128.41000366
v 39.28924179 -14.51562023 128.41000366
v 38.46729660 -14.51600933 128.41000366
v 43.45000076 -14.40110016 115.44999695
v 37.45000076 -14.40110016 115.44999695
v 35.12999344 -14.32043266 130.19841003
v 32.95147324 -15.02846622 130.20117188
v 30.77138329 -15.73747349 130.21441650
v 28.59186172 -16.44752312 130.23385620
v 26.41282654 -17.15841293 130.25900269
v 24.23419189 -17.86993408 130.28939819
v 22.05587387 -18.58188057 130.32455444
v 19.87779045 -19.29405022 130.36401367
v 17.69985580 -20.00623512 130.40727234
v 15.52198792 -20.71823120 130.45388794
v 43.45000076 0.15000001 109.44999695
v 45.45000076 0.15000001 115.44999695
v 37.45000076 0.15000001 115.44999695
v 45.45000076 -12.14998817 115.44999695
v 43.45000076 -12.14998817 115.44999695
v 37.45000076 0.15000001 109.44999695
v 43.45000076 -14.40110016 109.44999695
v 45.45000076 -12.14998817 144.44999695
v 45.45000076 -16.10378456 131.61799622
v 45.45000076 -15.67811298 134.82600403
v 45.45000076 -15.25244236 138.03399658
v 45.45000076 -14.82677078 141.24200439
v 45.45000076 -14.40110016 144.44999695
v 7.69999981 -12.14998817 156.44999695
v 43.45000076 -12.14998817 141.54692078
v 43.45600128 -15.82000351 133.96795654
v 43.45600128 -16.17473030 131.18898010
v 43.45600128 -15.46527767 136.74693298
v 43.45600128 -15.11055183 139.52590942
v 43.45600128 -14.75582600 142.30488586
v 43.45600128 -14.40110016 145.08384705
v -32.54999924 -12.14998817 141.54692078
v -32.54999924 -13.24347115 141.54692078
v -16.79999924 -12.14998817 156.44999695
v -34.54999924 -12.14998817 150.44999695
v -32.54999924 -14.40110016 128.32388306
v -32.54999924 -14.25816154 129.97651672
v -32.54999924 -14.11467743 131.62919617
v -32.54999924 -13.97064781 133.28196716
v -32.54999924 -13.82602692 134.93479919
v -32.54999924 -13.68093872 136.58770752
v -32.54999924 -13.53550625 138.24069214
v -32.54999924 -13.38968658 139.89376831
v 43.45000076 -12.83553982 141.54692078
v -30.60862160 -13.28334427 141.54692078
v -19.45039749 -13.47683716 141.54692078
v 35.30480957 -13.06539440 141.54692078
v -28.63518906 -13.32188892 141.54692078
v -26.64133835 -13.35884953 141.54692078
v -26.10854530 -13.36839676 141.54692078
v -24.75113487 -13.39211750 141.54692078
v -22.88822556 -13.42330933 141.54692078
v -21.00819778 -13.45321941 141.54692078
v 36.75087357 -13.02937126 141.54692078
v 38.42912292 -12.98513508 141.54692078
v 39.45703125 -12.95672131 141.54692078
v 40.10590744 -12.93823338 141.54692078
v 41.79535675 -12.88792992 141.54692078
v 43.45000076 -13.11542797 139.35745239
v 43.45000076 -13.95446110 132.78900146
v 43.45000076 -14.23390961 130.59950256
v 43.45000076 -13.67489052 134.97850037
v 43.45000076 -13.39520931 137.16796875
v 7.69999981 -14.40110016 156.44999695
v 10.01249981 -14.40110016 155.71490479
v 41.45399857 -14.40110016 145.72024536
v 39.45199966 -14.40110016 146.35664368
v 37.45000076 -14.40110016 146.99304199
v 35.45000076 -14.40110016 147.62881470
v 33.13750076 -14.40110016 148.36390686
v 30.82500076 -14.40110016 149.09899902
v 28.51250076 -14.40110016 149.83410645
v 26.20000076 -14.40110016 150.56919861
v 23.88750076 -14.40110016 151.30430603
v 21.57500076 -14.40110016 152.03939819
v 19.26250076 -14.40110016 152.77450562
v 16.95000076 -14.40110016 153.50959778
v 14.63749981 -14.40110016 154.24470520
v 12.32499981 -14.40110016 154.97979736
v -34.54999924 -14.40110016 150.44999695
v -32.59158325 -14.40110016 151.11199951
v -18.77222252 -14.40110016 155.78334045
v -20.74641609 -14.40110016 155.11599731
v -22.72061157 -14.40110016 154.44866943
v -24.69480515 -14.40110016 153.78132629
v -26.66900063 -14.40110016 153.11399841
v -28.64319420 -14.40110016 152.44667053
v -30.61738968 -14.40110016 151.77932739
v -34.54999924 -14.62332249 148.00111389
v -34.54999924 -14.84554482 145.55221558
v -34.54999924 -15.06776714 143.10333252
v -34.54999924 -15.28998852 140.65444946
v -34.54999924 -15.51221085 138.20555115
v -34.54999924 -15.73443317 135.75666809
v -34.54999924 -15.95665550 133.30778503
v -31.69252777 -14.40110016 128.32685852
v -22.96096802 -14.40110016 128.24613953
v -31.53338432 -14.24120998 130.21963501
v -31.36798096 -14.08127022 132.11361694
v -31.20257950 -13.92133045 134.00759888
v -31.03717804 -13.76139069 135.90158081
v -30.87177467 -13.60145092 137.79554749
v -30.70637321 -13.44151115 139.68952942
v -32.54999924 -14.40110016 113.44999695
v -32.54999924 -14.40110016 107.87151337
v -33.68699646 -14.40110016 107.87151337
v -22.37432671 -14.25551987 130.38496399
v -24.36119461 -14.40110016 128.33569336
v -22.96495056 -14.40110016 128.34036255
v -25.82490540 -14.40110016 128.33255005
v -27.29733658 -14.40110016 128.33187866
v -27.71170425 -14.40110016 128.33212280
v -28.75902176 -14.40110016 128.33251953
v -30.22157097 -14.40110016 128.33064270
v -23.80080223 -14.24295139 130.54460144
v -26.92923164 -14.25689411 130.22463989
v -25.33126831 -14.23789501 130.54454041
v -28.45932770 -14.25222111 130.22065735
v -29.99333000 -14.24671555 130.22262573
v -33.86553955 -8.96684456 113.44999695
v -43.08620453 -9.16136646 109.79016876
v -43.08620453 -9.16136646 87.35983276
v -20.03430176 -13.63429070 139.31442261
v -21.78867531 -14.10137939 132.61724854
v -21.20344162 -13.94648170 134.84957886
v -20.61864471 -13.79079628 137.08197021
v 10.01211929 -17.84822655 141.54692078
v 11.72337532 -17.44141006 141.54692078
v 13.84447956 -16.95270729 141.54692078
v 15.96755886 -16.48073959 141.54692078
v 18.09261322 -16.02550697 141.54692078
v 20.21634674 -15.58514690 141.54692078
v 22.33985519 -15.16028118 141.54692078
v 24.46973610 -14.75463009 141.54692078
v 24.50317764 -14.74844933 141.54692078
v 26.61258125 -14.37191010 141.54692078
v 28.76948929 -14.01274204 141.54692078
v 30.93716240 -13.67526722 141.54692078
v 33.11560440 -13.35948467 141.54692078
v 12.98946762 -20.45318985 133.18594360
v 12.63450909 -19.47570038 135.87052917
v 12.27960968 -18.49733162 138.55699158
v -28.79836273 -13.47436333 139.69371033
v -26.92440987 -13.50721169 139.66999817
v -25.07196045 -13.53517723 139.68232727
v -23.31509972 -13.58469582 139.37930298
v -21.52281952 -13.61015511 139.36982727
v 12.30345154 -17.45257568 141.18551636
v 14.59509277 -17.05533981 140.82589722
v 16.88713074 -16.65771675 140.46897888
v 19.17966461 -16.25989151 140.11518860
v 21.47279739 -15.86205006 139.76490784
v 23.76662445 -15.46437931 139.41857910
v 26.65750122 -14.45464230 141.15852356
v 26.06124878 -15.06706524 139.07656860
v 28.81120300 -14.15851498 140.77651978
v 30.96586990 -13.86305618 140.39888000
v 33.12158203 -13.56841183 140.02593994
v 36.74301529 -13.32578850 138.93211365
v 35.27577209 -13.27462864 139.66114807
v 38.42485809 -13.29041862 138.93000793
v 40.10654831 -13.25290203 138.92756653
v 41.78802872 -13.21189404 138.93403625
v -22.09231567 -13.76835442 137.16352844
v -23.81914139 -13.74799538 137.17060852
v -22.66181183 -13.92655277 134.95721436
v -24.32318306 -13.91129494 134.96191406
v -23.23130608 -14.08475208 132.75091553
v -24.82722664 -14.07459450 132.75323486
v -25.44341469 -13.67952061 137.79078674
v -25.81486893 -13.82386398 135.89926147
v -26.18632317 -13.96820736 134.00772095
v -26.55777740 -14.11255074 132.11618042
v -27.23139381 -13.65621376 137.78012085
v -27.53837776 -13.80521584 135.89025879
v -27.84535980 -13.95421791 134.00039673
v -28.15234375 -14.10321999 132.11051941
v -29.03735542 -13.62883377 137.79949951
v -29.27635002 -13.78330421 135.90527344
v -29.51534271 -13.93777466 134.01106262
v -29.75433731 -14.09224510 132.11683655
v 14.57100677 -18.01672554 138.27001953
v 16.86269951 -17.53568459 137.98582458
v 14.88801193 -18.91814995 135.66262817
v 19.15478897 -17.05440712 137.70483398
v 17.14170837 -18.36016846 135.45751953
v 21.44737625 -16.57308960 137.42749023
v 19.39569473 -17.80195618 135.25567627
v 23.74056053 -16.09192657 137.15425110
v 21.65006638 -17.24371147 135.05752563
v 26.03444481 -15.61111641 136.88554382
v 23.90491867 -16.68563080 134.86355591
v 28.32912636 -15.13085365 136.62182617
v 26.16034698 -16.12791252 134.67419434
v 28.35676956 -14.67029476 138.73933411
v 30.62470818 -14.65133572 136.36352539
v 28.41644669 -15.57075691 134.48989868
v 30.65328598 -14.27425385 138.40724182
v 32.92128754 -14.17275810 136.11108398
v 30.67331123 -15.01435947 134.31114197
v 35.24655533 -13.48479939 137.76397705
v 35.21732712 -13.69472122 135.86677551
v 32.93104172 -14.45891953 134.13836670
v 32.95090103 -13.87912846 138.08073425
v 36.75305939 -13.62351036 136.30172729
v 35.20289230 -13.79831219 134.92973328
v 36.76309967 -13.92123318 133.67134094
v 15.20522881 -19.81861496 133.05718994
v 17.42107773 -19.18362427 132.93127441
v 19.63710785 -18.54841995 132.80865479
v 21.85340500 -17.91319847 132.68980408
v 24.07006264 -17.27816582 132.57518005
v 26.28716850 -16.64351845 132.46524048
v 28.50481224 -16.00946236 132.36047363
v 30.72308350 -15.37619495 132.26133728
v 35.18816757 -13.90387440 133.97427368
v 32.94207382 -14.74391842 132.16827393
v 35.15908051 -14.11227608 132.08634949
v 36.77314377 -14.21895599 131.04096985
v 41.80002213 -13.53746510 136.30319214
v 41.81201553 -13.86303616 133.67234802
v 40.11784363 -13.56845856 136.29829407
v 41.82400513 -14.18860626 131.04150391
v 40.12914276 -13.88401604 133.66902161
v 40.14043808 -14.19957352 131.03974915
v 38.43550873 -13.59680557 136.30010986
v 38.44615936 -13.90319252 133.67021179
v 38.45681381 -14.20957947 131.04029846
v -32.75310516 -14.80109978 146.57159424
v -32.67234421 -14.60109997 148.84179688
v -32.83386230 -15.00109959 144.30140686
v -32.91462326 -15.20110035 142.03120422
v -32.99538422 -15.40110016 139.76100159
v -33.07614517 -15.60109997 137.49079895
v -33.15690613 -15.80109978 135.22059631
v -33.23766327 -16.00110054 132.95039368
v -19.42285728 -14.60109997 153.04600525
v 8.11690331 -15.46243000 153.66842651
v 8.53758907 -16.53338814 150.86163330
v 8.95827484 -17.60434723 148.05482483
v 9.37896061 -18.67530632 145.24801636
v 9.79964638 -19.74626541 142.44122314
v 10.22033119 -20.81722260 139.63441467
v 10.64101696 -21.88818169 136.82760620
v 11.06170273 -22.95914078 134.02079773
v -21.31564140 -14.60109997 152.44540405
v -23.20842552 -14.60109997 151.84480286
v -25.10120964 -14.60109997 151.24420166
v -26.99399185 -14.60109997 150.64360046
v -28.88677597 -14.60109997 150.04299927
v -30.77956009 -14.60109997 149.44239807
v -23.97730827 -16.00110054 133.88467407
v -23.32667160 -15.80109978 136.62199402
v -25.30021667 -16.00110054 133.75120544
v -22.67603683 -15.60109997 139.35932922
v -24.73099136 -15.80109978 136.42179871
v -22.02540016 -15.40110016 142.09666443
v -24.16176605 -15.60109997 139.09240723
v -21.37476540 -15.20110035 144.83399963
v -23.59254074 -15.40110016 141.76300049
v -20.72412872 -15.00109959 147.57133484
v -23.02331543 -15.20110035 144.43359375
v -20.07349396 -14.80109978 150.30867004
v -22.45409203 -15.00109959 147.10420227
v -21.88486671 -14.80109978 149.77479553
v -26.62312317 -16.00110054 133.61773682
v -26.13530922 -15.80109978 136.22160339
v -25.64749527 -15.60109997 138.82546997
v -25.15968132 -15.40110016 141.42933655
v -24.67186737 -15.20110035 144.03320312
v -24.18405342 -15.00109959 146.63706970
v -23.69623947 -14.80109978 149.24093628
v -27.94603157 -16.00110054 133.48426819
v -27.53962898 -15.80109978 136.02139282
v -27.13322639 -15.60109997 138.55853271
v -26.72682190 -15.40110016 141.09567261
v -26.32041931 -15.20110035 143.63279724
v -25.91401482 -15.00109959 146.16993713
v -25.50761223 -14.80109978 148.70706177
v -29.26893997 -16.00110054 133.35079956
v -28.94394684 -15.80109978 135.82119751
v -28.61895561 -15.60109997 138.29159546
v -28.29396248 -15.40110016 140.76199341
v -27.96896935 -15.20110035 143.23240662
v -27.64397812 -15.00109959 145.70280457
v -27.31898499 -14.80109978 148.17320251
v -30.59184837 -16.00110054 133.21733093
v -30.34826660 -15.80109978 135.62100220
v -30.10468483 -15.60109997 138.02467346
v -29.86110306 -15.40110016 140.42832947
v -29.61752129 -15.20110035 142.83200073
v -29.37393951 -15.00109959 145.23567200
v -29.13035774 -14.80109978 147.63932800
v -31.91475677 -16.00110054 133.08386230
v -31.75258636 -15.80109978 135.42080688
v -31.59041405 -15.60109997 137.75773621
v -31.42824364 -15.40110016 140.09466553
v -31.26607323 -15.20110035 142.43159485
v -31.10390091 -15.00109959 144.76853943
v -30.94173050 -14.80109978 147.10546875
v 10.21944904 -15.39702988 153.05718994
v 10.60777473 -16.40199471 150.31831360
v 10.99609947 -17.40696144 147.57942200
v 11.38442516 -18.41192627 144.84054565
v 11.77274990 -19.41689301 142.10166931
v 12.16107559 -20.42185783 139.36279297
v 12.54940033 -21.42682457 136.62390137
v 12.93772602 -22.43178940 133.88502502
v 41.45399857 -14.75582600 142.83520508
v 39.45199966 -14.75582600 143.36553955
v 37.45000076 -14.75582600 143.89587402
v 35.45000076 -14.61223316 145.72230530
v 31.24490738 -14.74303246 146.94477844
v 33.34745407 -14.67763233 146.33354187
v 29.14236259 -14.80843258 147.55603027
v 27.03981590 -14.87383175 148.16726685
v 24.93727112 -14.93923187 148.77850342
v 22.83472443 -15.00463104 149.38973999
v 20.73217773 -15.07003117 150.00099182
v 18.62963295 -15.13543129 150.61222839
v 16.52708626 -15.20083046 151.22346497
v 14.42454052 -15.26623058 151.83471680
v 12.32199478 -15.33162975 152.44595337
v 41.45399857 -16.17473030 131.29504395
v 41.45399857 -15.82000351 134.18008423
v 41.45399857 -15.46527767 137.06512451
v 41.45399857 -15.11055183 139.95016479
v 39.45199966 -16.17473030 131.40110779
v 39.45199966 -15.82000351 134.39221191
v 39.45199966 -15.46527767 137.38333130
v 39.45199966 -15.11055183 140.37443542
v 37.45000076 -15.82000351 134.60435486
v 37.45000076 -15.46527767 137.70152283
v 37.45000076 -15.11055183 140.79869080
v 35.45000076 -16.10357094 132.25567627
v 35.45000076 -15.67747498 136.10328674
v 35.45000076 -15.89052296 134.17948914
v 35.45000076 -15.46442604 138.02708435
v 35.45000076 -15.03833008 141.87469482
v 35.45000076 -15.25137806 139.95089722
v 35.45000076 -14.82528114 143.79849243
v 33.57397842 -16.63092232 132.39146423
v 33.54161835 -16.35188103 134.38319397
v 33.50925446 -16.07283974 136.37490845
v 33.47689438 -15.79379845 138.36663818
v 33.44453430 -15.51475716 140.35836792
v 33.41217422 -15.23571587 142.35009766
v 33.37981415 -14.95667458 144.34181213
v 14.81374836 -21.90443802 133.74925232
v 16.68977165 -21.37708664 133.61346436
v 18.56579399 -20.84973526 133.47769165
v 20.44181633 -20.32238388 133.34191895
v 22.31784058 -19.79503250 133.20613098
v 24.19386292 -19.26768112 133.07035828
v 26.06988525 -18.74032974 132.93457031
v 27.94590950 -18.21297836 132.79879761
v 29.82193184 -17.68562698 132.66302490
v 31.69795418 -17.15827370 132.52723694
v 31.30962944 -15.08806705 144.88513184
v 29.23944283 -15.21945953 145.42845154
v 27.16925812 -15.35085297 145.97177124
v 25.09907341 -15.48224545 146.51509094
v 23.02888680 -15.61363888 147.05841064
v 20.95870209 -15.74503136 147.60171509
v 18.88851547 -15.87642384 148.14503479
v 16.81833076 -16.00781631 148.68835449
v 14.74814510 -16.13920975 149.23167419
v 12.67795944 -16.27060318 149.77499390
v 31.37434959 -15.43310165 142.82548523
v 29.33652496 -15.63048744 143.30087280
v 27.29870033 -15.82787323 143.77627563
v 25.26087570 -16.02525902 144.25166321
v 23.22304916 -16.22264481 144.72706604
v 21.18522453 -16.42003059 145.20245361
v 19.14739990 -16.61741829 145.67785645
v 17.10957527 -16.81480408 146.15324402
v 15.07174969 -17.01218987 146.62864685
v 13.03392506 -17.20957565 147.10403442
v 31.43907166 -15.77813625 140.76583862
v 29.43360710 -16.04151535 141.17330933
v 27.42814255 -16.30489349 141.58078003
v 25.42267609 -16.56827354 141.98825073
v 23.41721153 -16.83165169 142.39572144
v 21.41174698 -17.09503174 142.80319214
v 19.40628242 -17.35840988 143.21066284
v 17.40081787 -17.62178993 143.61813354
v 15.39535427 -17.88516808 144.02560425
v 13.38988972 -18.14854813 144.43307495
v 31.50379181 -16.12317085 138.70619202
v 29.53068733 -16.45254326 139.04573059
v 27.55758286 -16.78191566 139.38528442
v 25.58447838 -17.11128807 139.72483826
v 23.61137581 -17.44065857 140.06437683
v 21.63827133 -17.77003098 140.40393066
v 19.66516685 -18.09940338 140.74346924
v 17.69206238 -18.42877579 141.08302307
v 15.71895885 -18.75814819 141.42257690
v 13.74585438 -19.08752060 141.76211548
v 31.56851196 -16.46820450 136.64654541
v 29.62776947 -16.86357117 136.91816711
v 27.68702507 -17.25893593 137.18978882
v 25.74628067 -17.65430069 137.46141052
v 23.80553818 -18.04966736 137.73303223
v 21.86479378 -18.44503212 138.00466919
v 19.92404938 -18.84039688 138.27629089
v 17.98330688 -19.23576164 138.54791260
v 16.04256248 -19.63112831 138.81953430
v 14.10181904 -20.02649307 139.09115601
v 31.63323402 -16.81324005 134.58688354
v 29.72484970 -17.27459908 134.79058838
v 27.81646729 -17.73595619 134.99429321
v 25.90808296 -18.19731522 135.19799805
v 23.99970055 -18.65867424 135.40170288
v 22.09131622 -19.12003136 135.60539246
v 20.18293381 -19.58139038 135.80909729
v 18.27454948 -20.04274940 136.01280212
v 16.36616707 -20.50410652 136.21650696
v 14.45778370 -20.96546555 136.42021179
v -54.54999924 22.64999962 93.44999695
v -54.54999924 22.64999962 83.44999695
v -50.59020996 12.62892532 93.44999695
v -52.55202866 15.02655125 93.44999695
v -52.36066055 14.53479862 93.44999695
v -52.11143875 14.07402420 93.44999695
v -51.80392075 13.64471436 93.44999695
v -51.44608688 13.25850296 93.44999695
v -51.03707504 12.91627312 93.44999695
v -48.03729248 12.13210011 93.44999695
v -48.54999924 12.10000038 93.44999695
v -49.08378983 12.13428116 93.44999695
v -47.54115295 12.22302055 93.44999695
v -47.05854416 12.37412548 93.44999695
v -46.59490204 12.58297348 93.44999695
v -46.16368103 12.84414387 93.44999695
v -45.76374435 13.15757656 93.44999695
v -45.40767670 13.51363373 93.44999695
v -45.09422302 13.91356373 93.44999695
v -44.83303070 14.34478855 93.44999695
v -44.62416077 14.80844688 93.44999695
v -44.47303772 15.29107952 93.44999695
v -44.38210678 15.78725147 93.44999695
v -44.34999847 16.29999924 93.44999695
v -44.38209915 16.81270599 93.44999695
v -44.47302246 17.30884552 93.44999695
v -44.62412643 17.79145432 93.44999695
v -44.83297348 18.25510025 93.44999695
v -50.10684586 12.39994049 93.44999695
v -49.60130692 12.23368168 93.44999695
v -54.54999924 4.65000010 112.19999695
v -45.76363373 13.15767479 102.19999695
v -52.67917633 17.06676292 102.19999695
v -54.54999924 22.64999962 102.19999695
v -46.16356277 12.84422302 102.19999695
v -46.59478760 12.58303261 102.19999695
v -47.05844498 12.37416267 102.19999695
v -47.54108047 12.22303963 102.19999695
v -48.03725052 12.13210678 102.19999695
v -48.54999924 12.10000038 102.19999695
v -49.08251190 12.13442707 102.19999695
v -49.59765625 12.23277378 102.19999695
v -50.09929657 12.39675713 102.19999695
v -50.57825089 12.62229824 102.19999695
v -51.02169037 12.90487576 102.19999695
v -51.42820358 13.24149227 102.19999695
v -51.78549576 13.62224007 102.19999695
v -52.09413910 14.04638767 102.19999695
v -52.34607315 14.50399780 102.19999695
v -52.54156494 14.99419212 102.19999695
v -52.67282867 15.50009918 102.19999695
v -52.74055481 16.02250290 102.19999695
v -52.74266815 16.54439735 102.19999695
v -47.05844498 20.22583771 93.44999695
v -47.54108047 20.37696075 93.44999695
v -48.03725052 20.46789360 93.44999695
v -48.54999924 20.50000000 93.44999695
v -49.08251190 20.46557236 93.44999695
v -49.59765625 20.36722565 93.44999695
v -50.09929657 20.20324326 93.44999695
v -50.57825089 19.97770119 93.44999695
v -51.02169037 19.69512367 93.44999695
v -51.42820358 19.35850716 93.44999695
v -51.78549576 18.97776031 93.44999695
v -52.09413910 18.55361176 93.44999695
v -52.34607315 18.09600258 93.44999695
v -52.54156494 17.60580826 93.44999695
v -52.67282867 17.09990120 93.44999695
v -52.74055481 16.57749748 93.44999695
v -52.74266815 16.05560303 93.44999695
v -52.67917633 15.53323650 93.44999695
v -48.54999924 12.10000038 92.94999695
v -49.08251190 12.13442707 92.94999695
v -48.03725052 12.13210678 92.94999695
v -47.54108047 12.22303963 92.94999695
v -47.05844498 12.37416267 92.94999695
v -46.59478760 12.58303261 92.94999695
v -46.16356277 12.84422302 92.94999695
v -45.76363373 13.15767479 92.94999695
v -45.40757751 13.51374340 92.94999695
v -45.09414291 13.91368008 92.94999695
v -44.83297348 14.34490013 92.94999695
v -44.62412643 14.80854511 92.94999695
v -44.47302246 15.29115486 92.94999695
v -44.38209915 15.78729439 92.94999695
v -44.34999847 16.29999924 92.94999695
v -44.38210678 16.81274796 92.94999695
v -44.47303772 17.30891991 92.94999695
v -44.62416077 17.79155350 92.94999695
v -44.83303070 18.25521088 92.94999695
v -45.09422302 18.68643570 92.94999695
v -45.40767670 19.08636665 92.94999695
v -45.76374435 19.44242287 92.94999695
v -46.16368103 19.75585556 92.94999695
v -46.59490204 20.01702690 92.94999695
v -47.05854416 20.22587395 92.94999695
v -47.54115295 20.37697983 92.94999695
v -48.03729248 20.46789932 92.94999695
v -48.54999924 20.50000000 92.94999695
v -49.08378983 20.46571922 92.94999695
v -49.60130692 20.36631775 92.94999695
v -50.10684586 20.20005989 92.94999695
v -50.59020996 19.97107506 92.94999695
v -51.03707504 19.68372726 92.94999695
v -51.44608688 19.34149742 92.94999695
v -51.80392075 18.95528603 92.94999695
v -52.11143875 18.52597618 92.94999695
v -52.36066055 18.06520081 92.94999695
v -52.55202866 17.57344818 92.94999695
v -52.67917633 17.06676292 92.94999695
v -52.74266815 16.54439735 92.94999695
v -52.74055481 16.02250290 92.94999695
v -52.67282867 15.50009918 92.94999695
v -52.54156494 14.99419212 92.94999695
v -52.34607315 14.50399780 92.94999695
v -52.09413910 14.04638767 92.94999695
v -51.78549576 13.62224007 92.94999695
v -51.42820358 13.24149227 92.94999695
v -51.02169037 12.90487576 92.94999695
v -50.57825089 12.62229824 92.94999695
v -50.09929657 12.39675713 92.94999695
v -49.59765625 12.23277378 92.94999695
v -49.08378983 20.46571922 102.19999695
v -48.03729248 20.46789932 102.19999695
v -48.54999924 20.50000000 102.19999695
v -47.54115295 20.37697983 102.19999695
v -47.05854416 20.22587395 102.19999695
v -46.59490204 20.01702690 102.19999695
v -46.16368103 19.75585556 102.19999695
v -45.76374435 19.44242287 102.19999695
v -45.40767670 19.08636665 102.19999695
v -45.09422302 18.68643570 102.19999695
v -44.83303070 18.25521088 102.19999695
v -44.62416077 17.79155350 102.19999695
v -44.47303772 17.30891991 102.19999695
v -44.38210678 16.81274796 102.19999695
v -44.34999847 16.29999924 102.19999695
v -44.38209915 15.78729439 102.19999695
v -44.47302246 15.29115486 102.19999695
v -44.62412643 14.80854511 102.19999695
v -44.83297348 14.34490013 102.19999695
v -45.09414291 13.91368008 102.19999695
v -45.40757751 13.51374340 102.19999695
v -52.55202866 17.57344818 102.19999695
v -52.36066055 18.06520081 102.19999695
v -52.11143875 18.52597618 102.19999695
v -51.80392075 18.95528603 102.19999695
v -51.44608688 19.34149742 102.19999695
v -51.03707504 19.68372726 102.19999695
v -50.59020996 19.97107506 102.19999695
v -50.10684586 20.20005989 102.19999695
v -49.60130692 20.36631775 102.19999695
v -48.54999924 20.50000000 102.69999695
v -49.08251190 20.46557236 102.69999695
v -48.03725052 20.46789360 102.69999695
v -47.54108047 20.37696075 102.69999695
v -47.05844498 20.22583771 102.69999695
v -46.59478760 20.01696777 102.69999695
v -46.16356277 19.75577736 102.69999695
v -45.76363373 19.44232559 102.69999695
v -45.40757751 19.08625603 102.69999695
v -45.09414291 18.68631935 102.69999695
v -44.83297348 18.25510025 102.69999695
v -44.62412643 17.79145432 102.69999695
v -44.47302246 17.30884552 102.69999695
v -44.38209915 16.81270599 102.69999695
v -44.34999847 16.29999924 102.69999695
v -44.38210678 15.78725147 102.69999695
v -44.47303772 15.29107952 102.69999695
v -44.62416077 14.80844688 102.69999695
v -44.83303070 14.34478855 102.69999695
v -45.09422302 13.91356373 102.69999695
v -45.40767670 13.51363373 102.69999695
v -45.76374435 13.15757656 102.69999695
v -46.16368103 12.84414387 102.69999695
v -46.59490204 12.58297348 102.69999695
v -47.05854416 12.37412548 102.69999695
v -47.54115295 12.22302055 102.69999695
v -48.03729248 12.13210011 102.69999695
v -48.54999924 12.10000038 102.69999695
v -49.08378983 12.13428116 102.69999695
v -49.60130692 12.23368168 102.69999695
v -50.10684586 12.39994049 102.69999695
v -50.59020996 12.62892532 102.69999695
v -51.03707504 12.91627312 102.69999695
v -51.44608688 13.25850296 102.69999695
v -51.80392075 13.64471436 102.69999695
v -52.11143875 14.07402420 102.69999695
v -52.36066055 14.53479862 102.69999695
v -52.55202866 15.02655125 102.69999695
v -52.67917633 15.53323650 102.69999695
v -52.74266815 16.05560303 102.69999695
v -52.74055481 16.57749748 102.69999695
v -52.67282867 17.09990120 102.69999695
v -52.54156494 17.60580826 102.69999695
v -52.34607315 18.09600258 102.69999695
v -52.09413910 18.55361176 102.69999695
v -51.78549576 18.97776031 102.69999695
v -51.42820358 19.35850716 102.69999695
v -51.02169037 19.69512367 102.69999695
v -50.57825089 19.97770119 102.69999695
v -50.09929657 20.20324326 102.69999695
v -49.59765625 20.36722565 102.69999695
v -48.37327576 19.29452515 102.69999695
v -47.28633499 19.02084160 102.69999695
v -48.00230789 19.24939537 102.69999695
v -47.63599777 19.15685844 102.69999695
v -46.64991379 18.62154007 102.69999695
v -46.95607758 18.84110260 102.69999695
v -46.13149261 18.07488251 102.69999695
v -46.37512589 18.36579704 102.69999695
v -45.92836761 17.75756264 102.69999695
v -45.64608002 17.05308533 102.69999695
v -45.76425171 17.41201591 102.69999695
v -45.57506180 16.68322372 102.69999695
v -45.54999924 16.29999924 102.69999695
v -45.64540482 15.54984665 102.69999695
v -45.57516861 15.91792679 102.69999695
v -45.76186371 15.19356632 102.69999695
v -46.12319946 14.53640652 102.69999695
v -45.92338181 14.85130024 102.69999695
v -46.36267090 14.24720192 102.69999695
v -46.93630219 13.77137375 102.69999695
v -46.63358307 13.99196339 102.69999695
v -47.61238861 13.45095825 102.69999695
v -47.26389694 13.58966255 102.69999695
v -48.72672653 13.30547523 102.69999695
v -47.97844696 13.35517406 102.69999695
v -48.34920120 13.30698395 102.69999695
v -50.14392090 13.75889683 102.69999695
v -49.09769058 13.35060501 102.69999695
v -49.46400070 13.44314194 102.69999695
v -49.81366730 13.57915783 102.69999695
v -50.72487259 14.23420334 102.69999695
v -50.45008850 13.97845936 102.69999695
v -51.17163086 14.84243774 102.69999695
v -50.96850967 14.52511692 102.69999695
v -51.33574677 15.18798351 102.69999695
v -51.45392227 15.54691505 102.69999695
v -51.54999924 16.29999924 102.69999695
v -51.52493668 15.91677570 102.69999695
v -51.52482986 16.68207359 102.69999695
v -51.33813477 17.40643311 102.69999695
v -51.45459747 17.05015373 102.69999695
v -51.17661667 17.74870110 102.69999695
v -50.73733139 18.35279846 102.69999695
v -50.97680283 18.06359291 102.69999695
v -50.46641922 18.60803604 102.69999695
v -49.83610535 19.01033783 102.69999695
v -50.16369629 18.82862663 102.69999695
v -49.48760986 19.14904213 102.69999695
v -49.12155151 19.24482536 102.69999695
v -48.75079727 19.29301643 102.69999695
v -45.54999924 16.29999924 105.05000305
v -45.57516861 16.68207359 105.05000305
v -45.57506180 15.91677570 105.05000305
v -45.64608002 15.54691505 105.05000305
v -45.76425171 15.18798351 105.05000305
v -45.92836761 14.84243774 105.05000305
v -46.13149261 14.52511692 105.05000305
v -46.37512589 14.23420334 105.05000305
v -46.64991379 13.97845936 105.05000305
v -46.95607758 13.75889683 105.05000305
v -47.28633499 13.57915783 105.05000305
v -47.63599777 13.44314194 105.05000305
v -48.00230789 13.35060501 105.05000305
v -48.37327576 13.30547523 105.05000305
v -48.75079727 13.30698395 105.05000305
v -49.12155151 13.35517406 105.05000305
v -49.48760986 13.45095825 105.05000305
v -49.83610535 13.58966255 105.05000305
v -50.16369629 13.77137375 105.05000305
v -50.46641922 13.99196339 105.05000305
v -50.73733139 14.24720192 105.05000305
v -50.97680283 14.53640652 105.05000305
v -51.17661667 14.85130024 105.05000305
v -51.33813477 15.19356632 105.05000305
v -51.45459747 15.54984665 105.05000305
v -51.52482986 15.91792679 105.05000305
v -51.54999924 16.29999924 105.05000305
v -51.52493668 16.68322372 105.05000305
v -51.45392227 17.05308533 105.05000305
v -51.33574677 17.41201591 105.05000305
v -51.17163086 17.75756264 105.05000305
v -50.96850967 18.07488251 105.05000305
v -50.72487259 18.36579704 105.05000305
v -50.45008850 18.62154007 105.05000305
v -50.14392090 18.84110260 105.05000305
v -49.81366730 19.02084160 105.05000305
v -49.46400070 19.15685844 105.05000305
v -49.09769058 19.24939537 105.05000305
v -48.72672653 19.29452515 105.05000305
v -48.34920120 19.29301643 105.05000305
v -47.97844696 19.24482536 105.05000305
v -47.61238861 19.14904213 105.05000305
v -47.26389694 19.01033783 105.05000305
v -46.93630219 18.82862663 105.05000305
v -46.63358307 18.60803604 105.05000305
v -46.36267090 18.35279846 105.05000305
v -46.12319946 18.06359291 105.05000305
v -45.92338181 17.74870110 105.05000305
v -45.76186371 17.40643311 105.05000305
v -45.64540482 17.05015373 105.05000305
v -48.37327576 13.30547523 92.94999695
v -47.28633499 13.57915783 92.94999695
v -48.00230789 13.35060501 92.94999695
v -47.63599777 13.44314194 92.94999695
v -46.64991379 13.97845936 92.94999695
v -46.95607758 13.75889683 92.94999695
v -46.13149261 14.52511692 92.94999695
v -46.37512589 14.23420334 92.94999695
v -45.92836761 14.84243774 92.94999695
v -45.64608002 15.54691505 92.94999695
v -45.76425171 15.18798351 92.94999695
v -45.57506180 15.91677570 92.94999695
v -45.54999924 16.29999924 92.94999695
v -45.64540482 17.05015373 92.94999695
v -45.57516861 16.68207359 92.94999695
v -45.76186371 17.40643311 92.94999695
v -46.12319946 18.06359291 92.94999695
v -45.92338181 17.74870110 92.94999695
v -46.36267090 18.35279846 92.94999695
v -46.93630219 18.82862663 92.94999695
v -46.63358307 18.60803604 92.94999695
v -47.61238861 19.14904213 92.94999695
v -47.26389694 19.01033783 92.94999695
v -48.72672653 19.29452515 92.94999695
v -47.97844696 19.24482536 92.94999695
v -48.34920120 19.29301643 92.94999695
v -50.14392090 18.84110260 92.94999695
v -49.09769058 19.24939537 92.94999695
v -49.46400070 19.15685844 92.94999695
v -49.81366730 19.02084160 92.94999695
v -50.72487259 18.36579704 92.94999695
v -50.45008850 18.62154007 92.94999695
v -51.17163086 17.75756264 92.94999695
v -50.96850967 18.07488251 92.94999695
v -51.33574677 17.41201591 92.94999695
v -51.45392227 17.05308533 92.94999695
v -51.54999924 16.29999924 92.94999695
v -51.52493668 16.68322372 92.94999695
v -51.52482986 15.91792679 92.94999695
v -51.33813477 15.19356632 92.94999695
v -51.45459747 15.54984665 92.94999695
v -51.17661667 14.85130024 92.94999695
v -50.73733139 14.24720192 92.94999695
v -50.97680283 14.53640652 92.94999695
v -50.46641922 13.99196339 92.94999695
v -49.83610535 13.58966255 92.94999695
v -50.16369629 13.77137375 92.94999695
v -49.48760986 13.45095825 92.94999695
v -49.12155151 13.35517406 92.94999695
v -48.75079727 13.30698395 92.94999695
v -51.54999924 16.29999924 90.59999847
v -51.52482986 16.68207359 90.59999847
v -51.52493668 15.91677570 90.59999847
v -51.45392227 15.54691505 90.59999847
v -51.33574677 15.18798351 90.59999847
v -51.17163086 14.84243774 90.59999847
v -50.96850967 14.52511692 90.59999847
v -50.72487259 14.23420334 90.59999847
v -50.45008850 13.97845936 90.59999847
v -50.14392090 13.75889683 90.59999847
v -49.81366730 13.57915783 90.59999847
v -49.46400070 13.44314194 90.59999847
v -49.09769058 13.35060501 90.59999847
v -48.72672653 13.30547523 90.59999847
v -48.34920120 13.30698395 90.59999847
v -47.97844696 13.35517406 90.59999847
v -47.61238861 13.45095825 90.59999847
v -47.26389694 13.58966255 90.59999847
v -46.93630219 13.77137375 90.59999847
v -46.63358307 13.99196339 90.59999847
v -46.36267090 14.24720192 90.59999847
v -46.12319946 14.53640652 90.59999847
v -45.92338181 14.85130024 90.59999847
v -45.76186371 15.19356632 90.59999847
v -45.64540482 15.54984665 90.59999847
v -45.57516861 15.91792679 90.59999847
v -45.54999924 16.29999924 90.59999847
v -45.57506180 16.68322372 90.59999847
v -45.64608002 17.05308533 90.59999847
v -45.76425171 17.41201591 90.59999847
v -45.92836761 17.75756264 90.59999847
v -46.13149261 18.07488251 90.59999847
v -46.37512589 18.36579704 90.59999847
v -46.64991379 18.62154007 90.59999847
v -46.95607758 18.84110260 90.59999847
v -47.28633499 19.02084160 90.59999847
v -47.63599777 19.15685844 90.59999847
v -48.00230789 19.24939537 90.59999847
v -48.37327576 19.29452515 90.59999847
v -48.75079727 19.29301643 90.59999847
v -49.12155151 19.24482536 90.59999847
v -49.48760986 19.14904213 90.59999847
v -49.83610535 19.01033783 90.59999847
v -50.16369629 18.82862663 90.59999847
v -50.46641922 18.60803604 90.59999847
v -50.73733139 18.35279846 90.59999847
v -50.97680283 18.06359291 90.59999847
v -51.17661667 17.74870110 90.59999847
v -51.33813477 17.40643311 90.59999847
v -51.45459747 17.05015373 90.59999847
v 12.62285709 -5.80000019 176.84631348
v 12.11559105 8.20830059 171.04823303
v 12.01902485 7.19999981 169.94447327
v 12.48825073 7.19999981 169.90342712
v 11.14120960 7.19999981 159.91101074
v 14.12979317 7.19999981 159.64953613
v 20.74046516 7.19999981 164.17118835
v 14.21017361 7.19999981 160.46435547
v 14.31099796 7.19999981 161.29786682
v 14.43072319 7.19999981 162.14277649
v 14.63456440 7.19999981 163.37858582
v 14.87999535 7.19999981 164.68391418
v 15.56879139 7.19999981 164.62365723
v 20.05166817 7.19999981 164.23144531
v 12.22461605 9.02887344 172.29440308
v 12.69348621 9.02670765 172.24926758
v 12.58458614 8.20627022 171.00454712
v 12.34341526 9.64246941 173.65228271
v 12.81225395 9.64099979 173.60679626
v 12.46904182 10.03447056 175.08819580
v 12.93794918 10.03393936 175.04350281
v 12.59841251 10.19567108 176.56690979
v 13.06746101 10.19579792 176.52381897
v 12.72150135 -5.70066357 177.97381592
v 12.72835732 10.12236691 178.05218506
v 13.19758129 10.12256908 178.01110840
v 12.81690502 -5.40666246 179.06430054
v 12.85569668 9.81643105 179.50769043
v 12.90631104 -4.92764473 180.08621216
v 12.97731495 9.28527260 180.89778137
v 13.32509041 9.81606483 179.46855164
v 13.05675602 -3.47880149 181.80580139
v 13.09022617 8.54167175 182.18836975
v 13.44683170 9.28387356 180.86004639
v 12.98705673 -4.27849817 181.00914001
v 13.18936920 0.69999999 183.32157898
v 13.19164753 7.60348320 183.34762573
v 13.55978966 8.53917122 182.15116882
v 13.18071079 -0.43185341 183.22261047
v 13.15508556 -1.52652156 182.92971802
v 13.11333466 -2.55234885 182.45249939
v 13.26539993 -2.55226755 184.19061279
v 13.27905464 6.49339151 184.34669495
v 13.66116810 7.60039377 183.30993652
v 13.22365093 -1.52645290 183.71342468
v 13.19802761 -0.43181223 183.42054749
v 13.32197666 -3.47872138 184.83729553
v 13.35027218 5.23780966 185.16070557
v 13.74845886 6.49078321 184.30766296
v 13.39167500 -4.27843094 185.63394165
v 13.41839600 5.92066002 185.93936157
v 13.81949902 5.23780966 185.11965942
v 13.47242069 -4.92759752 186.55686951
v 13.49491310 6.46899462 186.81396484
v 25.87083054 5.92066002 184.84991455
v 25.33347893 5.23780966 184.11231995
v 25.80270576 5.23780966 184.07125854
v 13.56182766 -5.40663719 187.57879639
v 13.57807636 6.87130690 187.76452637
v 25.94734764 6.46899462 185.72451782
v 13.65723419 -5.70065594 188.66929626
v 13.66571236 7.11708546 188.76620483
v 26.03050995 6.87130690 186.67507935
v 13.75588131 -5.80000019 189.79684448
v 13.75588131 7.19999981 189.79684448
v 26.11814499 7.11708546 187.67675781
v 14.54028320 -5.80000019 198.76260376
v 13.93645096 7.19999981 191.86076355
v 14.40567780 7.19999981 191.81970215
v 26.20831490 7.19999981 188.70739746
v 26.38888359 7.19999981 190.77131653
v 25.91965866 7.19999981 190.81236267
v 25.99652290 7.19999981 197.76031494
v 25.94101524 7.19999981 197.04713440
v 25.87427521 7.19999981 192.13073730
v 25.85047722 7.19999981 193.31750488
v 25.84724617 7.19999981 194.40705872
v 25.86839294 7.19999981 195.56259155
v 25.89831543 7.19999981 196.31423950
v 14.03296852 8.20784283 192.96397400
v 14.14178276 9.02720928 194.20771790
v 14.61036587 9.02326107 194.15931702
v 14.50176620 8.20407677 192.91801453
v 14.26022434 9.63990593 195.56150818
v 14.72879982 9.63736725 195.51301575
v 14.38538647 10.03210258 196.99211121
v 14.85415077 10.03126526 196.94578552
v 14.51424503 10.19511223 198.46498108
v 14.98332882 10.19524956 198.42228699
v 14.63867378 -5.70117760 199.88720703
v 14.64370728 10.12540531 199.94473267
v 14.73384953 -5.40867901 200.97506714
v 14.77066898 9.82465267 201.39591980
v 15.11315250 10.12527943 199.90618896
v 14.82307148 -4.93205166 201.99488831
v 14.89208031 9.29969311 202.78366089
v 15.24042225 9.82308006 201.36088562
v 14.97336006 -3.49001217 203.71269226
v 15.00500011 8.56242371 204.07434082
v 15.36200237 9.29609585 202.75054932
v 14.90369892 -4.28603458 202.91645813
v 15.09777832 -0.45491534 205.13479614
v 15.10664845 7.62973690 205.23617554
v 15.47489738 8.55731201 204.04095459
v 15.07189751 -1.54576302 204.83897400
v 15.02999306 -2.56754732 204.36000061
v 15.19358444 1.60609078 206.22987366
v 15.19451618 6.52261400 206.24050903
v 15.57632637 7.62493181 205.20028687
v 15.17483997 1.35342371 206.01560974
v 15.15448475 1.12114823 205.78294373
v 15.13247395 0.90860784 205.53137207
v 15.10877705 0.71536481 205.26051331
v 15.10820198 0.71023029 205.25393677
v 13.84198666 5.32864761 152.81942749
v 13.87699795 5.87200785 153.21960449
v 14.53108883 5.33373785 152.76264954
v 15.10732460 0.69736439 205.24391174
v 13.91576672 6.38067102 153.66273499
v 13.95803356 6.85122442 154.14584351
v 14.60507393 6.38668966 153.60830688
v 15.10679150 0.67361659 205.23780823
v 15.21039963 1.87455380 206.42207336
v 15.21134567 6.25056934 206.43287659
v 15.42916107 6.52214098 206.22035217
v 15.22519875 2.15811944 206.59121704
v 15.22602844 5.96668625 206.60069275
v 15.70058727 5.97076941 206.55712891
v 15.66378880 6.52192783 206.19998169
v 15.68180752 6.25365496 206.39001465
v 15.23796272 2.45560884 206.73710632
v 15.23858070 5.67043686 206.74417114
v 15.72004223 5.67493057 206.70030212
v 15.24847221 2.76232815 206.85722351
v 15.24902725 5.36103010 206.86357117
v 15.74009705 5.36782837 206.81858826
v 15.25677872 3.07983255 206.95217896
v 15.25719738 5.04400396 206.95695496
v 15.76062870 5.05195951 206.91111755
v 15.26276875 3.40296602 207.02064514
v 15.26303005 4.72033358 207.02363586
v 15.78157806 4.72924900 206.97720337
v 15.26638889 3.73070812 207.06202698
v 15.26654243 4.39120722 207.06378174
v 15.80287933 4.40185881 207.01635742
v 15.26766014 4.06188774 207.07655334
v 15.82443237 4.07257700 207.02833557
v 15.84623909 3.74311399 207.01292419
v 15.86825943 3.41565943 206.97027588
v 15.89052105 3.09171844 206.90043640
v 15.91298676 2.77388954 206.80377197
v 15.93557262 2.46553111 206.68122864
v 15.95836449 2.16779113 206.53323364
v 15.98133564 1.88325942 206.36103821
v 16.00453568 1.61334383 206.16567993
v 16.02803993 1.35971880 205.94802856
v 16.05187798 1.12501371 205.70944214
v 16.07615662 0.90981698 205.45098877
v 15.60644627 0.71461779 205.21697998
v 16.10097504 0.71471024 205.17370605
v 16.10299110 0.69999999 205.15071106
v 14.00351524 7.28051138 154.66569519
v 16.10298920 0.68648744 205.15069580
v 15.60644245 0.67293286 205.19409180
v 27.55020332 -0.45542586 204.04525757
v 27.55922508 0.67298567 204.14836121
v 27.06267357 0.67294592 204.19180298
v 16.10298538 0.67297310 205.15065002
v 27.52431870 -1.54615486 203.74938965
v 27.48241234 -2.56782985 203.27040100
v 27.42578125 -3.49020076 202.62309265
v 27.35612106 -4.28614807 201.82687378
v 27.27549744 -4.93211031 200.90533447
v 27.18627739 -5.40870190 199.88555908
v 27.09110451 -5.70118284 198.79772949
v 26.20831490 -5.80000019 188.70739746
v 26.99271774 -5.80000019 197.67315674
v 26.01426697 -5.40666103 186.48941040
v 26.10967064 -5.70066309 187.57989502
v 25.92486191 -4.92764139 185.46749878
v 25.84411621 -4.27849245 184.54457092
v 25.77441597 -3.47879338 183.74790955
v 25.71783829 -2.55233812 183.10121155
v 25.67608643 -1.52650785 182.62399292
v 25.65046120 -0.43183702 182.33110046
v 14.18556404 0.69999999 183.23442078
v 25.60752106 -1.52643919 181.84030151
v 24.64560890 0.70000935 182.31929016
v 25.64180374 0.70001876 182.23213196
v 25.63314629 -0.43179584 182.13317871
v 25.56577301 -2.55225658 181.36309814
v 25.50919533 -3.47871351 180.71643066
v 25.43949699 -4.27842522 179.91976929
v 25.35875130 -4.92759418 178.99684143
v 25.26934624 -5.40663576 177.97492981
v 25.17393875 -5.70065546 176.88441467
v 11.14120960 -5.80000019 159.91101074
v 25.07529068 -5.80000019 175.75686646
v 11.04782581 7.11108112 158.84362793
v 11.04278374 -5.70110559 158.78599548
v 23.59364319 -5.80000019 158.82156372
v 10.95699215 6.84673882 157.80538940
v 10.94757652 -5.40839911 157.69776917
v 23.40005684 -5.40859652 156.60887146
v 23.49524307 -5.70115662 157.69683838
v 10.87119675 6.41419840 156.82475281
v 10.85832977 -4.93144751 156.67767334
v 23.31082726 -4.93187189 155.58895874
v 10.79279232 5.82531261 155.92857361
v 10.77768707 -4.28501463 155.75593567
v 23.23019600 -4.28572702 154.66732788
v 10.70903397 5.60172939 154.97122192
v 10.70802212 -3.48851466 154.95965576
v 23.16053200 -3.48955464 153.87107849
v 10.72392464 5.09623384 155.14141846
v 10.66241741 6.52261400 154.43838501
v 10.65139866 -2.56554365 154.31243896
v 23.10390282 -2.56692672 153.22380066
v 10.67608547 6.30576181 154.59461975
v 10.68841171 6.07999706 154.73550415
v 10.57454967 7.62973690 153.43405151
v 10.60951519 -1.54326010 153.83370972
v 23.06200409 -1.54497719 152.74488831
v 10.58366776 -0.45195556 153.53828430
v 23.03613281 -0.45397335 152.44918823
v 10.57470036 0.67695683 153.43577576
v 11.29523563 0.67236072 153.37275696
v 10.56572628 -0.45199648 153.33320618
v 10.93808365 0.67617458 153.40390015
v 10.47290134 8.56242371 152.27221680
v 10.53987694 -1.54332829 153.03775024
v 23.01812935 -0.45393348 152.24339294
v 22.75245476 0.67237771 152.37039185
v 23.02712631 0.67469347 152.34625244
v 10.49799156 -2.56562448 152.55899048
v 22.99225998 -1.54491007 151.94772339
v 10.44136620 -3.48859406 151.91175842
v 22.95036316 -2.56684685 151.46884155
v 10.35998154 9.29969311 150.98153687
v 10.37170029 -4.28508139 151.11547852
v 22.89373589 -3.48947573 150.82157898
v 10.29105759 -4.93149424 150.19372559
v 22.82407379 -4.28566074 150.02532959
v 10.23857021 9.82465267 149.59379578
v 10.20181179 -5.40842390 149.17364502
v 22.74344063 -4.93182516 149.10369873
v 10.11160851 10.12540531 148.14260864
v 10.10660744 -5.70111275 148.08544922
v 22.65420914 -5.40857172 148.08378601
v 9.98214626 10.19511223 146.66285706
v 10.00818443 -5.80000019 146.96047974
v 22.55902290 -5.70114946 146.99578857
v 9.22378349 7.19999981 137.99472046
v 9.22378349 -5.80000019 137.99472046
v 11.46522141 -5.80000019 137.79862976
v 9.40435219 7.19999981 140.05863953
v 9.50086975 8.20784283 141.16183472
v 9.60968399 9.02720928 142.40559387
v 9.72812557 9.63990593 143.75938416
v 9.85328770 10.03210258 145.18998718
v 11.58786011 -5.80000019 138.49046326
v 15.09600258 -5.80000019 141.43414307
v 15.79862309 -5.80000019 141.43478394
v 16.49045753 -5.80000019 141.31213379
v 11.82708645 -5.80000019 139.14492798
v 12.17534828 -5.80000019 139.74684143
v 12.62218952 -5.80000019 140.27899170
v 13.15503025 -5.80000019 140.72610474
v 13.75669193 -5.80000019 141.07374573
v 14.40992737 -5.80000019 141.31219482
v 17.74683952 -5.80000019 140.72465515
v 22.46061897 -5.80000019 145.87103271
v 17.14493561 -5.80000019 141.07290649
v 9.12486362 7.10014534 136.86407471
v 9.12537193 -5.70118380 136.86988831
v 9.02987766 -5.40723467 135.77836609
v 11.65084362 -5.60557318 136.19844055
v 11.45387554 -5.77892256 137.27395630
v 11.51434898 -5.71330261 136.73539734
v 9.02894211 6.80327654 135.76766968
v 8.94031334 -4.92739773 134.75465393
v 12.12491035 -5.29828358 135.22653198
v 11.85704708 -5.46272802 135.69197083
v 8.93914700 6.31959724 134.74131775
v 8.85973835 -4.28037596 133.83367920
v 13.24036026 -4.76931000 134.11570740
v 12.44636631 -5.12029552 134.80838013
v 12.81631184 -4.94073009 134.43940735
v 8.85859203 5.66927433 133.82057190
v 8.79006386 -3.48096037 133.03729248
v 21.31102562 -4.26927471 132.73112488
v 15.10137749 -4.42347527 133.46522522
v 14.65812206 -4.44236565 133.52917480
v 13.70991135 -4.61646271 133.84832764
v 14.18967628 -4.50715303 133.65374756
v 8.78917313 4.86884308 133.02711487
v 8.73323154 -2.55078197 132.38769531
v 21.24160767 -3.46884322 131.93766785
v 8.73271847 3.94068360 132.38182068
v 8.69140720 -1.52195442 131.90963745
v 21.18515205 -2.54068351 131.29237366
v 8.69121265 2.91582513 131.90742493
v 8.66585827 -0.42736852 131.61761475
v 21.14364624 -1.51582503 130.81797791
v 8.66582108 1.82479227 131.61718750
v 8.65727234 0.69935179 131.51947021
v 21.11825562 -0.42479226 130.52774048
v 21.10970497 0.70064819 130.43002319
v 21.11829185 1.82736850 130.52816772
v 21.14384079 2.92195439 130.82019043
v 21.18566513 3.95078206 131.29824829
v 21.24249649 4.88096046 131.94784546
v 14.69839764 5.83804846 133.51928711
v 15.10137749 5.82347536 133.46522522
v 21.31217194 5.68037558 132.74423218
v 12.61770248 6.43432474 134.62545776
v 12.98139668 6.26994658 134.30270386
v 13.39504051 6.11457825 134.01989746
v 13.83207607 5.98395014 133.79161072
v 14.27510166 5.89224529 133.62753296
v 11.78659630 6.91032457 135.84436035
v 12.01649189 6.76267529 135.39752197
v 12.29567337 6.60113049 134.99037170
v 11.50027084 7.12735319 136.82276917
v 11.61270142 7.03426075 136.32167053
v 9.87357903 7.19999981 140.01757812
v 11.46522141 7.19999981 137.79862976
v 11.45117950 7.18211985 137.31622314
v 10.07826710 9.02326107 142.35719299
v 9.96966839 8.20407677 141.11589050
v 10.19670105 9.63736725 143.71089172
v 10.32205200 10.03126526 145.14366150
v 10.45123005 10.19524956 146.62016296
v 10.58105373 10.12527943 148.10406494
v 10.70832348 9.82308006 149.55876160
v 10.82990360 9.29609585 150.94842529
v 10.94279861 8.55731201 152.23883057
v 11.04422760 7.62493181 153.39816284
v 11.14624214 6.30552053 154.55371094
v 10.89706230 6.52214098 154.41822815
v 11.16130447 6.07933378 154.69459534
v 11.19276237 5.60129166 154.92926025
v 10.97440434 5.09633780 155.11959839
v 11.22563076 5.09633780 155.09761047
v 13.80485535 6.02448845 155.93548584
v 13.72920895 5.29619408 155.07083130
v 13.76564693 5.67928886 155.48731995
v 13.89037514 6.59100056 156.91297913
v 13.84653759 6.32916498 156.41191101
v 13.98316956 6.97851801 157.97361755
v 13.93603516 6.80800200 157.43487549
v 14.08041859 7.17526531 159.08518982
v 14.03141975 7.10125017 158.52511597
v 12.76246834 7.19999981 171.19683838
v 24.00223160 7.19999981 168.89608765
v 12.99153328 7.19999981 172.35807800
v 13.18949318 7.19999981 173.46382141
v 13.36327171 7.19999981 174.57266235
v 13.55026150 7.19999981 176.05039978
v 13.46532154 7.19999981 175.32319641
v 13.61905193 7.19999981 176.75915527
v 13.71742535 7.10125017 177.88357544
v 13.66842651 7.17526531 177.32351685
v 13.81281090 6.80800200 178.97383118
v 13.76567554 6.97851801 178.43508911
v 13.90230751 6.32916498 179.99679565
v 13.85846996 6.59100056 179.49572754
v 13.94398975 6.02448845 180.47322083
v 14.01963615 5.29619408 181.33786011
v 13.98319912 5.67928886 180.92138672
v 14.08311176 4.42824697 182.06338501
v 14.05302525 4.87811947 181.71949768
v 25.10187340 4.41479635 183.44995117
v 13.93244076 4.41579628 184.42784119
v 14.10966587 3.95000005 182.36691284
v 26.96669197 10.19511700 197.37567139
v 26.83782959 10.03212452 195.90278625
v 26.71266556 9.63993549 194.47213745
v 26.59422112 9.02723789 193.11831665
v 26.48540497 8.20786095 191.87454224
v 25.73148727 6.49341774 183.25723267
v 25.64407730 7.60352421 182.25813293
v 14.16788483 1.63519657 183.30386353
v 24.67500114 1.63400793 182.38442993
v 24.64345360 1.26651227 182.29464722
v 24.76495552 2.59045315 182.59091187
v 24.63700104 1.82871318 182.22091675
v 14.11506748 2.59222460 183.52319336
v 24.91039276 3.52795148 182.94601440
v 24.61144447 2.92313099 181.92878723
v 24.62630463 2.38232374 182.09864807
v 14.03346920 3.52957368 183.89840698
v 24.59253120 3.44701862 181.71261597
v 24.56970978 3.95000005 181.45176697
v 25.26243973 6.49078321 183.30032349
v 14.13248634 3.44701862 182.62774658
v 14.15139961 2.92313099 182.84391785
v 14.16626072 2.38232374 183.01379395
v 14.18340874 1.26651227 183.20979309
v 14.17695713 1.82871318 183.13604736
v 24.54315567 4.42824697 181.14825439
v 24.51306915 4.87811947 180.80436707
v 24.47968102 5.29619408 180.42272949
v 24.44324303 5.67928886 180.00624084
v 24.40403366 6.02448845 179.55809021
v 24.36235237 6.32916498 179.08166504
v 24.31851387 6.59100056 178.58059692
v 24.27285385 6.80800200 178.05870056
v 24.22571945 6.97851801 177.51994324
v 24.17746925 7.10125017 176.96844482
v 24.12847137 7.17526531 176.40838623
v 24.07909584 7.19999981 175.84402466
v 24.02357864 7.19999981 175.13066101
v 24.58144188 10.19579792 175.51647949
v 24.71156120 10.12256908 177.00376892
v 24.83907127 9.81606483 178.46119690
v 24.96081161 9.28387356 179.85270691
v 25.07377052 8.53917122 181.14382935
v 25.17514801 7.60039377 182.30259705
v 25.54265404 8.54171753 181.09884644
v 25.42974091 9.28531361 179.80825806
v 25.30812263 9.81645966 178.41813660
v 25.18078232 10.12238026 176.96263123
v 25.05083656 10.19566822 175.47737122
v 23.95684814 7.19999981 170.21444702
v 23.93305016 7.19999981 171.40119934
v 23.95096397 7.19999981 173.64620972
v 23.92981911 7.19999981 172.49076843
v 23.98087883 7.19999981 174.39773560
v 14.44294834 8.94973564 159.68844604
v 14.38408661 8.92746830 159.01565552
v 14.56016064 8.82845783 161.02818298
v 14.50177097 8.91665840 160.36079407
v 14.61772537 8.68572712 161.68615723
v 14.72884274 8.24086285 162.95623779
v 14.67407894 8.48942280 162.33027649
v 14.83214760 7.59398079 164.13700867
v 14.78165054 7.94171286 163.55982971
v 15.46997261 7.94463396 163.49414062
v 19.60886383 7.19999981 159.17018127
v 15.12598801 7.19999981 159.56237793
v 19.51021767 7.10065603 158.04263306
v 15.02734470 7.10066319 158.43487549
v 15.13125706 8.94960308 159.62260437
v 15.36218166 8.49209309 162.26208496
v 15.24826813 8.82968140 160.96005249
v 19.61413383 8.94960308 159.23040771
v 19.49708557 8.84950447 157.89253235
v 20.69261742 7.59398079 163.62429810
v 19.73114395 8.82968140 160.56785583
v 19.84505844 8.49209309 161.86988831
v 19.95284843 7.94463396 163.10194397
v 20.64212036 7.94171286 163.04710388
v 23.59364319 7.19999981 158.82156372
v 20.75550079 7.19999981 162.84046936
v 20.74167061 7.19999981 161.59159851
v 20.71304131 7.19999981 160.74182129
v 20.53454781 8.48942280 161.81755066
v 20.58931351 8.24086285 162.44351196
v 20.66761398 7.19999981 159.90345764
v 20.42062950 8.82845783 160.51545715
v 20.47819519 8.68572712 161.17343140
v 20.60505867 7.19999981 159.08302307
v 20.36223984 8.91665840 159.84806824
v 23.50026321 7.11108828 157.75422668
v 20.55568504 7.17526531 158.51867676
v 20.24455643 8.92746830 158.50292969
v 20.30341721 8.94973564 159.17572021
v 24.47145844 7.19999981 168.85502625
v 24.09856606 8.20627022 169.99720764
v 24.56802177 8.20828056 169.95877075
v 24.20746613 9.02670765 171.24192810
v 24.32623482 9.64099979 172.59945679
v 24.45192909 10.03393936 174.03616333
v 13.66573429 4.42824697 154.34530640
v 11.33280849 4.29455900 154.45791626
v 11.49499321 3.95000005 152.48106384
v 13.69581985 4.87811947 154.68919373
v 13.61635876 3.44701862 153.78096008
v 11.42808914 3.43598938 153.96725464
v 11.51781368 3.44701862 152.74189758
v 13.63917923 3.95000005 154.04179382
v 13.59744644 2.92313099 153.56477356
v 11.50474167 2.53131223 153.61868286
v 11.53672695 2.92313099 152.95808411
v 13.57188797 1.82871318 153.27264404
v 11.55429554 1.60622239 153.41375732
v 11.55158901 2.38232374 153.12794495
v 13.58258438 2.38232374 153.39491272
v 13.56328106 0.69999999 153.17427063
v 11.57089138 0.69999999 153.34858704
v 11.56873417 1.26651227 153.32394409
v 13.56543732 1.26651227 153.19891357
v 11.56228447 1.82871318 153.25021362
v 14.05190659 7.66565228 155.21881104
v 14.10288143 8.00406265 155.80146790
v 14.69287491 7.28521633 154.61187744
v 14.15610027 8.29347324 156.40975952
v 14.21120453 8.53194141 157.03959656
v 14.79211712 8.00650692 155.74621582
v 13.57947254 1.59507036 153.11070251
v 19.04235268 0.69999999 152.69491577
v 14.55947590 0.69999999 153.08711243
v 11.57089043 0.67594558 153.34863281
v 11.43302917 0.67581820 153.36059570
v 11.57088280 0.67582291 153.34854126
v 22.39479828 0.67619318 152.40156555
v 24.92146683 10.03445244 173.99865723
v 24.79584122 9.64244175 172.56275940
v 24.67704582 9.02884483 171.20491028
v 23.40943336 6.84676743 156.71603394
v 23.32364082 6.41426134 155.73542786
v 23.24523735 5.82542086 154.83926392
v 23.17637062 5.09639597 154.05212402
v 23.14085197 6.07999325 153.64613342
v 23.16147614 5.60180855 153.88186646
v 23.11486053 6.52246618 153.34904480
v 23.12852669 6.30569363 153.50524902
v 23.02700043 7.62954283 152.34481812
v 20.03854752 0.69999999 152.60775757
v 22.03094101 0.69999999 152.43345642
v 20.04070282 1.26651227 152.63240051
v 22.05853844 1.60521650 152.49461365
v 22.02877998 1.26651227 152.40881348
v 20.05784988 2.38232374 152.82839966
v 22.14280510 2.52983284 152.68754578
v 22.02232933 1.82871318 152.33508301
v 20.04715347 1.82871318 152.70613098
v 20.07271194 2.92313099 152.99826050
v 22.27875137 3.43460250 153.01730347
v 21.99677086 2.92313099 152.04293823
v 22.01163292 2.38232374 152.21281433
v 20.11444473 3.95000005 153.47528076
v 22.45783424 4.29370594 153.48403931
v 21.97785759 3.44701862 151.82676697
v 20.09162521 3.44701862 153.21444702
v 20.17108536 4.87811947 154.12268066
v 22.67467499 5.09643602 154.09605408
v 20.14099884 4.42824697 153.77879333
v 22.92598724 5.09641504 154.07403564
v 20.20447350 5.29619408 154.50431824
v 21.95503807 3.95000005 151.56593323
v 22.67779732 5.60171556 153.92425537
v 20.24091148 5.67928886 154.92080688
v 20.32180214 6.32916498 155.84539795
v 20.28012085 6.02448845 155.36897278
v 20.41130066 6.80800200 156.86836243
v 20.36564064 6.59100056 156.34646606
v 20.50668526 7.10125017 157.95860291
v 20.45843506 6.97851801 157.40710449
v 20.18605042 8.85000610 157.83421326
v 20.12829399 8.71786880 157.17404175
v 20.07167435 8.53194141 156.52687073
v 20.01656914 8.29347324 155.89703369
v 19.96335220 8.00406265 155.28874207
v 19.91237640 7.66565228 154.70608521
v 19.86398506 7.28051138 154.15296936
v 19.81850243 6.85122442 153.63311768
v 19.77623558 6.38067102 153.15000916
v 19.73746681 5.87200785 152.70687866
v 19.70245552 5.32864761 152.30670166
v 19.67143822 4.75423574 151.95216370
v 19.64462090 4.15262508 151.64564514
v 19.80760002 3.33872271 152.06613159
v 19.93209457 2.48505616 152.36621094
v 20.01156998 1.59491897 152.54798889
v 14.56813431 1.83185339 153.18608093
v 19.05101013 1.83181226 152.79386902
v 19.01396561 5.33373785 152.37045288
v 19.03678513 1.60858643 152.63128662
v 19.07663345 2.92645288 153.08676147
v 14.59375954 2.92652154 153.47898865
v 19.11838341 3.95226741 153.56394958
v 19.08794975 6.38668966 153.21609497
v 14.63551044 3.95234895 153.95620728
v 19.17495918 4.87872124 154.21063232
v 14.69208908 4.87880135 154.60289001
v 19.24465752 5.67843056 155.00727844
v 19.17575073 7.28521633 154.21968079
v 14.76178837 5.67849779 155.39956665
v 19.32540321 6.32759714 155.93020630
v 19.27499390 8.00650692 155.35401917
v 14.84253407 6.32764435 156.32249451
v 19.41481018 6.80663729 156.95213318
v 19.38304710 8.53238583 156.58908081
v 14.93194008 6.80666256 157.34440613
v 15.01420879 8.84950447 158.28472900
v 14.90017223 8.53238583 156.98129272
v 14.55390930 1.60858643 153.02348328
v 13.62618256 2.48525095 152.91784668
v 13.69668007 3.33886123 152.60070801
v 13.81096840 4.75423574 152.46488953
v 13.78415203 4.15262508 152.15837097
v 14.26782513 8.71786880 157.68676758
v 14.32558155 8.85000610 158.34693909
v 11.13169003 6.52192783 154.39785767
v 11.43835354 4.87811947 151.83366394
v 11.40496445 5.29619408 151.45202637
v 11.46843910 4.42824697 152.17755127
v 10.14779663 7.19999981 141.31100464
v 10.37686157 7.19999981 142.47224426
v 10.57482147 7.19999981 143.57798767
v 10.74860096 7.19999981 144.68682861
v 10.93559265 7.19999981 146.16458130
v 10.85065365 7.19999981 145.43737793
v 11.00437927 7.19999981 146.87332153
v 11.10275364 7.10125017 147.99774170
v 11.05375385 7.17526531 147.43768311
v 11.19813824 6.80800200 149.08799744
v 11.15100384 6.97851801 148.54924011
v 11.28763580 6.32916498 150.11094666
v 11.24379826 6.59100056 149.60987854
v 11.32931805 6.02448845 150.58738708
v 11.36852646 5.67928886 151.03553772
v 21.46442413 7.19999981 145.95819092
v 11.58786011 7.19999981 138.49046326
v 11.82708645 7.19999981 139.14492798
v 12.17534828 7.19999981 139.74684143
v 12.62218952 7.19999981 140.27899170
v 13.15503025 7.19999981 140.72610474
v 21.51379776 7.17526531 146.52253723
v 21.56279755 7.10125017 147.08259583
v 21.61104774 6.97851801 147.63410950
v 21.65818214 6.80800200 148.17285156
v 21.70384216 6.59100056 148.69474792
v 21.74768066 6.32916498 149.19581604
v 21.78936195 6.02448845 149.67224121
v 21.82857132 5.67928886 150.12040710
v 21.86500931 5.29619408 150.53689575
v 21.89839745 4.87811947 150.91853333
v 21.92848396 4.42824697 151.26240540
v 11.46585178 13.50000000 137.80560303
v 11.46467781 13.50000000 137.10899353
v 11.58823681 13.50000000 138.49208069
v 11.82799721 13.50000000 139.14668274
v 12.17752743 13.50000000 139.74975586
v 12.62574387 13.50000000 140.28263855
v 13.75669193 7.19999981 141.07374573
v 13.15702629 13.50000000 140.72756958
v 14.40992737 7.19999981 141.31219482
v 13.75953674 13.50000000 141.07499695
v 15.09600258 7.19999981 141.43414307
v 14.41390514 13.50000000 141.31320190
v 15.79862309 7.19999981 141.43478394
v 15.09952927 13.50000000 141.43455505
v 16.49045753 7.19999981 141.31213379
v 15.79862309 13.50000000 141.43478394
v 17.14493561 7.19999981 141.07290649
v 16.48993492 13.50000000 141.31243896
v 17.74683952 7.19999981 140.72465515
v 17.14772415 13.50000000 141.07147217
v 18.27899361 7.19999981 140.27781677
v 17.75395584 13.50000000 140.71952820
v 18.72609901 7.19999981 139.74496460
v 18.28849792 13.50000000 140.26838684
v 19.07374382 7.19999981 139.14331055
v 18.73369408 13.50000000 139.73414612
v 19.31219482 7.19999981 138.49006653
v 19.07978058 13.50000000 139.13011169
v 19.43413925 7.19999981 137.80400085
v 19.31593895 13.50000000 138.47599792
v 19.43477821 7.19999981 137.10137939
v 19.43532181 13.50000000 137.79100037
v 21.85678673 7.19999981 138.96919250
v 21.67621613 7.19999981 136.90527344
v 21.57780647 7.10118389 135.78044128
v 21.38755989 7.19999981 139.01023865
v 21.34217644 7.19999981 140.32861328
v 21.31837845 7.19999981 141.51538086
v 21.31514740 7.19999981 142.60493469
v 21.33629417 7.19999981 143.76046753
v 21.36621857 7.19999981 144.51211548
v 21.40891647 7.19999981 145.24501038
v 19.35484695 7.17892313 136.58271790
v 19.43414879 13.50000000 137.09439087
v 21.67621613 -5.80000019 136.90527344
v 21.57729721 -5.70014524 135.77462769
v 21.48364830 8.20407772 140.10855103
v 21.95330620 8.20786095 140.07241821
v 21.59224701 9.02326107 141.34983826
v 21.71068192 9.63736725 142.70355225
v 21.83603287 10.03126526 144.13630676
v 21.96520996 10.19524956 145.61282349
v 15.10137749 13.50000000 133.46522522
v 15.80047035 13.50000000 133.46543884
v 15.54902267 5.84236813 133.45123291
v 14.41006470 13.50000000 133.58755493
v 13.75227547 13.50000000 133.82852173
v 16.48609543 13.50000000 133.58680725
v 13.14604473 13.50000000 134.18046570
v 17.14046288 13.50000000 133.82501221
v 12.61150169 13.50000000 134.63162231
v 17.74297333 13.50000000 134.17242432
v 12.16630650 13.50000000 135.16584778
v 18.27425575 13.50000000 134.61735535
v 11.82021999 13.50000000 135.76989746
v 18.72247314 13.50000000 135.15025330
v 11.58406162 13.50000000 136.42399597
v 19.07200241 13.50000000 135.75331116
v 19.31176376 13.50000000 136.40791321
v 15.59301758 -4.44665813 133.45256042
v 15.10137749 -11.00000000 133.46522522
v 14.41294289 -11.00000000 133.58683777
v 21.39158058 -4.91959715 133.65187073
v 16.11734962 -4.52287865 133.50605774
v 15.80343151 -11.00000000 133.46565247
v 16.65686989 -4.64841127 133.63641357
v 16.49306870 -11.00000000 133.58872986
v 17.17483139 -4.81300783 133.84098816
v 17.15120506 -11.00000000 133.83006287
v 17.65023422 -4.99273777 134.10949707
v 21.48137474 -5.40327644 134.67822266
v 18.07400322 -5.17598963 134.43095398
v 17.75596809 -11.00000000 134.18153381
v 18.44412231 -5.34837198 134.79759216
v 18.28716850 -11.00000000 134.63034058
v 18.76726532 -5.50367641 135.21488953
v 18.73288918 -11.00000000 135.16511536
v 19.03524590 -5.63524294 135.67630005
v 19.23478699 -5.72829390 136.15563965
v 19.07904243 -11.00000000 135.76826477
v 19.36605263 -5.78338861 136.63481140
v 19.31556320 -11.00000000 136.42213440
v 19.43477821 -5.80000019 137.10137939
v 19.43413925 -5.80000019 137.80400085
v 19.43537140 -11.00000000 137.10836792
v 18.27899361 -5.80000019 140.27781677
v 22.43459320 10.19511700 145.57354736
v 19.31219482 -5.80000019 138.49006653
v 19.07374382 -5.80000019 139.14331055
v 18.72609901 -5.80000019 139.74496460
v 22.06212234 9.02723789 141.31619263
v 22.18056679 9.63993549 142.67001343
v 22.30573082 10.03212452 144.10066223
v 21.48231125 6.80723476 134.68891907
v 21.39274788 6.32739782 133.66520691
v 17.04702568 6.16929388 133.78263855
v 16.53818321 6.01645088 133.60086060
v 16.03196335 5.90715075 133.49256897
v 18.33845520 6.69827461 134.68290710
v 17.94926262 6.52028322 134.32690430
v 17.52084923 6.34071445 134.02778625
v 18.97409630 7.00556898 135.55770874
v 18.68307304 6.86272144 135.09474182
v 19.20176888 7.11330128 136.06283569
v 11.46462917 -11.00000000 137.79164124
v 11.58443737 -11.00000000 138.47785950
v 11.46594906 -11.00000000 137.09432983
v 11.58839703 -11.00000000 136.40805054
v 11.82789612 -11.00000000 135.75344849
v 12.17676735 -11.00000000 135.15081787
v 12.62271690 -11.00000000 134.62039185
v 13.15574551 -11.00000000 134.17362976
v 13.75880814 -11.00000000 133.82540894
v 15.79862309 -11.00000000 141.43478394
v 16.48705673 -11.00000000 141.31317139
v 15.09656906 -11.00000000 141.43434143
v 14.40693092 -11.00000000 141.31126404
v 17.14119148 -11.00000000 141.07460022
v 13.74879456 -11.00000000 141.06993103
v 17.74425507 -11.00000000 140.72637939
v 13.14403152 -11.00000000 140.71846008
v 18.27728271 -11.00000000 140.27960205
v 12.61283016 -11.00000000 140.26965332
v 18.72323227 -11.00000000 139.74917603
v 12.16711140 -11.00000000 139.73489380
v 19.07210350 -11.00000000 139.14656067
v 11.82095718 -11.00000000 139.13172913
v 19.31160164 -11.00000000 138.49195862
v 19.43405151 -11.00000000 137.80566406
v 22.56405640 10.12538433 147.05334473
v 22.09503365 10.12527943 147.09672546
v 22.22230339 9.82307911 148.55142212
v 22.34388351 9.29609489 149.94108582
v 22.45677948 8.55731010 151.23149109
v 22.55820847 7.62492943 152.39082336
v 22.64566994 6.52192450 153.39051819
v 22.66802216 6.07972717 153.68766785
v 18.95582581 4.15262508 151.70590210
v 14.47294903 4.15262508 152.09811401
v 22.65839386 6.30575943 153.54638672
v 22.92535400 8.56227493 151.18298340
v 22.81243324 9.29959393 149.89228821
v 22.69102097 9.82459545 148.50454712
v 14.51029491 3.34888458 152.52497864
v 18.99317169 3.34888458 152.13276672
v 14.53739834 2.49620986 152.83476257
v 19.02027512 2.49620986 152.44256592
v 22.88072205 6.52205610 153.36985779
v 27.09615517 10.12538433 198.85546875
v 27.22311974 9.82459545 200.30667114
v 27.34453201 9.29959393 201.69441223
v 27.45745277 8.56227493 202.98510742
v 27.55909920 7.62954283 204.14694214
v 27.64695930 6.52246141 205.15116882
v 27.55975914 0.69673306 204.15446472
v 26.56370354 0.69999999 204.23551941
v 26.56303024 0.67362040 204.23551941
v 27.56121063 0.71472716 204.17106628
v 26.56686592 0.70851886 204.24987793
v 27.58491135 0.90796870 204.44197083
v 27.06666183 0.71463138 204.21434021
v 27.60692596 1.12051332 204.69360352
v 26.64077950 0.90804011 204.52359009
v 26.56901360 0.71535534 204.25787354
v 27.62728500 1.35279894 204.92630005
v 26.70892715 1.12073076 204.77163696
v 27.64603424 1.60548210 205.14059448
v 26.83404160 1.60407650 205.21052551
v 26.77337265 1.35291874 205.00096130
v 27.66285133 1.87396634 205.33282471
v 26.89068985 1.87190032 205.39881897
v 27.66378975 6.25043201 205.34355164
v 27.67765427 2.15755844 205.50201416
v 26.94324303 2.15494728 205.56491089
v 27.67847633 5.96654892 205.51141357
v 27.69042015 2.45507908 205.64793396
v 26.99153900 2.45180345 205.70765686
v 27.69103050 5.67028427 205.65492249
v 27.70093155 2.76183224 205.76806641
v 27.03529549 2.75990295 205.82562256
v 27.70148087 5.36084366 205.77435303
v 27.70923805 3.07937384 205.86303711
v 27.07453728 3.07821870 205.91836548
v 27.70965385 5.04377937 205.86776733
v 27.71522903 3.40254617 205.93150330
v 27.71548843 4.72007227 205.93446350
v 27.71884918 3.73032808 205.97288513
v 27.10892487 3.40309072 205.98466492
v 27.71900177 4.39090729 205.97462463
v 27.72011948 4.06154823 205.98741150
v 27.13832283 3.73180604 206.02398682
v 27.16275787 4.06285572 206.03631592
v 27.18213654 4.39384127 206.02142334
v 27.19650841 4.72308874 205.97953796
v 27.20580292 5.04757261 205.91093445
v 27.21002769 5.36505795 205.81607056
v 27.20925903 5.67354250 205.69570923
v 27.20356750 5.97028017 205.55104065
v 27.19303894 6.25361776 205.38301086
v 27.09030724 7.62492943 204.19294739
v 27.17776871 6.52192450 205.19264221
v 27.41281891 6.52205610 205.17198181
v 26.98887825 8.55731010 203.03361511
v 26.87598228 9.29609489 201.74320984
v 26.75440216 9.82307911 200.35354614
v 26.62713242 10.12527943 198.89884949
v 26.49730873 10.19524956 197.41494751
v 26.36813164 10.03126526 195.93843079
v 26.24278069 9.63736725 194.50567627
v 26.12434578 9.02326107 193.15196228
v 26.01574707 8.20407772 191.91067505
v 26.56116867 1.26651227 204.21090698
v 16.10083389 1.26651227 205.12606812
v 26.55447006 1.82871318 204.13719177
v 16.09438324 1.82871318 205.05233765
v 26.54368210 2.38232374 204.01493835
v 16.08368683 2.38232374 204.93006897
v 26.52885628 2.92313099 203.84506226
v 16.06882477 2.92313099 204.76020813
v 26.50995636 3.44701862 203.62889099
v 16.04991341 3.44701862 204.54402161
v 26.48713684 3.95000005 203.36805725
v 16.02709198 3.95000005 204.28318787
v 26.46058273 4.42824697 203.06452942
v 16.00053787 4.42824697 203.97967529
v 26.43049622 4.87811947 202.72065735
v 15.97045135 4.87811947 203.63578796
v 26.39710808 5.29619408 202.33901978
v 15.93706322 5.29619408 203.25415039
v 26.36067009 5.67928886 201.92253113
v 15.90062523 5.67928886 202.83766174
v 26.32146072 6.02448845 201.47436523
v 15.86141586 6.02448845 202.38951111
v 26.27977943 6.32916498 200.99794006
v 15.81973457 6.32916498 201.91307068
v 26.23594093 6.59100056 200.49687195
v 15.77589703 6.59100056 201.41200256
v 26.19028091 6.80800200 199.97497559
v 15.73023701 6.80800200 200.89012146
v 26.14314651 6.97851801 199.43623352
v 15.68310261 6.97851801 200.35136414
v 26.09489632 7.10125017 198.88471985
v 15.63485241 7.10125017 199.79986572
v 26.04589653 7.17526531 198.32466125
v 15.58585262 7.17526531 199.23980713
v 15.53647804 7.19999981 198.67544556
v 15.46769047 7.19999981 197.96672058
v 14.67989540 7.19999981 193.11312866
v 14.90896034 7.19999981 194.27436829
v 15.10692024 7.19999981 195.38011169
v 15.28069973 7.19999981 196.48895264
v 15.38275146 7.19999981 197.23950195
v -10.82215691 -5.80000019 183.44644165
v -10.81885052 8.20830059 177.62622070
v -10.81822109 7.19999981 176.51823425
v -10.34720230 7.19999981 176.51850891
v -10.81249809 7.19999981 166.44644165
v -7.81249905 7.19999981 166.44815063
v -1.62395883 7.19999981 171.53227234
v -7.80390501 7.19999981 167.26687622
v -7.77658653 7.19999981 168.10601807
v -7.73144054 7.19999981 168.95817566
v -7.63679218 7.19999981 170.20709229
v -7.50681353 7.19999981 171.52893066
v -6.81538582 7.19999981 171.52931213
v -2.31538653 7.19999981 171.53187561
v -10.81956100 9.02887344 178.87715149
v -10.34854031 9.02670765 178.87332153
v -10.34782982 8.20627022 177.62384033
v -10.82033539 9.64246941 180.24020386
v -10.34931374 9.64099979 180.23602295
v -10.82115459 10.03447056 181.68161011
v -10.35013390 10.03393936 181.67822266
v -10.82199764 10.19567108 183.16596985
v -10.35097790 10.19579792 183.16418457
v -10.82280064 -5.70066357 184.57826233
v -10.82284546 10.12236691 184.65692139
v -10.35182571 10.12256908 184.65716553
v -10.82342243 -5.40666246 185.67289734
v -10.82367516 9.81643105 186.11798096
v -10.82400513 -4.92764473 186.69871521
v -10.82446766 9.28527260 187.51338196
v -10.35265732 9.81606483 186.12016296
v -10.82498550 -3.47880149 188.42486572
v -10.82520390 8.54167175 188.80889893
v -10.35345078 9.28387356 187.51698303
v -10.82453156 -4.27849817 187.62516785
v -10.82585049 0.69999999 189.94644165
v -10.82586479 7.60348320 189.97257996
v -10.35418701 8.53917122 188.81303406
v -10.82579422 -0.43185341 189.84709167
v -10.82562733 -1.52652156 189.55308533
v -10.82535458 -2.55234885 189.07403564
v -10.82634640 -2.55226755 190.81880188
v -10.82643509 6.49339151 190.97546387
v -10.35484791 7.60039377 189.97622681
v -10.82607365 -1.52645290 190.33978271
v -10.82590675 -0.43181223 190.04577637
v -10.82671452 -3.47872138 191.46794128
v -10.82689953 5.23780966 191.79260254
v -10.35541725 6.49078321 190.97776794
v -10.82716942 -4.27843094 192.26763916
v -10.82734299 5.92066002 192.57421875
v -10.35588074 5.23780966 191.79286194
v -10.82769585 -4.92759752 193.19409180
v -10.82784176 6.46899462 193.45216370
v 1.67265463 5.92066002 192.58132935
v 1.20207977 5.23780966 191.79942322
v 1.67309868 5.23780966 191.79969788
v -10.82827854 -5.40663719 194.21992493
v -10.82838440 6.87130690 194.40635681
v 1.67215574 6.46899462 193.45927429
v -10.82890034 -5.70065594 195.31459045
v -10.82895565 7.11708546 195.41186523
v 1.67161369 6.87130690 194.41345215
v -10.82954311 -5.80000019 196.44644165
v -10.82954311 7.19999981 196.44644165
v 1.67104232 7.11708546 195.41896057
v -10.83465672 -5.80000019 205.44644165
v -10.83072090 7.19999981 198.51823425
v -10.35970116 7.19999981 198.51850891
v 1.67045450 7.19999981 196.45353699
v 1.66927743 7.19999981 198.52534485
v 1.19825840 7.19999981 198.52507019
v 0.66534126 7.19999981 205.45297241
v 0.67260927 7.19999981 204.73768616
v 1.03740084 7.19999981 199.83438110
v 0.90958929 7.19999981 201.01448059
v 0.81079286 7.19999981 202.09954834
v 0.73049301 7.19999981 203.25248718
v 0.69436508 7.19999981 204.00386047
v -10.83134937 8.20784283 199.62565613
v -10.83205891 9.02720928 200.87416077
v -10.36103630 9.02326107 200.86705017
v -10.36032772 8.20407677 199.62100220
v -10.83283138 9.63990593 202.23312378
v -10.36180782 9.63736725 202.22592163
v -10.83364677 10.03210258 203.66918945
v -10.36262512 10.03126526 203.66415405
v -10.83448696 10.19511223 205.14768982
v -10.36346722 10.19524956 205.14631653
v -10.83529854 -5.70117760 206.57534790
v -10.83533096 10.12540531 206.63308716
v -10.83591843 -5.40867901 207.66735840
v -10.83615875 9.82465267 208.08981323
v -10.36431313 10.12527943 206.63586426
v -10.83650017 -4.93205166 208.69107056
v -10.83695030 9.29969311 209.48284912
v -10.36514282 9.82308006 208.09613037
v -10.83748055 -3.49001217 210.41543579
v -10.83768654 8.56242371 210.77845764
v -10.36593533 9.29609585 209.49110413
v -10.83702564 -4.28603458 209.61616516
v -10.83829117 -0.45491534 211.84297180
v -10.83834934 7.62973690 211.94474792
v -10.36667156 8.55731201 210.78642273
v -10.83812237 -1.54576302 211.54602051
v -10.83784962 -2.56754732 211.06523132
v -10.83891582 1.60609078 212.94223022
v -10.83892155 6.52261400 212.95291138
v -10.36733246 7.62493181 211.95019531
v -10.83879375 1.35342371 212.72715759
v -10.83866119 1.12114823 212.49360657
v -10.83851719 0.90860784 212.24105835
v -10.83836269 0.71536481 211.96916199
v -10.83835602 0.70426261 211.95703125
v -10.83835125 0.68982750 211.94915771
v -10.83835030 0.67361659 211.94638062
v -10.83912182 2.15811944 213.30496216
v -10.83903122 6.25056934 213.14601135
v -10.60341263 6.52214098 212.95341492
v -10.83912754 5.96668625 213.31448364
v -10.36257553 5.97076941 213.31271362
v -10.36790276 6.52192783 212.95372009
v -10.36662388 6.25365496 213.14459229
v -10.83927345 2.76232815 213.57199097
v -10.83920860 5.67043686 213.45849609
v -10.35575485 5.67493057 213.45703125
v -10.83927727 5.36103010 213.57835388
v -10.34615421 5.36782837 213.57662964
v -10.83936691 3.40296602 213.73603821
v -10.83936882 4.72033358 213.73902893
v -10.31874561 4.72924900 213.73825073
v -10.83939838 4.06188774 213.79214478
v -10.28054333 4.07257700 213.79295349
v -10.23179054 3.41565943 213.73896790
v -10.17263031 2.77388954 213.57702637
v -10.10369682 2.16779113 213.31152344
v -10.02546024 1.61334383 212.94943237
v -9.98295498 1.35971880 212.73468018
v -9.93827915 1.12501371 212.49909973
v -9.89142227 0.90981698 212.24375916
v -10.33877373 0.71461779 211.96945190
v -9.83835030 0.69999999 211.94700623
v -9.84237480 0.71471024 211.96974182
v -7.50004673 5.32864761 159.61911011
v -7.50027514 5.87200785 160.02081299
v -6.80862093 5.33373785 159.62301636
v -9.83835030 0.68648815 211.94699097
v -10.33677101 0.67287356 211.94667053
v 1.66170692 -0.45542586 211.84999084
v 1.66164804 0.67298567 211.95349121
v 1.16321957 0.67288834 211.95320129
v -9.83835030 0.67296213 211.94694519
v 1.66187561 -1.54615486 211.55297852
v 1.66214883 -2.56782985 211.07215881
v 1.66251802 -3.49020076 210.42237854
v 1.66297209 -4.28614807 209.62313843
v 1.66349769 -4.93211031 208.69807434
v 1.66407931 -5.40870190 207.67439270
v 1.66469967 -5.70118284 206.58241272
v 1.67045450 -5.80000019 196.45353699
v 1.66534114 -5.80000019 205.45353699
v 1.67171955 -5.40666103 194.22708130
v 1.67109764 -5.70066309 195.32173157
v 1.67230237 -4.92764139 193.20126343
v 1.67282879 -4.27849245 192.27481079
v 1.67328310 -3.47879338 191.47511292
v 1.67365193 -2.55233812 190.82594299
v 1.67392409 -1.52650785 190.34690857
v 1.67409122 -0.43183702 190.05288696
v -9.82585049 0.69999999 189.94700623
v 1.67437112 -1.52643919 189.56021118
v 0.67414737 0.70000935 189.95297241
v 1.67414761 0.70001876 189.95353699
v 1.67420399 -0.43179584 189.85421753
v 1.67464328 -2.55225658 189.08119202
v 1.67501211 -3.47871351 188.43205261
v 1.67546642 -4.27842522 187.63235474
v 1.67599285 -4.92759418 186.70590210
v 1.67657566 -5.40663576 185.68006897
v 1.67719758 -5.70065546 184.58540344
v -10.81249809 -5.80000019 166.44644165
v 1.67784071 -5.80000019 183.45355225
v -10.81188965 7.11108112 165.37498474
v -10.81185722 -5.70110559 165.31713867
v 1.68749940 -5.80000019 166.45355225
v -10.81129742 6.84673882 164.33279419
v -10.81123638 -5.40839911 164.22476196
v 1.68876135 -5.40859652 164.23240662
v 1.68814087 -5.70115662 165.32452393
v -10.81073856 6.41419840 163.34840393
v -10.81065464 -4.93144751 163.20075989
v 1.68934309 -4.93187189 163.20860291
v -10.81022739 5.82531261 162.44880676
v -10.81012917 -4.28501463 162.27549744
v 1.68986869 -4.28572702 162.28344727
v -10.80968094 5.60172939 161.48779297
v -10.80967426 -3.48851466 161.47618103
v 1.69032288 -3.48955464 161.48416138
v -10.80977821 5.09623384 161.65863037
v -10.80937767 6.52261400 160.95292664
v -10.80930519 -2.56554365 160.82649231
v 1.69069207 -2.56692672 160.83439636
v -10.80946636 6.30576181 161.10975647
v -10.80954647 6.07999706 161.25117493
v -10.80880451 7.62973690 159.94474792
v -10.80903244 -1.54326010 160.34593201
v 1.69096518 -1.54497719 160.35366821
v -10.80886364 -0.45195556 160.04937744
v 1.69113374 -0.45397335 160.05683899
v -10.80880547 0.67695683 159.94648743
v -10.08551979 0.67236072 159.94691467
v -10.80874729 -0.45199648 159.84350586
v -10.44400406 0.67617452 159.94660950
v -10.80814171 8.56242371 158.77847290
v -10.80857849 -1.54332829 159.54693604
v 1.69125116 -0.45393348 159.85026550
v 1.41546130 0.67237771 159.95344543
v 1.69119251 0.67469347 159.95350647
v -10.80830574 -2.56562448 159.06634521
v 1.69141984 -1.54491007 159.55345154
v -10.80793667 -3.48859406 158.41664124
v 1.69169295 -2.56684685 159.07273865
v -10.80740547 9.29969311 157.48286438
v -10.80748177 -4.28508139 157.61730957
v 1.69206202 -3.48947573 158.42300415
v -10.80695629 -4.93149424 156.69204712
v 1.69251621 -4.28566074 157.62371826
v -10.80661392 9.82465267 156.08982849
v -10.80637455 -5.40842390 155.66806030
v 1.69304180 -4.93182516 156.69857788
v -10.80578709 10.12540531 154.63310242
v -10.80575371 -5.70111275 154.57571411
v 1.69362354 -5.40857172 155.67475891
v -10.80494308 10.19511223 153.14768982
v -10.80511284 -5.80000019 153.44644165
v 1.69424403 -5.70114946 154.58261108
v -10.79999924 7.19999981 144.44644165
v -10.79999924 -5.80000019 144.44644165
v -8.54999924 -5.80000019 144.44772339
v -10.80117607 7.19999981 146.51824951
v -10.80180550 8.20784283 147.62567139
v -10.80251503 9.02720928 148.87416077
v -10.80328655 9.63990593 150.23312378
v -10.80410290 10.03210258 151.66920471
v -8.48852158 -5.80000019 145.14765930
v -5.25212812 -5.80000019 148.38772583
v -4.55227280 -5.80000019 148.44999695
v -3.85234714 -5.80000019 148.38851929
v -8.30762959 -5.80000019 145.82058716
v -8.01351070 -5.80000019 146.45072937
v -7.61507368 -5.80000019 147.02001953
v -7.12350798 -5.80000019 147.51214600
v -6.55466127 -5.80000019 147.91123962
v -5.92486191 -5.80000019 148.20606995
v -2.54927301 -5.80000019 147.91351318
v 1.69488549 -5.80000019 153.45355225
v -3.17940712 -5.80000019 148.20762634
v -10.79935455 7.10013485 143.31143188
v -10.79935741 -5.70118189 143.31729126
v -10.79873466 -5.40721512 142.22158813
v -8.22472095 -5.60557318 142.86999512
v -8.51527691 -5.77892256 143.92408752
v -8.40779400 -5.71330261 143.39291382
v -10.79872894 6.80327415 142.21089172
v -10.79815102 -4.92744255 141.19406128
v -7.66722536 -5.29828358 141.94342041
v -7.97488356 -5.46272802 142.38356018
v -10.79814339 6.31975698 141.18087769
v -10.79762554 -4.28046799 140.26960754
v -6.45863199 -4.76931000 140.93472290
v -7.31032705 -5.12029552 141.55506897
v -6.90944004 -4.94073009 141.21997070
v -10.79761887 5.66966295 140.25680542
v -10.79717159 -3.48092365 139.47006226
v 1.70237935 -4.26966286 140.26390076
v -4.54772758 -4.42347527 140.44999695
v -4.99488354 -4.44236565 140.47482300
v -5.96743536 -4.61646271 140.70956421
v -5.47245121 -4.50715303 140.55781555
v -10.79716587 4.86933088 139.46028137
v -10.79680061 -2.55057716 138.81787109
v 1.70283198 -3.46933079 139.46739197
v -10.79679775 3.94121194 138.81240845
v -10.79652882 -1.52173281 138.33804321
v 1.70319998 -2.54121184 138.81951904
v -10.79652691 2.91647720 138.33613586
v -10.79636192 -0.42706135 138.04492188
v 1.70347059 -1.51647723 138.34323120
v -10.79636192 1.82543254 138.04466248
v -10.79630566 0.69983739 137.94645691
v 1.70363629 -0.42543259 138.05177307
v 1.70369208 0.70016259 137.95356750
v 1.70363605 1.82706141 138.05203247
v 1.70346951 2.92173290 138.34513855
v 1.70319688 3.95057726 138.82498169
v 1.70282638 4.88092375 139.47715759
v -4.98880768 5.84107780 140.47239685
v -4.54772758 5.82347536 140.44999695
v 1.70237207 5.68046761 140.27671814
v -6.90054131 6.33749962 141.21315002
v -6.44689417 6.16508675 140.92999268
v -5.95397472 6.01281929 140.70434570
v -5.46011591 5.90491533 140.55604553
v -7.97395468 6.86308050 142.38252258
v -7.66499138 6.69667482 141.94026184
v -7.30441332 6.51788235 141.54977417
v -8.40774536 7.11439943 143.39639282
v -8.22553349 7.00599194 142.87168884
v -10.33015728 7.19999981 146.51850891
v -8.54999924 7.19999981 144.44772339
v -8.51643944 7.17899275 143.92558289
v -10.33149147 9.02326107 148.86705017
v -10.33078384 8.20407677 147.62101746
v -10.33226395 9.63736725 150.22592163
v -10.33308029 10.03126526 151.66416931
v -10.33392239 10.19524956 153.14631653
v -10.33476925 10.12527943 154.63587952
v -10.33559895 9.82308006 156.09613037
v -10.33639145 9.29609585 157.49110413
v -10.33712769 8.55731201 158.78643799
v -10.33778858 7.62493181 159.95019531
v -10.33753395 6.30552053 161.11024475
v -10.57386780 6.52214098 160.95341492
v -10.33488846 6.07933378 161.25190735
v -10.32413673 5.60129166 161.48841858
v -10.55835533 5.09633780 161.65887451
v -10.30616379 5.09633780 161.65901184
v -7.81038094 6.02448845 162.71990967
v -7.80988789 5.29619408 161.85195923
v -7.81012535 5.67928886 162.27003479
v -7.81093836 6.59100056 163.70112610
v -7.81065273 6.32916498 163.19815063
v -7.81154299 6.97851801 164.76582336
v -7.81123590 6.80800200 164.22502136
v -7.81217718 7.17526531 165.88163757
v -7.81185770 7.10125017 165.31944275
v -10.18750286 7.19999981 177.83099365
v 1.21075797 7.19999981 176.52507019
v -10.06118584 7.19999981 179.00784302
v -9.96098709 7.19999981 180.12669373
v -9.88514805 7.19999981 181.24649048
v -9.82850933 7.19999981 182.73495483
v -9.84932899 7.19999981 182.00309753
v -9.82215786 7.19999981 183.44700623
v -9.82279873 7.10125017 184.57572937
v -9.82247925 7.17526531 184.01351929
v -9.82342052 6.80800200 185.67013550
v -9.82311344 6.97851801 185.12933350
v -9.82400417 6.32916498 186.69700623
v -9.82371807 6.59100056 186.19403076
v -9.82427597 6.02448845 187.17526245
v -9.82476902 5.29619408 188.04319763
v -9.82453156 5.67928886 187.62512207
v -9.82518291 4.42824697 188.77149963
v -9.82498646 4.87811947 188.42630005
v 1.02947128 4.41479635 191.11929321
v -10.18268681 4.41579628 191.11361694
v -9.82535553 3.95000005 189.07617188
v 1.66551077 10.19511700 205.15492249
v 1.66635084 10.03212452 203.67640686
v 1.66716671 9.63993549 202.24029541
v 1.66793883 9.02723789 200.88130188
v 1.66864824 8.20786095 199.63278198
v 1.67356300 6.49341774 190.98254395
v 1.67413282 7.60352421 189.97964478
v -9.84955215 1.63519657 190.01461792
v 0.69771349 1.63400793 190.02044678
v 0.67416185 1.26651227 189.92823792
v 0.76920760 2.59045315 190.23400879
v 0.67420387 1.82871318 189.85423279
v -9.92140579 2.59222460 190.22846985
v 0.88293314 3.52795148 190.60050964
v 0.67437047 2.92313099 189.56097412
v 0.67427361 2.38232374 189.73149109
v -10.03560543 3.52957368 190.59509277
v 0.67449379 3.44701862 189.34397888
v 0.67464256 3.95000005 189.08213806
v 1.20254278 6.49078321 190.98432922
v -9.82550430 3.44701862 189.33801270
v -9.82562828 2.92313099 189.55500793
v -9.82572460 2.38232374 189.72552490
v -9.82583618 1.26651227 189.92227173
v -9.82579422 1.82871318 189.84826660
v 0.67481565 4.42824697 188.77746582
v 0.67501175 4.87811947 188.43226624
v 0.67522943 5.29619408 188.04916382
v 0.67546695 5.67928886 187.63108826
v 0.67572260 6.02448845 187.18122864
v 0.67599428 6.32916498 186.70297241
v 0.67628008 6.59100056 186.19999695
v 0.67657775 6.80800200 185.67610168
v 0.67688501 6.97851801 185.13529968
v 0.67719954 7.10125017 184.58169556
v 0.67751896 7.17526531 184.01948547
v 0.67784083 7.19999981 183.45297241
v 0.68511432 7.19999981 182.73748779
v 1.20698225 10.19579792 183.17076111
v 1.20613396 10.12256908 184.66372681
v 1.20530272 9.81606483 186.12673950
v 1.20450914 9.28387356 187.52354431
v 1.20377278 8.53917122 188.81959534
v 1.20311189 7.60039377 189.98278809
v 1.67479396 8.54171753 188.81593323
v 1.67553008 9.28531361 187.52040100
v 1.67632282 9.81645966 186.12498474
v 1.67715299 10.12238026 184.66392517
v 1.67800009 10.19566822 183.17297363
v 1.04990137 7.19999981 177.83436584
v 0.92209089 7.19999981 179.01446533
v 0.74299866 7.19999981 181.25239563
v 0.82329297 7.19999981 180.09954834
v 0.70687211 7.19999981 182.00364685
v -7.50396442 8.94973564 166.51437378
v -7.50358057 8.92746830 165.83900452
v -7.50472832 8.82845783 167.85923767
v -7.50434780 8.91665840 167.18928528
v -7.50510359 8.68572712 168.51971436
v -7.50582790 8.24086285 169.79464722
v -7.50547123 8.48942280 169.16630554
v -7.50650167 7.59398079 170.97993469
v -7.50617218 7.94171286 170.40055847
v -6.81474161 7.94463396 170.39549255
v -2.31250000 7.19999981 166.45127869
v -6.81249905 7.19999981 166.44871521
v -2.31185675 7.10065603 165.31942749
v -6.81185627 7.10066319 165.31690979
v -6.81253338 8.94960308 166.50917053
v -6.81403875 8.49209309 169.15873718
v -6.81329632 8.82968140 167.85173035
v -2.31253433 8.94960308 166.51171875
v -2.31177115 8.84950447 165.16874695
v -1.62364697 7.59398079 170.98327637
v -2.31329703 8.82968140 167.85427856
v -2.31403971 8.49209309 169.16128540
v -2.31474233 7.94463396 170.39805603
v -1.62331772 7.94171286 170.40390015
v 1.68749940 7.19999981 166.45355225
v -1.49224699 7.19999981 170.20799255
v -1.39647055 7.19999981 168.96272278
v -1.35044527 7.19999981 168.11370850
v -1.62261653 8.48942280 169.16964722
v -1.62297356 8.24086285 169.79798889
v -1.32215548 7.19999981 167.27459717
v -1.62187386 8.82845783 167.86257935
v -1.62224913 8.68572712 168.52305603
v -1.31250012 7.19999981 166.45184326
v -1.62149322 8.91665840 167.19262695
v 1.68810821 7.11108828 165.38214111
v -1.31217825 7.17526531 165.88533020
v -1.62072611 8.92746830 165.84236145
v -1.62110984 8.94973564 166.51771545
v 1.68177700 7.19999981 176.52534485
v 1.21012998 8.20627022 177.63040161
v 1.68114746 8.20828056 177.63328552
v 1.20942008 9.02670765 178.87988281
v 1.20864582 9.64099979 180.24258423
v 1.20782650 10.03393936 181.68478394
v -7.80947399 4.42824697 161.12365723
v -10.14323807 4.29453516 161.03117371
v -9.80831051 3.95000005 159.07618713
v -7.80966997 4.87811947 161.46885681
v -7.80915213 3.44701862 160.55714417
v -10.00522518 3.43576145 160.55065918
v -9.80845928 3.44701862 159.33801270
v -7.80930090 3.95000005 160.81898499
v -7.80902863 2.92313099 160.34014893
v -9.89833164 2.53061843 160.21006775
v -9.80858326 2.92313099 159.55502319
v -7.80886221 1.82871318 160.04690552
v -9.83105564 1.60604811 160.01045227
v -9.80867958 2.38232374 159.72554016
v -7.80893183 2.38232374 160.16963196
v -7.80880594 0.69999999 159.94815063
v -9.80880547 0.69999999 159.94702148
v -9.80879402 1.26651227 159.92228699
v -7.80882025 1.26651227 159.97288513
v -9.80875015 1.82871318 159.84826660
v -7.50052786 6.38067102 160.46563721
v -7.50080347 6.85122442 160.95060730
v -6.80910349 6.38668966 160.47189331
v -7.50109959 7.28051138 161.47244263
v -7.50141525 7.66565228 162.02766418
v -6.80967569 7.28521633 161.47930908
v -7.78710032 1.59507036 159.88624573
v -2.30880690 0.69999999 159.95127869
v -6.80880594 0.69999999 159.94871521
v -9.80881119 0.67594558 159.94705200
v -9.94719124 0.67581820 159.94688416
v -9.80881119 0.67582291 159.94697571
v 1.05647182 0.67619312 159.95314026
v 1.67884338 10.03445244 181.68861389
v 1.67966235 9.64244175 180.24722290
v 1.68043685 9.02884483 178.88420105
v 1.68870032 6.84676743 164.33998108
v 1.68925953 6.41426134 163.35562134
v 1.68977070 5.82542086 162.45603943
v 1.69021964 5.09639597 161.66589355
v 1.69045115 6.07999325 161.25834656
v 1.69031668 5.60180855 161.49499512
v 1.69062054 6.52246618 160.96012878
v 1.69053149 6.30569363 161.11692810
v 1.69119334 7.62954283 159.95205688
v -1.30880702 0.69999999 159.95184326
v 0.69119787 0.69999999 159.95298767
v -1.30882108 1.26651227 159.97657776
v 0.71332192 1.60521650 160.01632690
v 0.69120669 1.26651227 159.92825317
v -1.30893290 2.38232374 160.17332458
v 0.78034157 2.52983284 160.21591187
v 0.69124871 1.82871318 159.85423279
v -1.30886316 1.82871318 160.05059814
v -1.30902970 2.92313099 160.34384155
v 0.88683647 3.43460250 160.55632019
v 0.69141537 2.92313099 159.56098938
v 0.69131845 2.38232374 159.73149109
v -1.30930185 3.95000005 160.82267761
v 1.02428544 4.29370594 161.03697205
v 0.69153863 3.44701862 159.34397888
v -1.30915308 3.44701862 160.56083679
v -1.30967104 4.87811947 161.47254944
v 1.18660414 5.09643602 161.66563416
v -1.30947495 4.42824697 161.12734985
v 1.43888426 5.09641504 161.66575623
v -1.30988872 5.29619408 161.85565186
v 0.69168741 3.95000005 159.08213806
v 1.20478296 5.60171556 161.49478149
v -1.31012619 5.67928886 162.27372742
v -1.31065357 6.32916498 163.20184326
v -1.31038189 6.02448845 162.72360229
v -1.31123698 6.80800200 164.22871399
v -1.31093931 6.59100056 163.70481873
v -1.31185877 7.10125017 165.32313538
v -1.31154430 6.97851801 164.76951599
v -1.62034464 8.85000610 165.17108154
v -1.61996818 8.71786880 164.50840759
v -1.61959910 8.53194141 163.85874939
v -1.61923981 8.29347324 163.22650146
v -1.61889291 8.00406265 162.61589050
v -1.61856055 7.66565228 162.03100586
v -1.61824512 7.28051138 161.47578430
v -1.61794865 6.85122442 160.95394897
v -1.61767316 6.38067102 160.46899414
v -1.61742043 5.87200785 160.02416992
v -1.61719215 5.32864761 159.62245178
v -1.61698997 4.75423574 159.26657104
v -1.61681509 4.15262508 158.95887756
v -1.49135113 3.33872271 159.39204407
v -1.39365840 2.48505616 159.70188904
v -1.33043540 1.59491897 159.88993835
v -6.80886269 1.83185339 160.04806519
v -2.30886340 1.83181226 160.05061340
v -2.30862188 5.33373785 159.62556458
v -2.30877066 1.60858643 159.88740540
v -2.30903029 2.92645288 160.34461975
v -6.80902958 2.92652154 160.34208679
v -2.30930257 3.95226741 160.82362366
v -2.30910420 6.38668966 160.47444153
v -6.80930185 3.95234895 160.82112122
v -2.30967140 4.87872124 161.47277832
v -6.80967045 4.87880135 161.47029114
v -2.31012559 5.67843056 162.27247620
v -2.30967641 7.28521633 161.48185730
v -6.81012487 5.67849779 162.27000427
v -2.31065202 6.32759714 163.19892883
v -2.31032348 8.00650692 162.62054443
v -6.81065130 6.32764435 163.19645691
v -2.31123495 6.80663729 164.22474670
v -2.31102777 8.53238583 163.86032104
v -6.81123400 6.80666256 164.22225952
v -6.81177044 8.84950447 165.16618347
v -6.81102705 8.53238583 163.85775757
v -6.81032276 8.00650692 162.61798096
v -6.80876970 1.60858643 159.88484192
v -7.72365236 2.48525095 159.69822693
v -7.62560701 3.33886123 159.38848877
v -7.49984455 4.75423574 159.26322937
v -7.49966955 4.15262508 158.95553589
v -7.50174761 8.00406265 162.61254883
v -7.50209427 8.29347324 163.22315979
v -7.50245380 8.53194141 163.85540771
v -7.50282288 8.71786880 164.50506592
v -7.50319910 8.85000610 165.16773987
v -10.33835888 6.52192783 160.95372009
v -9.80794144 4.87811947 158.42630005
v -9.80772400 5.29619408 158.04321289
v -9.80813789 4.42824697 158.77149963
v -10.17045689 7.19999981 147.83099365
v -10.04414082 7.19999981 149.00785828
v -9.94394112 7.19999981 150.12669373
v -9.86810207 7.19999981 151.24652100
v -9.81146336 7.19999981 152.73498535
v -9.83228302 7.19999981 152.00312805
v -9.80511284 7.19999981 153.44702148
v -9.80575371 7.10125017 154.57572937
v -9.80543423 7.17526531 154.01353455
v -9.80637550 6.80800200 155.67015076
v -9.80606842 6.97851801 155.12933350
v -9.80695915 6.32916498 156.69702148
v -9.80667305 6.59100056 156.19403076
v -9.80723095 6.02448845 157.17526245
v -9.80748653 5.67928886 157.62513733
v 0.69488567 7.19999981 153.45298767
v -8.48852158 7.19999981 145.14765930
v -8.30762959 7.19999981 145.82058716
v -8.01351070 7.19999981 146.45072937
v -7.61507368 7.19999981 147.02001953
v -7.12350798 7.19999981 147.51214600
v 0.69456381 7.17526531 154.01950073
v 0.69424438 7.10125017 154.58169556
v 0.69392985 6.97851801 155.13529968
v 0.69362259 6.80800200 155.67611694
v 0.69332492 6.59100056 156.19999695
v 0.69303918 6.32916498 156.70298767
v 0.69276744 6.02448845 157.18122864
v 0.69251186 5.67928886 157.63110352
v 0.69227433 5.29619408 158.04917908
v 0.69205666 4.87811947 158.43226624
v 0.69186050 4.42824697 158.77746582
v -8.54998493 13.50000000 144.45439148
v -8.48998547 13.50000000 143.76037598
v -8.48834991 13.50000000 145.14897156
v -8.30701828 13.50000000 145.82203674
v -8.01178741 13.50000000 146.45347595
v -7.61203480 13.50000000 147.02375793
v -6.55466127 7.19999981 147.91123962
v -7.12180424 13.50000000 147.51365662
v -5.92486191 7.19999981 148.20606995
v -6.55214453 13.50000000 147.91261292
v -5.25212812 7.19999981 148.38772583
v -5.92116499 13.50000000 148.20735168
v -4.55227280 7.19999981 148.44999695
v -5.24872875 13.50000000 148.38844299
v -3.85234714 7.19999981 148.38851929
v -4.55227280 13.50000000 148.44999695
v -3.17940712 7.19999981 148.20762634
v -3.85277367 13.50000000 148.38874817
v -2.54927301 7.19999981 147.91351318
v -3.17632365 13.50000000 148.20637512
v -1.97997308 7.19999981 147.51507568
v -2.54161668 13.50000000 147.90896606
v -1.48784888 7.19999981 147.02351379
v -1.96971524 13.50000000 147.50654602
v -1.08876479 7.19999981 146.45466614
v -1.47942877 13.50000000 147.01350403
v -0.79392999 7.19999981 145.82485962
v -1.08168817 13.50000000 146.44219971
v -0.61227345 7.19999981 145.15213013
v -0.78905118 13.50000000 145.81141663
v -0.55000067 7.19999981 144.45227051
v -0.61001444 13.50000000 145.13961792
v 1.69882190 7.19999981 146.52534485
v 1.69999897 7.19999981 144.45355225
v 1.70064056 7.10118198 143.32440186
v 1.22780287 7.19999981 146.52508545
v 1.06694531 7.19999981 147.83438110
v 0.93913370 7.19999981 149.01448059
v 0.84033728 7.19999981 150.09956360
v 0.76003742 7.19999981 151.25250244
v 0.72390956 7.19999981 152.00387573
v 0.70215368 7.19999981 152.73768616
v -0.58412760 7.17892313 143.92860413
v -0.55001527 13.50000000 144.44560242
v 1.69999897 -5.80000019 144.45355225
v 1.70064390 -5.70013475 143.31852722
v 1.22717655 8.20407772 147.62757874
v 1.69819272 8.20786095 147.63279724
v 1.22646856 9.02326107 148.87361145
v 1.22569644 9.63736725 150.23249817
v 1.22487938 10.03126526 151.67073059
v 1.22403717 10.19524956 153.15289307
v -4.54772758 13.50000000 140.44999695
v -3.85127115 13.50000000 140.51155090
v -4.10057974 5.84236813 140.47532654
v -5.24722624 13.50000000 140.51124573
v -5.92367649 13.50000000 140.69361877
v -3.17883492 13.50000000 140.69265747
v -6.55838346 13.50000000 140.99102783
v -2.54785538 13.50000000 140.98738098
v -7.13028479 13.50000000 141.39346313
v -1.97819591 13.50000000 141.38633728
v -7.62057114 13.50000000 141.88648987
v -1.48796523 13.50000000 141.87625122
v -8.01831150 13.50000000 142.45779419
v -1.08821261 13.50000000 142.44651794
v -8.31094837 13.50000000 143.08857727
v -0.79298151 13.50000000 143.07795715
v -0.61165053 13.50000000 143.75103760
v -4.05687094 -4.44665813 140.48051453
v -4.54772758 -11.00000000 140.44999695
v -5.24425316 -11.00000000 140.51077271
v 1.70185435 -4.91975689 141.18798828
v -3.53925490 -4.52287865 140.57980347
v -3.84829831 -11.00000000 140.51203918
v -3.01324821 -4.64841127 140.75697327
v -3.17205596 -11.00000000 140.69519043
v -2.51522923 -4.81300783 141.00621033
v -2.53768754 -11.00000000 140.99331665
v -2.06521273 -4.99273777 141.31538391
v 1.70126915 -5.40327406 142.21800232
v -1.67127752 -5.17598963 141.67277527
v -1.96624374 -11.00000000 141.39639282
v -1.33474636 -5.34837198 142.07048035
v -1.47651780 -11.00000000 141.88998413
v -1.04945350 -5.50367641 142.51449585
v -1.07942665 -11.00000000 142.46174622
v -0.82298303 -5.63524294 142.99763489
v -0.66625899 -5.72829390 143.49263000
v -0.78750658 -11.00000000 143.09284973
v -0.57753372 -5.78338861 143.98147583
v -0.60923338 -11.00000000 143.76486206
v -0.55000067 -5.80000019 144.45227051
v -0.61227345 -5.80000019 145.15213013
v -0.55002284 -11.00000000 144.45893860
v -1.97997308 -5.80000019 147.51507568
v 1.69505525 10.19511700 153.15493774
v -0.79392999 -5.80000019 145.82485962
v -1.08876479 -5.80000019 146.45466614
v -1.48784888 -5.80000019 147.02351379
v 1.69748330 9.02723789 148.88131714
v 1.69671118 9.63993549 150.24031067
v 1.69589520 10.03212452 151.67642212
v 1.70126307 6.80721521 142.22868347
v 1.70184684 6.32744265 141.20117188
v -2.63742352 6.16929388 140.93687439
v -3.12835908 6.01645088 140.71115112
v -3.62312722 5.90715075 140.55886841
v -1.42994559 6.69827461 141.94694519
v -1.78640974 6.52028322 141.55818176
v -2.18693018 6.34071445 141.22262573
v -0.87349391 7.00556898 142.87414551
v -1.12278247 6.86272144 142.38743591
v -0.69100893 7.11330128 143.39729309
v -8.54997730 -11.00000000 144.44105530
v -8.49076653 -11.00000000 145.13514709
v -8.48755264 -11.00000000 143.74655151
v -8.30545712 -11.00000000 143.07368469
v -8.00950813 -11.00000000 142.44258118
v -7.60910845 -11.00000000 141.87277222
v -7.11832094 -11.00000000 141.38342285
v -6.54820871 -11.00000000 140.98510742
v -5.91689491 -11.00000000 140.69110107
v -4.55227280 -11.00000000 148.44999695
v -3.85574698 -11.00000000 148.38923645
v -5.25170183 -11.00000000 148.38795471
v -5.92794418 -11.00000000 148.20481873
v -3.18310523 -11.00000000 148.20890808
v -6.56231260 -11.00000000 147.90669250
v -2.55179119 -11.00000000 147.91488647
v -7.13375616 -11.00000000 147.50361633
v -1.98167896 -11.00000000 147.51658630
v -7.62348223 -11.00000000 147.01000977
v -1.49089181 -11.00000000 147.02723694
v -8.02057362 -11.00000000 146.43826294
v -1.09049141 -11.00000000 146.45741272
v -8.31249332 -11.00000000 145.80714417
v -0.79454303 -11.00000000 145.82630920
v -0.61244732 -11.00000000 145.15344238
v 1.69421124 10.12538433 154.64038086
v 1.22319090 10.12527943 154.64244080
v 1.22236121 9.82307911 156.10270691
v 1.22156870 9.29609489 157.49768066
v 1.22083271 8.55731010 158.79299927
v 1.22017157 7.62492943 159.95677185
v 1.21960139 6.52192450 160.96029663
v 1.21580076 6.07972717 161.25825500
v -2.30824280 4.15262508 158.95848083
v -6.80824232 4.15262508 158.95593262
v 1.21860337 6.30575943 161.11666870
v 1.69185591 8.56227493 158.78579712
v 1.69259202 9.29959393 157.49017334
v 1.69338357 9.82459545 156.09712219
v -6.80848551 3.34888458 159.38442993
v -2.30848622 3.34888458 159.38697815
v -6.80866241 2.49620986 159.69540405
v -2.30866289 2.49620986 159.69796753
v 1.45556498 6.52205610 160.96032715
v 1.66466677 10.12538433 206.64036560
v 1.66383910 9.82459545 208.09712219
v 1.66304767 9.29959393 209.49017334
v 1.66231155 8.56227493 210.78578186
v 1.66164887 7.62954283 211.95205688
v 1.66164649 0.68919629 211.95625305
v 1.66107619 6.52246141 212.96011353
v 1.66164207 0.70363063 211.96414185
v 0.66232038 0.69999999 211.95297241
v 0.66164821 0.67362040 211.95291138
v 1.66163516 0.71472716 211.97627258
v 0.66421109 0.70851886 211.96754456
v 1.66148067 0.90796870 212.24821472
v 1.16521621 0.71463138 211.97599792
v 1.66133714 1.12051332 212.50080872
v 0.71382880 0.90804011 212.24668884
v 0.66564709 0.71535534 211.97570801
v 1.66120434 1.35279894 212.73439026
v 0.75995427 1.12073076 212.49975586
v 1.66108215 1.60548210 212.94950867
v 0.84608501 1.60407650 212.94795227
v 0.80403429 1.35291874 212.73385620
v 1.66096640 6.25043201 213.15324402
v 1.66087604 2.15755844 213.31230164
v 0.92377818 2.15494728 213.31053162
v 1.66078889 5.67028427 213.46578979
v 1.66072428 2.76183224 213.57937622
v 0.99260730 2.75990295 213.57830811
v 1.66087067 5.96654892 213.32174683
v 1.66072071 5.36084366 213.58567810
v 1.66063106 3.40254617 213.74343872
v 1.66062939 4.72007227 213.74641418
v 1.66059923 4.06154823 213.79956055
v 1.05200136 3.40309072 213.74319458
v 1.10109448 4.06285572 213.79937744
v 1.13969517 4.72308874 213.74578857
v 1.16750288 5.36505795 213.58412170
v 1.17729557 5.67354250 213.46417236
v 1.18431628 5.97028017 213.31956482
v 1.18856907 6.25361776 213.15124512
v 1.19062710 7.62492943 211.95675659
v 1.19005692 6.52192450 212.96028137
v 1.42601883 6.52205610 212.96031189
v 1.19128823 8.55731010 210.79299927
v 1.19202423 9.29609489 209.49766541
v 1.19281685 9.82307911 208.10269165
v 1.19364643 10.12527943 206.64244080
v 1.19449282 10.19524956 205.15287781
v 1.19533491 10.03126526 203.67073059
v 1.19615209 9.63736725 202.23248291
v 1.19692409 9.02326107 200.87361145
v 1.19763207 8.20407772 199.62756348
v 0.66195267 1.26651227 211.92823792
v -9.83833599 1.26651227 211.92227173
v 0.66174579 1.82871318 211.85421753
v -9.83829403 1.82871318 211.84825134
v 0.66172427 2.38232374 211.73149109
v -9.83822441 2.38232374 211.72552490
v 0.66185802 2.92313099 211.56097412
v -9.83812714 2.92313099 211.55500793
v 0.66199422 3.44701862 211.34397888
v -9.83800411 3.44701862 211.33801270
v 0.66214299 3.95000005 211.08213806
v -9.83785534 3.95000005 211.07617188
v 0.66231608 4.42824697 210.77746582
v -9.83768177 4.42824697 210.77149963
v 0.66251224 4.87811947 210.43226624
v -9.83748627 4.87811947 210.42630005
v 0.66272986 5.29619408 210.04916382
v -9.83726883 5.29619408 210.04319763
v 0.66296738 5.67928886 209.63108826
v -9.83703136 5.67928886 209.62512207
v 0.66322303 6.02448845 209.18121338
v -9.83677483 6.02448845 209.17524719
v 0.66349471 6.32916498 208.70297241
v -9.83650398 6.32916498 208.69700623
v 0.66378051 6.59100056 208.19999695
v -9.83621788 6.59100056 208.19403076
v 0.66407818 6.80800200 207.67610168
v -9.83592033 6.80800200 207.67013550
v 0.66438544 6.97851801 207.13529968
v -9.83561325 6.97851801 207.12933350
v 0.66469997 7.10125017 206.58168030
v -9.83529854 7.10125017 206.57571411
v 0.66501939 7.17526531 206.01948547
v -9.83497906 7.17526531 206.01351929
v -9.83465672 7.19999981 205.44700623
v -9.84100819 7.19999981 204.73497009
v -10.20000172 7.19999981 199.83099365
v -10.07368565 7.19999981 201.00784302
v -9.97348595 7.19999981 202.12669373
v -9.89764690 7.19999981 203.24650574
v -9.86182785 7.19999981 204.00311279
v -34.17528915 -5.80000019 175.75686646
v -33.66802597 8.20830059 169.95878601
v -33.57145691 7.19999981 168.85502625
v -33.10223007 7.19999981 168.89608765
v -32.69364166 7.19999981 158.82156372
v -29.70505905 7.19999981 159.08302307
v -23.97999573 7.19999981 164.68391418
v -29.76738930 7.19999981 159.89941406
v -29.81283569 7.19999981 160.73777771
v -29.84164810 7.19999981 161.59063721
v -29.85549736 7.19999981 162.84306335
v -29.84046555 7.19999981 164.17118835
v -29.15166855 7.19999981 164.23144531
v -24.66879082 7.19999981 164.62365723
v -33.77705002 9.02887344 171.20495605
v -33.30746460 9.02670765 171.24192810
v -33.19856644 8.20627022 169.99720764
v -33.89584732 9.64246941 172.56283569
v -33.42623520 9.64099979 172.59945679
v -34.02147675 10.03447056 173.99874878
v -33.55192947 10.03393936 174.03616333
v -34.15084457 10.19567108 175.47746277
v -33.68144226 10.19579792 175.51647949
v -34.27393341 -5.70066357 176.88436890
v -34.28079224 10.12236691 176.96273804
v -33.81156158 10.12256908 177.00376892
v -34.36933899 -5.40666246 177.97485352
v -34.40813065 9.81643105 178.41824341
v -34.45874405 -4.92764473 178.99676514
v -34.52974701 9.28527260 179.80833435
v -33.93907166 9.81606483 178.46119690
v -34.60918808 -3.47880149 180.71635437
v -34.64265823 8.54167175 181.09892273
v -34.06081009 9.28387356 179.85270691
v -34.53948975 -4.27849817 179.91969299
v -34.74180222 0.69999999 182.23213196
v -34.74408340 7.60348320 182.25817871
v -34.17377090 8.53917122 181.14382935
v -34.73314667 -0.43185341 182.13316345
v -34.70751953 -1.52652156 181.84027100
v -34.66576767 -2.55234885 181.36305237
v -34.81783295 -2.55226755 183.10116577
v -34.83148956 6.49339151 183.25724792
v -34.27515030 7.60039377 182.30259705
v -34.77608490 -1.52645290 182.62397766
v -34.75046158 -0.43181223 182.33110046
v -34.87441254 -3.47872138 183.74784851
v -34.90270615 5.23780966 184.07125854
v -34.36243820 6.49078321 183.30032349
v -34.94410706 -4.27843094 184.54449463
v -34.97082901 5.92066002 184.84991455
v -34.43347931 5.23780966 184.11231995
v -35.02485275 -4.92759752 185.46742249
v -35.04734802 6.46899462 185.72451782
v -22.51839638 5.92066002 185.93936157
v -22.91949844 5.23780966 185.11965942
v -22.45027161 5.23780966 185.16070557
v -35.11426163 -5.40663719 186.48934937
v -35.13050842 6.87130690 186.67507935
v -22.59491348 6.46899462 186.81396484
v -35.20966721 -5.70065594 187.57984924
v -35.21814728 7.11708546 187.67675781
v -22.67807579 6.87130690 187.76452637
v -35.30831528 -5.80000019 188.70739746
v -35.30831528 7.19999981 188.70739746
v -22.76571274 7.11708546 188.76620483
v -36.09271622 -5.80000019 197.67315674
v -35.48888397 7.19999981 190.77131653
v -35.01965714 7.19999981 190.81236267
v -22.85588264 7.19999981 189.79684448
v -23.03645134 7.19999981 191.86076355
v -23.50567818 7.19999981 191.81970215
v -24.63647842 7.19999981 198.67544556
v -24.56730080 7.19999981 197.96347046
v -23.77930260 7.19999981 193.11016846
v -24.00881958 7.19999981 194.27476501
v -24.20120049 7.19999981 195.34721375
v -24.38103294 7.19999981 196.48887634
v -24.48208618 7.19999981 197.23429871
v -35.58540344 8.20784283 191.87452698
v -35.69421768 9.02720928 193.11827087
v -35.22434616 9.02326107 193.15196228
v -35.11574554 8.20407677 191.91067505
v -35.81265640 9.63990593 194.47206116
v -35.34278107 9.63736725 194.50567627
v -35.93782043 10.03210258 195.90266418
v -35.46813202 10.03126526 195.93843079
v -36.06667709 10.19511223 197.37553406
v -35.59730911 10.19524956 197.41494751
v -36.19110870 -5.70117760 198.79776001
v -36.19614029 10.12540531 198.85528564
v -36.28628159 -5.40867901 199.88562012
v -36.32310486 9.82465267 200.30647278
v -35.72713089 10.12527943 198.89883423
v -36.37550735 -4.93205166 200.90544128
v -36.44451523 9.29969311 201.69421387
v -35.85440063 9.82308006 200.35354614
v -36.52579498 -3.49001217 202.62324524
v -36.55743408 8.56242371 202.98489380
v -35.97598267 9.29609585 201.74320984
v -36.45613480 -4.28603458 201.82701111
v -36.65021133 -0.45491534 204.04534912
v -36.65908051 7.62973690 204.14672852
v -36.08887863 8.55731201 203.03361511
v -36.62433243 -1.54576302 203.74952698
v -36.58242798 -2.56754732 203.27055359
v -36.74601746 1.60609078 205.14042664
v -36.74694824 6.52261400 205.15106201
v -36.19030762 7.62493181 204.19294739
v -36.72727203 1.35342371 204.92616272
v -36.70691681 1.12114823 204.69349670
v -36.68490601 0.90860784 204.44192505
v -36.66120911 0.71536481 204.17106628
v -36.66063690 0.71023029 204.16448975
v -28.80245590 5.32864761 152.30670166
v -28.83746719 5.87200785 152.70687866
v -28.11396408 5.33373785 152.37045288
v -36.65975952 0.69736439 204.15446472
v -28.87623596 6.38067102 153.15000916
v -28.91850281 6.85122442 153.63311768
v -28.18795013 6.38668966 153.21609497
v -36.65922546 0.67361659 204.14836121
v -36.76283264 1.87455380 205.33262634
v -36.76377869 6.25056934 205.34342957
v -36.51236725 6.52214098 205.17195129
v -36.77763367 2.15811944 205.50177002
v -36.77846146 5.96668625 205.51124573
v -36.30354691 5.97076941 205.55075073
v -36.27777100 6.52192783 205.19264221
v -36.29302216 6.25365496 205.38291931
v -36.79039764 2.45560884 205.64765930
v -36.79101562 5.67043686 205.65472412
v -36.30924988 5.67493057 205.69512939
v -36.80090714 2.76232815 205.76777649
v -36.80146027 5.36103010 205.77412415
v -36.31003952 5.36782837 205.81510925
v -36.80921173 3.07983255 205.86273193
v -36.80963135 5.04400396 205.86750793
v -36.30588913 5.05195951 205.90979004
v -36.81520462 3.40296602 205.93119812
v -36.81546402 4.72033358 205.93418884
v -36.29673004 4.72924900 205.97850037
v -36.81882095 3.73070812 205.97257996
v -36.81897736 4.39120722 205.97433472
v -36.28255081 4.40185881 206.02076721
v -36.82009506 4.06188774 205.98710632
v -36.26340866 4.07257700 206.03630066
v -36.23925400 3.74311399 206.02490234
v -36.21016312 3.41565943 205.98672485
v -36.17611313 3.09171844 205.92181396
v -36.13720322 2.77388954 205.83052063
v -36.09368134 2.46553111 205.71377563
v -36.04553604 2.16779113 205.57199097
v -35.99301147 1.88325942 205.40638733
v -35.93624115 1.61334383 205.21803284
v -35.87530136 1.35971880 205.00776672
v -35.81039429 1.12501371 204.77694702
v -35.74160385 0.90981698 204.52662659
v -36.16354370 0.71461779 204.21461487
v -35.66901398 0.71471024 204.25787354
v -35.66303635 0.69999999 204.23558044
v -28.96398544 7.28051138 154.15296936
v -35.66303253 0.68648744 204.23556519
v -36.15957260 0.67293286 204.19207764
v -24.19777107 -0.45542586 205.13470459
v -24.20679092 0.67298567 205.23780823
v -24.70334244 0.67294592 205.19436646
v -35.66302872 0.67297310 204.23551941
v -24.17188454 -1.54615486 204.83883667
v -24.12997818 -2.56782985 204.35984802
v -24.07334709 -3.49020076 203.71253967
v -24.00368690 -4.28614807 202.91632080
v -23.92306328 -4.93211031 201.99478149
v -23.83384323 -5.40870190 200.97500610
v -23.73867035 -5.70118284 199.88717651
v -22.85588264 -5.80000019 189.79684448
v -23.64028358 -5.80000019 198.76260376
v -22.66183281 -5.40666103 187.57885742
v -22.75723839 -5.70066309 188.66934204
v -22.57242775 -4.92764139 186.55694580
v -22.49168205 -4.27849245 185.63401794
v -22.42198181 -3.47879338 184.83735657
v -22.36540413 -2.55233812 184.19065857
v -22.32365227 -1.52650785 183.71343994
v -22.29802704 -0.43183702 183.42054749
v -33.74560928 0.69999999 182.31929016
v -22.25508881 -1.52643919 182.92974854
v -23.28556442 0.70000935 183.23442078
v -22.28936958 0.70001876 183.32157898
v -22.28071213 -0.43179584 183.22262573
v -22.21333885 -2.55225658 182.45254517
v -22.15676308 -3.47871351 181.80587769
v -22.08706474 -4.27842522 181.00921631
v -22.00631905 -4.92759418 180.08628845
v -21.91691208 -5.40663576 179.06437683
v -21.82150459 -5.70065546 177.97386169
v -32.69364166 -5.80000019 158.82156372
v -21.72285652 -5.80000019 176.84631348
v -32.60026169 7.11108112 157.75418091
v -32.59521866 -5.70110559 157.69654846
v -20.24120903 -5.80000019 159.91101074
v -32.50942612 6.84673882 156.71594238
v -32.50001144 -5.40839911 156.60832214
v -20.04762459 -5.40859652 157.69831848
v -20.14280891 -5.70115662 158.78628540
v -32.42362976 6.41419840 155.73530579
v -32.41076279 -4.93144751 155.58822632
v -19.95839310 -4.93187189 156.67840576
v -32.34522629 5.82531261 154.83912659
v -32.33012009 -4.28501463 154.66648865
v -19.87776184 -4.28572702 155.75677490
v -32.26146698 5.60172939 153.88177490
v -32.26045609 -3.48851466 153.87020874
v -19.80809975 -3.48955464 154.96052551
v -32.27635956 5.09623384 154.05197144
v -32.21485138 6.52261400 153.34893799
v -32.20383072 -2.56554365 153.22299194
v -19.75146866 -2.56692672 154.31324768
v -32.22851944 6.30576181 153.50517273
v -32.24084473 6.07999706 153.64605713
v -32.12698364 7.62973690 152.34460449
v -32.16194916 -1.54326010 152.74426270
v -19.70956993 -1.54497719 153.83433533
v -32.13610077 -0.45195556 152.44883728
v -19.68369865 -0.45397335 153.53863525
v -32.12713623 0.67695683 152.34632874
v -31.40660286 0.67236072 152.40939331
v -32.11816025 -0.45199648 152.24375916
v -31.76373672 0.67617458 152.37803650
v -32.02533340 8.56242371 151.18276978
v -32.09231186 -1.54332829 151.94830322
v -19.66569519 -0.45393348 153.33283997
v -19.94938469 0.67237771 153.41177368
v -19.67469215 0.67469347 153.43569946
v -32.05042648 -2.56562448 151.46954346
v -19.63982582 -1.54491007 153.03717041
v -31.99379921 -3.48859406 150.82231140
v -19.59793091 -2.56684685 152.55828857
v -31.91241455 9.29969311 149.89208984
v -31.92413330 -4.28508139 150.02603149
v -19.54130173 -3.48947573 151.91102600
v -31.84349060 -4.93149424 149.10427856
v -19.47163963 -4.28566074 151.11477661
v -31.79100418 9.82465267 148.50434875
v -31.75424576 -5.40842390 148.08419800
v -19.39100838 -4.93182516 150.19314575
v -31.66404152 10.12540531 147.05316162
v -31.65904045 -5.70111275 146.99600220
v -19.30177689 -5.40857172 149.17323303
v -31.53458023 10.19511223 145.57341003
v -31.56061935 -5.80000019 145.87103271
v -19.20658875 -5.70114946 148.08523560
v -30.77621651 7.19999981 136.90527344
v -30.77621651 -5.80000019 136.90527344
v -28.53477859 -5.80000019 137.10137939
v -30.95678520 7.19999981 138.96919250
v -31.05330467 8.20784283 140.07238770
v -31.16211700 9.02720928 141.31614685
v -31.28055954 9.63990593 142.66993713
v -31.40572166 10.03210258 144.10054016
v -28.53413773 -5.80000019 137.80400085
v -25.59045792 -5.80000019 141.31213379
v -24.89862251 -5.80000019 141.43478394
v -24.19600296 -5.80000019 141.43414307
v -28.41219521 -5.80000019 138.49006653
v -28.17374420 -5.80000019 139.14331055
v -27.82609940 -5.80000019 139.74496460
v -27.37899399 -5.80000019 140.27781677
v -26.84683990 -5.80000019 140.72465515
v -26.24493599 -5.80000019 141.07290649
v -22.85669136 -5.80000019 141.07374573
v -19.10818481 -5.80000019 146.96047974
v -23.50992775 -5.80000019 141.31219482
v -30.67729759 7.10014534 135.77462769
v -30.67780495 -5.70118380 135.78044128
v -30.58231163 -5.40723467 134.68891907
v -28.07410622 -5.60557318 135.55773926
v -28.45484543 -5.77892256 136.58271790
v -28.30177116 -5.71330261 136.06283569
v -30.58137512 6.80327654 134.67822266
v -30.49274635 -4.92739773 133.66520691
v -27.43847275 -5.29828358 134.68292236
v -27.78308678 -5.46272802 135.09475708
v -30.49158096 6.31959724 133.65187073
v -30.41217232 -4.28037596 132.74423218
v -26.14707756 -4.76931000 133.78266907
v -27.04928780 -5.12029552 134.32693481
v -26.62089157 -4.94073009 134.02780151
v -30.41102600 5.66927433 132.73112488
v -30.34249687 -3.48096037 131.94784546
v -17.95859146 -4.26927423 133.82057190
v -24.20137787 -4.42347527 133.46522522
v -24.64900208 -4.44236565 133.45123291
v -25.63822746 -4.61646271 133.60087585
v -25.13196373 -4.50715303 133.49256897
v -30.34160805 4.86884308 131.93766785
v -30.28566551 -2.55078197 131.29824829
v -17.88917351 -3.46884322 133.02711487
v -30.28515244 3.94068336 131.29237366
v -30.24384117 -1.52195442 130.82019043
v -17.83271790 -2.54068351 132.38182068
v -30.24364662 2.91582489 130.81797791
v -30.21829224 -0.42736858 130.52816772
v -17.79121208 -1.51582503 131.90742493
v -30.21825409 1.82479215 130.52774048
v -30.20970535 0.69935173 130.43002319
v -17.76582146 -0.42479220 131.61718750
v -17.75727272 0.70064825 131.51947021
v -17.76585770 1.82736862 131.61761475
v -17.79140663 2.92195439 131.90963745
v -17.83323097 3.95078206 132.38769531
v -17.89006424 4.88096046 133.03729248
v -24.60762215 5.83804846 133.44848633
v -24.20137787 5.82347536 133.46522522
v -17.95973778 5.68037558 133.83367920
v -26.84879303 6.43432474 134.17654419
v -26.43457603 6.26994658 133.92184448
v -25.97810745 6.11457825 133.71516418
v -25.50807190 5.98395014 133.56623840
v -25.04328537 5.89224529 133.48158264
v -27.87893105 6.91032457 135.23260498
v -27.57493591 6.76267529 134.83247375
v -27.22929382 6.60113049 134.47999573
v -28.33080482 7.12735319 136.14643860
v -28.13306999 7.03426075 135.67248535
v -30.48755836 7.19999981 139.01023865
v -28.53477859 7.19999981 137.10137939
v -28.46483803 7.18211985 136.62387085
v -30.69224739 9.02326107 141.34983826
v -30.58364868 8.20407677 140.10855103
v -30.81068230 9.63736725 142.70355225
v -30.93603134 10.03126526 144.13630676
v -31.06521034 10.19524956 145.61282349
v -31.19503403 10.12527943 147.09671021
v -31.32230377 9.82308006 148.55142212
v -31.44388390 9.29609585 149.94108582
v -31.55677986 8.55731201 151.23149109
v -31.65820885 7.62493181 152.39082336
v -31.75840187 6.30552053 153.54652405
v -31.98027039 6.52214098 153.36982727
v -31.76803398 6.07933378 153.68789673
v -31.77780151 5.60129166 153.92443848
v -32.02589417 5.09633780 154.07397461
v -31.77466774 5.09633780 154.09596252
v -29.38012123 6.02448845 155.36897278
v -29.30447388 5.29619408 154.50431824
v -29.34091187 5.67928886 154.92080688
v -29.46564102 6.59100056 156.34646606
v -29.42180252 6.32916498 155.84539795
v -29.55843544 6.97851801 157.40710449
v -29.51130104 6.80800200 156.86836243
v -29.65568352 7.17526531 158.51867676
v -29.60668564 7.10125017 157.95860291
v -33.05677795 7.19999981 170.21746826
v -21.58825111 7.19999981 169.90342712
v -33.03284073 7.19999981 171.40083313
v -33.02989960 7.19999981 172.52415466
v -33.05130768 7.19999981 173.64631653
v -33.12376785 7.19999981 175.13409424
v -33.08113861 7.19999981 174.40318298
v -33.17909622 7.19999981 175.84402466
v -33.27746964 7.10125017 176.96844482
v -33.22846985 7.17526531 176.40838623
v -33.37285614 6.80800200 178.05870056
v -33.32572174 6.97851801 177.51994324
v -33.46235275 6.32916498 179.08166504
v -33.41851425 6.59100056 178.58059692
v -33.50403595 6.02448845 179.55809021
v -33.57968140 5.29619408 180.42272949
v -33.54324341 5.67928886 180.00624084
v -33.64315414 4.42824697 181.14825439
v -33.61307144 4.87811947 180.80436707
v -23.03256607 4.41479635 184.42713928
v -34.20212173 4.41579628 183.45062256
v -33.66971207 3.95000005 181.45176697
v -23.61425781 10.19511700 198.46511841
v -23.48539543 10.03212452 196.99223328
v -23.36023140 9.63993549 195.56158447
v -23.24178696 9.02723789 194.20776367
v -23.13297081 8.20786095 192.96398926
v -22.37905312 6.49341774 184.34667969
v -22.29164505 7.60352421 183.34757996
v -33.77507782 1.63519657 182.38459778
v -23.26792908 1.63400793 183.30368042
v -23.28340912 1.26651227 183.20979309
v -23.21519661 2.59045315 183.52264404
v -23.27695847 1.82871318 183.13604736
v -33.86517715 2.59222460 182.59143066
v -23.13363266 3.52795148 183.89761353
v -23.25139999 2.92313099 182.84391785
v -23.26626015 2.38232374 183.01379395
v -34.01069260 3.52957368 182.94677734
v -23.23248672 3.44701862 182.62774658
v -23.20966530 3.95000005 182.36691284
v -22.84845924 6.49078321 184.30766296
v -33.69253159 3.44701862 181.71261597
v -33.71144485 2.92313099 181.92878723
v -33.72630692 2.38232374 182.09864807
v -33.74345398 1.26651227 182.29464722
v -33.73700333 1.82871318 182.22091675
v -23.18311119 4.42824697 182.06338501
v -23.15302467 4.87811947 181.71949768
v -23.11963654 5.29619408 181.33786011
v -23.08319855 5.67928886 180.92138672
v -23.04398918 6.02448845 180.47322083
v -23.00230789 6.32916498 179.99679565
v -22.95846939 6.59100056 179.49572754
v -22.91281128 6.80800200 178.97383118
v -22.86567688 6.97851801 178.43508911
v -22.81742477 7.10125017 177.88357544
v -22.76842690 7.17526531 177.32351685
v -22.71905136 7.19999981 176.75915527
v -22.64985275 7.19999981 176.04699707
v -22.16746140 10.19579792 176.52381897
v -22.29758072 10.12256908 178.01110840
v -22.42509079 9.81606483 179.46855164
v -22.54683113 9.28387356 180.86004639
v -22.65979004 8.53917122 182.15116882
v -22.76116943 7.60039377 183.30993652
v -22.19021988 8.54171753 182.18829346
v -22.07730675 9.28531361 180.89770508
v -21.95568848 9.81645966 179.50758362
v -21.82834816 10.12238026 178.05207825
v -21.69840431 10.19566822 176.56681824
v -21.86187553 7.19999981 171.19387817
v -22.09138870 7.19999981 172.35847473
v -22.46359062 7.19999981 174.57247925
v -22.28377342 7.19999981 173.43092346
v -22.56463242 7.19999981 175.31779480
v -29.40341759 8.94973564 159.17572021
v -29.34455681 8.92746830 158.50292969
v -29.52062988 8.82845783 160.51545715
v -29.46224022 8.91665840 159.84806824
v -29.57819557 8.68572712 161.17343140
v -29.68931198 8.24086285 162.44351196
v -29.63454819 8.48942280 161.81755066
v -29.79261780 7.59398079 163.62429810
v -29.74212074 7.94171286 163.04710388
v -29.05284882 7.94463396 163.10194397
v -24.22598839 7.19999981 159.56237793
v -28.70886421 7.19999981 159.17018127
v -24.12734032 7.10065603 158.43484497
v -28.61021996 7.10066319 158.04267883
v -28.71413231 8.94960308 159.23040771
v -28.94505692 8.49209309 161.86988831
v -28.83114433 8.82968140 160.56785583
v -24.23125648 8.94960308 159.62260437
v -24.11420822 8.84950447 158.28472900
v -23.93214798 7.59398079 164.13700867
v -24.34826851 8.82968140 160.96005249
v -24.46218109 8.49209309 162.26208496
v -24.56997299 7.94463396 163.49414062
v -23.88165092 7.94171286 163.55982971
v -20.24120903 7.19999981 159.91101074
v -23.73410988 7.19999981 163.37602234
v -23.53086472 7.19999981 162.14372253
v -23.41149712 7.19999981 161.30187988
v -23.77407837 8.48942280 162.33027649
v -23.82884216 8.24086285 162.95623779
v -23.31065559 7.19999981 160.46836853
v -23.66016006 8.82845783 161.02818298
v -23.71772575 8.68572712 161.68615723
v -23.22979355 7.19999981 159.64953613
v -23.60177040 8.91665840 160.36079407
v -20.14782906 7.11108828 158.84367371
v -23.18041801 7.17526531 159.08518982
v -23.48408699 8.92746830 159.01565552
v -23.54294777 8.94973564 159.68844604
v -21.11902428 7.19999981 169.94447327
v -21.68458748 8.20627022 171.00454712
v -21.21558952 8.20828056 171.04821777
v -21.79348564 9.02670765 172.24926758
v -21.91225433 9.64099979 173.60679626
v -22.03794861 10.03393936 175.04350281
v -29.24099922 4.42824697 153.77879333
v -31.55803680 4.29455900 153.48458862
v -31.05503845 3.95000005 151.56593323
v -29.27108574 4.87811947 154.12268066
v -29.19162369 3.44701862 153.21444702
v -31.37899971 3.43598938 153.01792908
v -31.07785797 3.44701862 151.82676697
v -29.21444511 3.95000005 153.47528076
v -29.17271233 2.92313099 152.99826050
v -31.24298477 2.53131223 152.68795776
v -31.09677124 2.92313099 152.04293823
v -29.14715385 1.82871318 152.70613098
v -31.15859795 1.60622239 152.49475098
v -31.11163139 2.38232374 152.21281433
v -29.15785027 2.38232374 152.82839966
v -29.13854599 0.69999999 152.60775757
v -31.13093567 0.69999999 152.43345642
v -31.12878227 1.26651227 152.40881348
v -29.14070320 1.26651227 152.63240051
v -31.12232971 1.82871318 152.33508301
v -29.01237488 7.66565228 154.70608521
v -29.06335068 8.00406265 155.28874207
v -28.27575111 7.28521633 154.21968079
v -29.11656952 8.29347324 155.89703369
v -29.17167473 8.53194141 156.52687073
v -28.37499428 8.00650692 155.35401917
v -29.11156082 1.59507036 152.54795837
v -23.65947533 0.69999999 153.08711243
v -28.14235115 0.69999999 152.69491577
v -31.13094521 0.67594558 152.43348694
v -31.26879120 0.67581820 152.42134094
v -31.13093758 0.67582291 152.43341064
v -20.30702209 0.67619318 153.38037109
v -21.56903458 10.03445244 175.08810425
v -21.44340897 9.64244175 173.65220642
v -21.32461166 9.02884483 172.29435730
v -20.05699921 6.84676743 157.80548096
v -19.97120667 6.41426134 156.82485962
v -19.89280319 5.82542086 155.92871094
v -19.82393646 5.09639597 155.14157104
v -19.78841782 6.07999325 154.73558044
v -19.80904198 5.60180855 154.97131348
v -19.76242638 6.52246618 154.43849182
v -19.77609253 6.30569363 154.59469604
v -19.67456818 7.62954283 153.43426514
v -22.66328049 0.69999999 153.17427063
v -20.67088699 0.69999999 153.34858704
v -22.66543770 1.26651227 153.19891357
v -20.65433121 1.60521650 153.41362000
v -20.66873550 1.26651227 153.32394409
v -22.68258476 2.38232374 153.39491272
v -20.60484505 2.52983284 153.61824036
v -20.66228485 1.82871318 153.25021362
v -22.67188835 1.82871318 153.27264404
v -22.69744682 2.92313099 153.56477356
v -20.52822495 3.43460250 153.96659851
v -20.63672638 2.92313099 152.95808411
v -20.65158844 2.38232374 153.12794495
v -22.73917961 3.95000005 154.04179382
v -20.43291283 4.29370594 154.45733643
v -20.61781311 3.44701862 152.74189758
v -22.71635818 3.44701862 153.78096008
v -22.79582024 4.87811947 154.68919373
v -20.32563972 5.09643602 155.09770203
v -22.76573372 4.42824697 154.34530640
v -20.07432365 5.09641504 155.11967468
v -22.82920837 5.29619408 155.07083130
v -20.59499359 3.95000005 152.48106384
v -20.29273415 5.60171556 154.92907715
v -22.86564636 5.67928886 155.48731995
v -22.94653702 6.32916498 156.41191101
v -22.90485573 6.02448845 155.93548584
v -23.03603554 6.80800200 157.43487549
v -22.99037552 6.59100056 156.91297913
v -23.13142014 7.10125017 158.52511597
v -23.08316994 6.97851801 157.97361755
v -23.42558098 8.85000610 158.34693909
v -23.36782455 8.71786880 157.68676758
v -23.31120491 8.53194141 157.03959656
v -23.25609970 8.29347324 156.40975952
v -23.20288086 8.00406265 155.80146790
v -23.15190697 7.66565228 155.21881104
v -23.10351562 7.28051138 154.66569519
v -23.05803299 6.85122442 154.14584351
v -23.01576614 6.38067102 153.66273499
v -22.97699738 5.87200785 153.21960449
v -22.94198608 5.32864761 152.81942749
v -22.91096878 4.75423574 152.46488953
v -22.88415146 4.15262508 152.15837097
v -22.79666710 3.33872271 152.60076904
v -22.72616959 2.48505616 152.91790771
v -22.67946815 1.59491897 153.11071777
v -28.15101051 1.83185339 152.79388428
v -23.66813278 1.83181226 153.18608093
v -23.63108826 5.33373785 152.76264954
v -23.65390968 1.60858643 153.02348328
v -23.69375801 2.92645288 153.47895813
v -28.17663574 2.92652154 153.08677673
v -23.73550606 3.95226741 153.95616150
v -23.70507431 6.38668966 153.60830688
v -28.21838760 3.95234895 153.56399536
v -23.79208374 4.87872124 154.60282898
v -28.27496529 4.87880135 154.21069336
v -23.86178207 5.67843056 155.39949036
v -23.79287529 7.28521633 154.61187744
v -28.34466553 5.67849779 155.00737000
v -23.94252777 6.32759714 156.32241821
v -23.89211655 8.00650692 155.74621582
v -28.42541122 6.32764435 155.93029785
v -24.03193474 6.80663729 157.34432983
v -24.00017166 8.53238583 156.98129272
v -28.51481628 6.80666256 156.95220947
v -28.59708405 8.84950447 157.89253235
v -28.48304749 8.53238583 156.58908081
v -28.13678551 1.60858643 152.63128662
v -29.03207207 2.48525095 152.36614990
v -28.90757561 3.33886123 152.06607056
v -28.77143860 4.75423574 151.95216370
v -28.74462128 4.15262508 151.64564514
v -29.22829437 8.71786880 157.17404175
v -29.28605080 8.85000610 157.83421326
v -31.74567032 6.52192783 153.39051819
v -30.99839783 4.87811947 150.91853333
v -30.96500778 5.29619408 150.53689575
v -31.02848434 4.42824697 151.26240540
v -30.44210625 7.19999981 140.33163452
v -30.41816902 7.19999981 141.51499939
v -30.41522598 7.19999981 142.63832092
v -30.43663597 7.19999981 143.76049805
v -30.50909615 7.19999981 145.24827576
v -30.46646690 7.19999981 144.51736450
v -30.56442451 7.19999981 145.95819092
v -30.66279793 7.10125017 147.08259583
v -30.61379814 7.17526531 146.52253723
v -30.75818253 6.80800200 148.17285156
v -30.71104813 6.97851801 147.63410950
v -30.84767914 6.32916498 149.19581604
v -30.80384254 6.59100056 148.69474792
v -30.88936234 6.02448845 149.67224121
v -30.92857170 5.67928886 150.12040710
v -20.10437965 7.19999981 146.87332153
v -28.53413773 7.19999981 137.80400085
v -28.41219521 7.19999981 138.49006653
v -28.17374420 7.19999981 139.14331055
v -27.82609940 7.19999981 139.74496460
v -27.37899399 7.19999981 140.27781677
v -20.15375519 7.17526531 147.43768311
v -20.20275307 7.10125017 147.99774170
v -20.25100327 6.97851801 148.54924011
v -20.29813766 6.80800200 149.08799744
v -20.34379768 6.59100056 149.60987854
v -20.38763618 6.32916498 150.11094666
v -20.42931747 6.02448845 150.58738708
v -20.46852684 5.67928886 151.03553772
v -20.50496483 5.29619408 151.45202637
v -20.53835297 4.87811947 151.83366394
v -20.56843948 4.42824697 152.17755127
v -28.53537178 13.50000000 137.10836792
v -28.41556168 13.50000000 136.42213440
v -28.53404999 13.50000000 137.80566406
v -28.41160202 13.50000000 138.49195862
v -28.17210388 13.50000000 139.14656067
v -27.82323265 13.50000000 139.74917603
v -26.84683990 7.19999981 140.72465515
v -27.37728310 13.50000000 140.27960205
v -26.24493599 7.19999981 141.07290649
v -26.84425545 13.50000000 140.72637939
v -25.59045792 7.19999981 141.31213379
v -26.24119186 13.50000000 141.07460022
v -24.89862251 7.19999981 141.43478394
v -25.58705711 13.50000000 141.31317139
v -24.19600296 7.19999981 141.43414307
v -24.89862251 13.50000000 141.43478394
v -23.50992775 7.19999981 141.31219482
v -24.19656944 13.50000000 141.43434143
v -22.85669136 7.19999981 141.07374573
v -23.50693130 13.50000000 141.31126404
v -22.25502968 7.19999981 140.72610474
v -22.84879494 13.50000000 141.06993103
v -21.72218895 7.19999981 140.27899170
v -22.24403191 13.50000000 140.71846008
v -21.27534866 7.19999981 139.74684143
v -21.71283150 13.50000000 140.26965332
v -20.92708588 7.19999981 139.14492798
v -21.26711082 13.50000000 139.73489380
v -20.68786049 7.19999981 138.49046326
v -20.92095757 13.50000000 139.13172913
v -20.56522179 7.19999981 137.79862976
v -20.68443680 13.50000000 138.47785950
v -18.50435257 7.19999981 140.05863953
v -18.32378387 7.19999981 137.99472046
v -18.22537231 7.10118389 136.86988831
v -18.97357941 7.19999981 140.01757812
v -19.24720383 7.19999981 141.30804443
v -19.47672081 7.19999981 142.47264099
v -19.66910172 7.19999981 143.54508972
v -19.84893417 7.19999981 144.68675232
v -19.94998741 7.19999981 145.43217468
v -20.03520203 7.19999981 146.16134644
v -20.55387497 7.17892313 137.27395630
v -20.56462860 13.50000000 137.79164124
v -18.32378387 -5.80000019 137.99472046
v -18.22486305 -5.70014524 136.86407471
v -19.06966782 8.20407772 141.11589050
v -18.60087204 8.20786095 141.16186523
v -19.17826653 9.02326107 142.35719299
v -19.29670143 9.63736725 143.71089172
v -19.42205238 10.03126526 145.14366150
v -19.55122948 10.19524956 146.62017822
v -24.20137787 13.50000000 133.46522522
v -23.51294327 13.50000000 133.58683777
v -23.75810242 5.84236813 133.52917480
v -24.90343094 13.50000000 133.46565247
v -25.59306908 13.50000000 133.58872986
v -22.85880852 13.50000000 133.82540894
v -26.25120544 13.50000000 133.83006287
v -22.25574493 13.50000000 134.17362976
v -26.85596848 13.50000000 134.18153381
v -21.72271729 13.50000000 134.62039185
v -27.38716888 13.50000000 134.63034058
v -21.27676773 13.50000000 135.15081787
v -27.83288765 13.50000000 135.16511536
v -20.92789650 13.50000000 135.75344849
v -28.17904282 13.50000000 135.76826477
v -20.68839836 13.50000000 136.40805054
v -20.56594849 13.50000000 137.09432983
v -23.71500587 -4.44665813 133.53811646
v -24.20137787 -11.00000000 133.46522522
v -24.90047073 -11.00000000 133.46543884
v -18.03914642 -4.91959715 134.74131775
v -23.20793152 -4.52287865 133.68186951
v -23.51006508 -11.00000000 133.58755493
v -22.69924164 -4.64841127 133.90391541
v -22.85227585 -11.00000000 133.82852173
v -22.22467422 -4.81300783 134.19532776
v -22.24604416 -11.00000000 134.18046570
v -21.80311966 -4.99273777 134.54231262
v -18.12894249 -5.40327644 135.76766968
v -21.44161034 -5.17598963 134.93247986
v -21.71150208 -11.00000000 134.63162231
v -21.14077950 -5.34837198 135.35781860
v -21.26630592 -11.00000000 135.16584778
v -20.89500618 -5.50367641 135.82487488
v -20.92021942 -11.00000000 135.76989746
v -20.71122169 -5.63524294 136.32582092
v -20.59794807 -5.72829390 136.83251953
v -20.68406105 -11.00000000 136.42399597
v -20.55188560 -5.78338861 137.32720947
v -20.56467819 -11.00000000 137.10899353
v -20.56522179 -5.80000019 137.79862976
v -20.68786049 -5.80000019 138.49046326
v -20.56585121 -11.00000000 137.80560303
v -22.25502968 -5.80000019 140.72610474
v -19.08215904 10.19511700 146.66299438
v -20.92708588 -5.80000019 139.14492798
v -21.27534866 -5.80000019 139.74684143
v -21.72218895 -5.80000019 140.27899170
v -18.70968819 9.02723789 142.40563965
v -18.82813263 9.63993549 143.75946045
v -18.95329666 10.03212452 145.19010925
v -18.12987709 6.80723476 135.77836609
v -18.04031372 6.32739782 134.75465393
v -22.34040642 6.16929388 134.11567688
v -22.80995369 6.01645088 133.84829712
v -23.28967667 5.90715075 133.65374756
v -21.22492599 6.69827461 135.22651672
v -21.54638863 6.52028322 134.80834961
v -21.91634941 6.34071445 134.43937683
v -20.75085068 7.00556898 136.19841003
v -20.95705795 6.86272144 135.69194031
v -20.61434937 7.11330128 136.73539734
v -28.53414917 -11.00000000 137.09439087
v -28.53532219 -11.00000000 137.79100037
v -28.41176414 -11.00000000 136.40791321
v -28.17200279 -11.00000000 135.75331116
v -27.82247162 -11.00000000 135.15025330
v -27.37425613 -11.00000000 134.61735535
v -26.84297371 -11.00000000 134.17242432
v -26.24046326 -11.00000000 133.82501221
v -25.58609581 -11.00000000 133.58680725
v -24.89862251 -11.00000000 141.43478394
v -24.19952965 -11.00000000 141.43455505
v -25.58993530 -11.00000000 141.31243896
v -26.24772453 -11.00000000 141.07147217
v -23.51390457 -11.00000000 141.31320190
v -26.85395622 -11.00000000 140.71952820
v -22.85953712 -11.00000000 141.07499695
v -27.38849831 -11.00000000 140.26838684
v -22.25702667 -11.00000000 140.72756958
v -27.83369446 -11.00000000 139.73414612
v -21.72574425 -11.00000000 140.28263855
v -28.17978096 -11.00000000 139.13011169
v -21.27752686 -11.00000000 139.74975586
v -28.41593933 -11.00000000 138.47599792
v -20.92799759 -11.00000000 139.14668274
v -20.68823624 -11.00000000 138.49208069
v -19.21162415 10.12538433 148.14279175
v -19.68105316 10.12527943 148.10406494
v -19.80832291 9.82307911 149.55876160
v -19.92990494 9.29609489 150.94842529
v -20.04279900 8.55731010 152.23883057
v -20.14422798 7.62492943 153.39816284
v -20.23169136 6.52192450 154.39787292
v -20.26127815 6.07972717 154.69438171
v -23.57294846 4.15262508 152.09811401
v -28.05582428 4.15262508 151.70590210
v -20.24622536 6.30575943 154.55357361
v -19.57291985 8.56227493 152.27243042
v -19.45999908 9.29959393 150.98173523
v -19.33858681 9.82459545 149.59399414
v -28.09317017 3.34888458 152.13276672
v -23.61029434 3.34888458 152.52497864
v -28.12027359 2.49620986 152.44256592
v -23.63739777 2.49620986 152.83476257
v -19.99662209 6.52205610 154.41833496
v -23.74372292 10.12538433 199.94491577
v -23.87068558 9.82459545 201.39611816
v -23.99209785 9.29959393 202.78385925
v -24.10501862 8.56227493 204.07455444
v -24.20666695 7.62954283 205.23638916
v -24.29452515 6.52246141 206.24061584
v -24.20732498 0.69673306 205.24391174
v -25.20232010 0.69999999 205.15077209
v -25.20298576 0.67362040 205.15065002
v -24.20877647 0.71472716 205.26051331
v -25.20170021 0.70851886 205.16545105
v -24.23247910 0.90796870 205.53141785
v -24.70332718 0.71463138 205.21725464
v -24.25449371 1.12051332 205.78305054
v -25.17643929 0.90804011 205.44784546
v -25.20097542 0.71535534 205.17370605
v -24.27485085 1.35279894 206.01574707
v -25.15240097 1.12073076 205.70396423
v -24.29360008 1.60548210 206.23004150
v -25.10540009 1.60407650 206.15791321
v -25.12875557 1.35291874 205.94099426
v -24.31041908 1.87396634 206.42227173
v -25.08230782 1.87190032 206.35317993
v -24.31135750 6.25043201 206.43299866
v -24.32522011 2.15755844 206.59146118
v -25.05939674 2.15494728 206.52587891
v -24.32604218 5.96654892 206.60086060
v -24.33798599 2.45507908 206.73738098
v -25.03662109 2.45180345 206.67483521
v -24.33859825 5.67028427 206.74436951
v -24.34849739 2.76183224 206.85751343
v -25.01401138 2.75990295 206.79859924
v -24.34904671 5.36084366 206.86380005
v -24.35680389 3.07937384 206.95248413
v -24.99147415 3.07821870 206.89675903
v -24.35721970 5.04377937 206.95721436
v -24.36279678 3.40254617 207.02095032
v -24.36305428 4.72007227 207.02391052
v -24.36641502 3.73032808 207.06233215
v -24.96911812 3.40309072 206.96801758
v -24.36656761 4.39090729 207.06407166
v -24.36768723 4.06154823 207.07685852
v -24.94699669 3.73180604 207.01184082
v -24.92507362 4.06285572 207.02822876
v -24.90340424 4.39384127 207.01693726
v -24.88197899 4.72308874 206.97817993
v -24.86091042 5.04757261 206.91223145
v -24.84027672 5.36505795 206.81953430
v -24.82013512 5.67354250 206.70088196
v -24.80061722 5.97028017 206.55741882
v -24.78180695 6.25361776 206.39010620
v -24.67632675 7.62492943 205.20028687
v -24.76378822 6.52192450 206.19999695
v -24.52872086 6.52205610 206.22045898
v -24.57489777 8.55731010 204.04095459
v -24.46200180 9.29609489 202.75054932
v -24.34042168 9.82307911 201.36088562
v -24.21315193 10.12527943 199.90618896
v -24.08332825 10.19524956 198.42230225
v -23.95415115 10.03126526 196.94578552
v -23.82880020 9.63736725 195.51301575
v -23.71036530 9.02326107 194.15931702
v -23.60176659 8.20407772 192.91801453
v -25.20054626 1.26651227 205.12609863
v -35.66087723 1.26651227 204.21093750
v -25.19434166 1.82871318 205.05233765
v -35.65442657 1.82871318 204.13720703
v -25.18373680 2.38232374 204.93006897
v -35.64373016 2.38232374 204.01493835
v -25.16883850 2.92313099 204.76020813
v -35.62886810 2.92313099 203.84506226
v -25.14991188 3.44701862 204.54402161
v -35.60995865 3.44701862 203.62889099
v -25.12709236 3.95000005 204.28318787
v -35.58713531 3.95000005 203.36805725
v -25.10053825 4.42824697 203.97967529
v -35.56058121 4.42824697 203.06452942
v -25.07045174 4.87811947 203.63578796
v -35.53049469 4.87811947 202.72065735
v -25.03706360 5.29619408 203.25415039
v -35.49710846 5.29619408 202.33901978
v -25.00062561 5.67928886 202.83766174
v -35.46067047 5.67928886 201.92253113
v -24.96141624 6.02448845 202.38951111
v -35.42145920 6.02448845 201.47436523
v -24.91973495 6.32916498 201.91307068
v -35.37977982 6.32916498 200.99794006
v -24.87589645 6.59100056 201.41200256
v -35.33594131 6.59100056 200.49687195
v -24.83023643 6.80800200 200.89012146
v -35.29027939 6.80800200 199.97497559
v -24.78310204 6.97851801 200.35136414
v -35.24314499 6.97851801 199.43623352
v -24.73485184 7.10125017 199.79986572
v -35.19489670 7.10125017 198.88471985
v -24.68585205 7.17526531 199.23980713
v -35.14589691 7.17526531 198.32466125
v -35.09652328 7.19999981 197.76031494
v -35.04119492 7.19999981 197.05039978
v -34.97420502 7.19999981 192.13375854
v -34.95026779 7.19999981 193.31712341
v -34.94732285 7.19999981 194.44044495
v -34.96873474 7.19999981 195.56262207
v -34.99856567 7.19999981 196.31948853
v -31.37216759 2.83440590 0.00000000
v -31.37265396 -2.82847738 0.00000000
v -31.50000000 0.00000000 0.00000000
v -31.50000000 0.00000000 -4.50000000
v -31.37318993 2.82363820 -4.50000000
v -31.46828079 1.41324210 -4.50000000
v -30.99349022 -5.62478971 0.00000000
v -31.02144432 -5.46991777 -4.50000000
v -31.38013268 -2.74540591 -4.50000000
v -30.99115944 5.63738251 0.00000000
v -30.36309242 -8.38618469 0.00000000
v -30.42666435 -8.15279961 -4.50000000
v -30.35758400 8.40604305 0.00000000
v -29.48805237 -11.07586288 0.00000000
v -29.60031700 -10.77363491 -4.50000000
v -29.47826576 11.10172844 0.00000000
v -28.37781525 -13.67311287 0.00000000
v -28.54869461 -13.31247520 -4.50000000
v -28.36338997 13.70307159 0.00000000
v -27.04060936 -16.15730858 0.00000000
v -27.27980042 -15.75000000 -4.50000000
v -25.72197723 -11.01420498 0.00000000
v -25.48587990 -18.51193810 0.00000000
v -25.80328941 -18.06765747 -4.50000000
v -27.02173996 16.18870735 0.00000000
v -26.64999962 9.00000000 0.00000000
v -26.64999962 -9.00000000 0.00000000
v -25.99081421 -10.74853802 0.00000000
v -26.22231102 -10.44333172 0.00000000
v -26.40605164 -10.10968685 0.00000000
v -26.54134178 -9.75078392 0.00000000
v -26.62223625 -9.38192654 0.00000000
v -23.98957443 -11.64996433 0.00000000
v -23.72322845 -20.72335625 0.00000000
v -24.13039970 -20.24781036 -4.50000000
v -24.36452675 -11.62457275 0.00000000
v -24.73161125 -11.54694080 0.00000000
v -25.08618164 -11.41689205 0.00000000
v -25.41723061 -11.23906612 0.00000000
v -21.77199173 -10.43457985 0.00000000
v -21.76807404 -22.76797104 0.00000000
v -22.27386284 -22.27386284 -4.50000000
v -21.99957275 -10.73764229 0.00000000
v -22.26448822 -11.00255680 0.00000000
v -22.56545639 -11.22809887 0.00000000
v -22.89426231 -11.40790367 0.00000000
v -23.24781990 -11.54094505 0.00000000
v -23.61454010 -11.62153149 0.00000000
v -21.35000038 -9.00000000 0.00000000
v -19.64178085 -24.62598228 0.00000000
v -20.24781036 -24.13039970 -4.50000000
v -21.37780952 -9.38095760 0.00000000
v -21.45777130 -9.74793243 0.00000000
v -21.59113503 -10.10373306 0.00000000
v -19.62222099 24.64155579 0.00000000
v -17.35514069 -26.28774643 0.00000000
v -18.06765747 -25.80328941 -4.50000000
v -17.33643723 26.30010414 0.00000000
v -14.93246174 -27.73546791 0.00000000
v -15.75000000 -27.27980042 -4.50000000
v -14.91343498 27.74565315 0.00000000
v -12.39096165 -28.96042633 0.00000000
v -13.31247520 -28.54869461 -4.50000000
v -12.37131500 28.96881866 0.00000000
v -9.74446106 -29.95478630 0.00000000
v -10.77363491 -29.60031700 -4.50000000
v -9.72443962 29.96127701 0.00000000
v -7.02207708 -30.70695877 0.00000000
v -8.15279961 -30.42666435 -4.50000000
v -7.00246811 30.71146202 0.00000000
v -4.24019480 -31.21327400 0.00000000
v -5.46991777 -31.02144432 -4.50000000
v -4.22141314 31.21581841 0.00000000
v -1.42166543 -31.46763420 0.00000000
v -2.74540591 -31.38013268 -4.50000000
v -1.40357482 31.46846962 0.00000000
v 1.40357482 -31.46846962 0.00000000
v -0.00000000 -31.50000000 -4.50000000
v 1.42166543 31.46763420 0.00000000
v 4.22141314 -31.21581841 0.00000000
v 2.74540591 -31.38013268 -4.50000000
v 4.24019480 31.21327400 0.00000000
v 7.00246811 -30.71146202 0.00000000
v 5.46991777 -31.02144432 -4.50000000
v 7.02207708 30.70695877 0.00000000
v 9.72443962 -29.96127701 0.00000000
v 8.15279961 -30.42666435 -4.50000000
v 9.74446106 29.95478630 0.00000000
v 12.37131500 -28.96881866 0.00000000
v 10.77363491 -29.60031700 -4.50000000
v 12.39096165 28.96042633 0.00000000
v 14.91343498 -27.74565315 0.00000000
v 13.31247520 -28.54869461 -4.50000000
v 14.93246174 27.73546791 0.00000000
v 17.33643723 -26.30010414 0.00000000
v 15.75000000 -27.27980042 -4.50000000
v 17.35514069 26.28774643 0.00000000
v 19.62222099 -24.64155579 0.00000000
v 18.06765747 -25.80328941 -4.50000000
v 21.59394836 -10.10968685 0.00000000
v 21.74717522 -22.78804016 0.00000000
v 20.24781036 -24.13039970 -4.50000000
v 19.64178085 24.62598228 0.00000000
v 21.35000038 9.00000000 0.00000000
v 21.35000038 -9.00000000 0.00000000
v 21.45865822 -9.75078392 0.00000000
v 21.37776375 -9.38192654 0.00000000
v 23.63547325 -11.62457275 0.00000000
v 23.70108414 -20.74869156 0.00000000
v 22.27386284 -22.27386284 -4.50000000
v 23.26838875 -11.54694080 0.00000000
v 22.91381836 -11.41689205 0.00000000
v 22.58276939 -11.23906612 0.00000000
v 22.27802277 -11.01420498 0.00000000
v 22.00918579 -10.74853802 0.00000000
v 21.77768898 -10.44333172 0.00000000
v 25.43454361 -11.22809887 0.00000000
v 25.46444893 -18.54153061 0.00000000
v 24.13039970 -20.24781036 -4.50000000
v 25.10573769 -11.40790367 0.00000000
v 24.75218010 -11.54094505 0.00000000
v 24.38545990 -11.62153149 0.00000000
v 24.01042557 -11.64996433 0.00000000
v 26.62219048 -9.38095760 0.00000000
v 27.02173996 -16.18870735 0.00000000
v 25.80328941 -18.06765747 -4.50000000
v 26.54222870 -9.74793243 0.00000000
v 26.40886497 -10.10373306 0.00000000
v 26.22800827 -10.43457985 0.00000000
v 26.00042725 -10.73764229 0.00000000
v 25.73551178 -11.00255680 0.00000000
v 27.04060936 16.15730858 0.00000000
v 28.36338997 -13.70307159 0.00000000
v 27.27980042 -15.75000000 -4.50000000
v 26.64999962 -9.00000000 0.00000000
v 28.37781525 13.67311287 0.00000000
v 29.47826576 -11.10172844 0.00000000
v 28.54869461 -13.31247520 -4.50000000
v 29.48805237 11.07586288 0.00000000
v 30.35758400 -8.40604305 0.00000000
v 29.60031700 -10.77363491 -4.50000000
v 30.36309242 8.38618469 0.00000000
v 30.99115944 -5.63738251 0.00000000
v 30.42666435 -8.15279961 -4.50000000
v 30.99349022 5.62478971 0.00000000
v 31.37216759 -2.83440590 0.00000000
v 31.02144432 -5.46991777 -4.50000000
v 31.37265396 2.82847738 0.00000000
v 31.50000000 0.00000000 0.00000000
v 31.38013268 -2.74540591 -4.50000000
v 31.50000000 -0.00000000 -4.50000000
v 31.37318993 2.82363820 -4.50000000
v 31.46828079 1.41324210 -4.50000000
v 30.71022987 7.00940943 -4.50000000
v 30.99378204 5.62454224 -4.50000000
v 31.21491814 4.22834778 -4.50000000
v 29.95828056 9.73403549 -4.50000000
v 30.36483002 8.38016033 -4.50000000
v 28.96512413 12.38028812 -4.50000000
v 29.49139786 11.06830692 -4.50000000
v 27.73875999 14.92686272 -4.50000000
v 28.38051987 13.66733742 -4.50000000
v 25.72197723 11.01420498 0.00000000
v 25.48587990 18.51193810 0.00000000
v 27.04113770 16.15632629 -4.50000000
v 26.62223625 9.38192654 0.00000000
v 26.64999962 9.00000000 0.00000000
v 25.99081421 10.74853802 0.00000000
v 26.22231102 10.44333172 0.00000000
v 26.40605164 10.10968685 0.00000000
v 26.54134178 9.75078392 0.00000000
v 23.98957443 11.64996433 0.00000000
v 23.72322845 20.72335625 0.00000000
v 25.48403549 18.51523590 -4.50000000
v 24.36452675 11.62457275 0.00000000
v 24.73161125 11.54694080 0.00000000
v 25.08618164 11.41689205 0.00000000
v 25.41723061 11.23906612 0.00000000
v 26.28905678 17.35325432 -4.50000000
v 21.77199173 10.43457985 0.00000000
v 21.76807404 22.76797104 0.00000000
v 23.72175026 20.72506905 -4.50000000
v 21.99957275 10.73764229 0.00000000
v 22.26448822 11.00255680 0.00000000
v 22.56545639 11.22809887 0.00000000
v 22.89426231 11.40790367 0.00000000
v 23.24781990 11.54094505 0.00000000
v 23.61454010 11.62153149 0.00000000
v 24.62769127 19.63992882 -4.50000000
v 21.76847267 22.76803780 -4.50000000
v 21.37780952 9.38095760 0.00000000
v 21.45777130 9.74793243 0.00000000
v 21.59113503 10.10373306 0.00000000
v 22.76803780 21.76847267 -4.50000000
v 19.63992882 24.62769127 -4.50000000
v 20.72506905 23.72175026 -4.50000000
v 17.35325432 26.28905678 -4.50000000
v 18.51523590 25.48403549 -4.50000000
v 14.92686272 27.73875999 -4.50000000
v 16.15632629 27.04113770 -4.50000000
v 12.38028812 28.96512413 -4.50000000
v 13.66733742 28.38051987 -4.50000000
v 9.73403549 29.95828056 -4.50000000
v 11.06830692 29.49139786 -4.50000000
v 7.00940943 30.71022987 -4.50000000
v 8.38016033 30.36483002 -4.50000000
v 4.22834778 31.21491814 -4.50000000
v 5.62454224 30.99378204 -4.50000000
v 1.41324210 31.46828079 -4.50000000
v 2.82363820 31.37318993 -4.50000000
v -1.41324210 31.46828079 -4.50000000
v 0.00000000 31.50000000 -4.50000000
v -4.22834778 31.21491814 -4.50000000
v -2.82363820 31.37318993 -4.50000000
v -7.00940943 30.71022987 -4.50000000
v -5.62454224 30.99378204 -4.50000000
v -9.73403549 29.95828056 -4.50000000
v -8.38016033 30.36483002 -4.50000000
v -12.38028812 28.96512413 -4.50000000
v -11.06830692 29.49139786 -4.50000000
v -14.92686272 27.73875999 -4.50000000
v -13.66733742 28.38051987 -4.50000000
v -17.35325432 26.28905678 -4.50000000
v -16.15632629 27.04113770 -4.50000000
v -21.59394836 10.10968685 0.00000000
v -21.74717522 22.78804016 0.00000000
v -19.63992882 24.62769127 -4.50000000
v -21.37776375 9.38192654 0.00000000
v -21.35000038 9.00000000 0.00000000
v -21.45865822 9.75078392 0.00000000
v -18.51523590 25.48403549 -4.50000000
v -23.63547325 11.62457275 0.00000000
v -23.70108414 20.74869156 0.00000000
v -21.76847267 22.76803780 -4.50000000
v -23.26838875 11.54694080 0.00000000
v -22.91381836 11.41689205 0.00000000
v -22.58276939 11.23906612 0.00000000
v -22.27802277 11.01420498 0.00000000
v -22.00918579 10.74853802 0.00000000
v -21.77768898 10.44333172 0.00000000
v -20.72506905 23.72175026 -4.50000000
v -25.43454361 11.22809887 0.00000000
v -25.46444893 18.54153061 0.00000000
v -23.72175026 20.72506905 -4.50000000
v -25.10573769 11.40790367 0.00000000
v -24.75218010 11.54094505 0.00000000
v -24.38545990 11.62153149 0.00000000
v -24.01042557 11.64996433 0.00000000
v -22.76803780 21.76847267 -4.50000000
v -26.62219048 9.38095760 0.00000000
v -25.48403549 18.51523590 -4.50000000
v -26.54222870 9.74793243 0.00000000
v -26.40886497 10.10373306 0.00000000
v -26.22800827 10.43457985 0.00000000
v -26.00042725 10.73764229 0.00000000
v -25.73551178 11.00255680 0.00000000
v -24.62769127 19.63992882 -4.50000000
v -27.04113770 16.15632629 -4.50000000
v -26.28905678 17.35325432 -4.50000000
v -28.38051987 13.66733742 -4.50000000
v -27.73875999 14.92686272 -4.50000000
v -29.49139786 11.06830692 -4.50000000
v -28.96512413 12.38028812 -4.50000000
v -30.36483002 8.38016033 -4.50000000
v -29.95828056 9.73403549 -4.50000000
v -30.99378204 5.62454224 -4.50000000
v -30.71022987 7.00940943 -4.50000000
v -31.21491814 4.22834778 -4.50000000
v 26.62223625 -8.61807346 0.00000000
v 26.62219048 8.61904240 0.00000000
v 26.64999962 9.00000000 26.00000000
v 26.62219048 9.38095760 26.00000000
v 26.54134178 -8.24921608 0.00000000
v 26.54222870 8.25206757 0.00000000
v 26.62223625 8.61807346 26.00000000
v 26.40886497 7.89626694 0.00000000
v 26.54134178 8.24921608 26.00000000
v 26.40605164 -7.89031315 0.00000000
v 26.22800827 7.56542063 0.00000000
v 26.40605164 7.89031315 26.00000000
v 26.22231102 -7.55666780 0.00000000
v 26.00042725 7.26235819 0.00000000
v 26.22231102 7.55666780 26.00000000
v 25.99081421 -7.25146198 0.00000000
v 25.73551178 6.99744320 0.00000000
v 25.99081421 7.25146198 26.00000000
v 25.72197723 -6.98579502 0.00000000
v 25.43454361 6.77190113 0.00000000
v 25.72197723 6.98579502 26.00000000
v 25.41723061 -6.76093388 0.00000000
v 25.10573769 6.59209585 0.00000000
v 25.41723061 6.76093388 26.00000000
v 25.08618164 -6.58310795 0.00000000
v 24.75218010 6.45905447 0.00000000
v 25.08618164 6.58310795 26.00000000
v 24.73161125 -6.45305872 0.00000000
v 24.38545990 6.37846851 0.00000000
v 24.73161125 6.45305872 26.00000000
v 24.36452675 -6.37542772 0.00000000
v 24.01042557 6.35003567 0.00000000
v 24.36452675 6.37542772 26.00000000
v 23.98957443 -6.35003567 0.00000000
v 23.63547325 6.37542772 0.00000000
v 23.98957443 6.35003567 26.00000000
v 23.61454010 -6.37846851 0.00000000
v 23.26838875 6.45305872 0.00000000
v 23.61454010 6.37846851 26.00000000
v 23.24781990 -6.45905447 0.00000000
v 22.91381836 6.58310795 0.00000000
v 23.24781990 6.45905447 26.00000000
v 22.89426231 -6.59209585 0.00000000
v 22.58276939 6.76093388 0.00000000
v 22.89426231 6.59209585 26.00000000
v 22.56545639 -6.77190113 0.00000000
v 22.27802277 6.98579502 0.00000000
v 22.56545639 6.77190113 26.00000000
v 22.26448822 -6.99744320 0.00000000
v 22.00918579 7.25146198 0.00000000
v 22.26448822 6.99744320 26.00000000
v 21.99957275 -7.26235819 0.00000000
v 21.77768898 7.55666780 0.00000000
v 21.99957275 7.26235819 26.00000000
v 21.77199173 -7.56542063 0.00000000
v 21.59394836 7.89031315 0.00000000
v 21.77199173 7.56542063 26.00000000
v 21.59113503 -7.89626694 0.00000000
v 21.45865822 8.24921608 0.00000000
v 21.59113503 7.89626694 26.00000000
v 21.37780952 -8.61904240 0.00000000
v 21.37776375 8.61807346 0.00000000
v 21.45777130 8.25206757 26.00000000
v 21.45777130 -8.25206757 0.00000000
v 21.37780952 8.61904240 26.00000000
v 21.35000038 9.00000000 26.00000000
v 21.37776375 9.38192654 26.00000000
v 21.45865822 9.75078392 26.00000000
v 21.59394836 10.10968685 26.00000000
v 21.77768898 10.44333172 26.00000000
v 22.00918579 10.74853802 26.00000000
v 22.27802277 11.01420498 26.00000000
v 22.58276939 11.23906612 26.00000000
v 22.91381836 11.41689205 26.00000000
v 23.26838875 11.54694080 26.00000000
v 23.63547325 11.62457275 26.00000000
v 24.01042557 11.64996433 26.00000000
v 24.38545990 11.62153149 26.00000000
v 24.75218010 11.54094505 26.00000000
v 25.10573769 11.40790367 26.00000000
v 25.43454361 11.22809887 26.00000000
v 25.73551178 11.00255680 26.00000000
v 26.00042725 10.73764229 26.00000000
v 26.22800827 10.43457985 26.00000000
v 26.40886497 10.10373306 26.00000000
v 26.54222870 9.74793243 26.00000000
v 26.64999962 -9.00000000 26.00000000
v 26.62219048 -8.61904240 26.00000000
v 26.62223625 -9.38192654 26.00000000
v 26.54134178 -9.75078392 26.00000000
v 26.40605164 -10.10968685 26.00000000
v 26.22231102 -10.44333172 26.00000000
v 25.99081421 -10.74853802 26.00000000
v 25.72197723 -11.01420498 26.00000000
v 25.41723061 -11.23906612 26.00000000
v 25.08618164 -11.41689205 26.00000000
v 24.73161125 -11.54694080 26.00000000
v 24.36452675 -11.62457275 26.00000000
v 23.98957443 -11.64996433 26.00000000
v 23.61454010 -11.62153149 26.00000000
v 23.24781990 -11.54094505 26.00000000
v 22.89426231 -11.40790367 26.00000000
v 22.56545639 -11.22809887 26.00000000
v 22.26448822 -11.00255680 26.00000000
v 21.99957275 -10.73764229 26.00000000
v 21.77199173 -10.43457985 26.00000000
v 21.59113503 -10.10373306 26.00000000
v 21.45777130 -9.74793243 26.00000000
v 21.37780952 -9.38095760 26.00000000
v 21.35000038 -9.00000000 26.00000000
v 21.37776375 -8.61807346 26.00000000
v 21.45865822 -8.24921608 26.00000000
v 21.59394836 -7.89031315 26.00000000
v 21.77768898 -7.55666780 26.00000000
v 22.00918579 -7.25146198 26.00000000
v 22.27802277 -6.98579502 26.00000000
v 22.58276939 -6.76093388 26.00000000
v 22.91381836 -6.58310795 26.00000000
v 23.26838875 -6.45305872 26.00000000
v 23.63547325 -6.37542772 26.00000000
v 24.01042557 -6.35003567 26.00000000
v 24.38545990 -6.37846851 26.00000000
v 24.75218010 -6.45905447 26.00000000
v 25.10573769 -6.59209585 26.00000000
v 25.43454361 -6.77190113 26.00000000
v 25.73551178 -6.99744320 26.00000000
v 26.00042725 -7.26235819 26.00000000
v 26.22800827 -7.56542063 26.00000000
v 26.40886497 -7.89626694 26.00000000
v 26.54222870 -8.25206757 26.00000000
v -21.37776375 -8.61807346 0.00000000
v -21.37780952 8.61904240 0.00000000
v -21.35000038 9.00000000 26.00000000
v -21.37780952 9.38095760 26.00000000
v -21.45865822 -8.24921608 0.00000000
v -21.45777130 8.25206757 0.00000000
v -21.37776375 8.61807346 26.00000000
v -21.59113503 7.89626694 0.00000000
v -21.45865822 8.24921608 26.00000000
v -21.59394836 -7.89031315 0.00000000
v -21.77199173 7.56542063 0.00000000
v -21.59394836 7.89031315 26.00000000
v -21.77768898 -7.55666780 0.00000000
v -21.99957275 7.26235819 0.00000000
v -21.77768898 7.55666780 26.00000000
v -22.00918579 -7.25146198 0.00000000
v -22.26448822 6.99744320 0.00000000
v -22.00918579 7.25146198 26.00000000
v -22.27802277 -6.98579502 0.00000000
v -22.56545639 6.77190113 0.00000000
v -22.27802277 6.98579502 26.00000000
v -22.58276939 -6.76093388 0.00000000
v -22.89426231 6.59209585 0.00000000
v -22.58276939 6.76093388 26.00000000
v -22.91381836 -6.58310795 0.00000000
v -23.24781990 6.45905447 0.00000000
v -22.91381836 6.58310795 26.00000000
v -23.26838875 -6.45305872 0.00000000
v -23.61454010 6.37846851 0.00000000
v -23.26838875 6.45305872 26.00000000
v -23.63547325 -6.37542772 0.00000000
v -23.98957443 6.35003567 0.00000000
v -23.63547325 6.37542772 26.00000000
v -24.01042557 -6.35003567 0.00000000
v -24.36452675 6.37542772 0.00000000
v -24.01042557 6.35003567 26.00000000
v -24.38545990 -6.37846851 0.00000000
v -24.73161125 6.45305872 0.00000000
v -24.38545990 6.37846851 26.00000000
v -24.75218010 -6.45905447 0.00000000
v -25.08618164 6.58310795 0.00000000
v -24.75218010 6.45905447 26.00000000
v -25.10573769 -6.59209585 0.00000000
v -25.41723061 6.76093388 0.00000000
v -25.10573769 6.59209585 26.00000000
v -25.43454361 -6.77190113 0.00000000
v -25.72197723 6.98579502 0.00000000
v -25.43454361 6.77190113 26.00000000
v -25.73551178 -6.99744320 0.00000000
v -25.99081421 7.25146198 0.00000000
v -25.73551178 6.99744320 26.00000000
v -26.00042725 -7.26235819 0.00000000
v -26.22231102 7.55666780 0.00000000
v -26.00042725 7.26235819 26.00000000
v -26.22800827 -7.56542063 0.00000000
v -26.40605164 7.89031315 0.00000000
v -26.22800827 7.56542063 26.00000000
v -26.40886497 -7.89626694 0.00000000
v -26.54134178 8.24921608 0.00000000
v -26.40886497 7.89626694 26.00000000
v -26.62219048 -8.61904240 0.00000000
v -26.62223625 8.61807346 0.00000000
v -26.54222870 8.25206757 26.00000000
v -26.54222870 -8.25206757 0.00000000
v -26.62219048 8.61904240 26.00000000
v -26.64999962 9.00000000 26.00000000
v -26.62223625 9.38192654 26.00000000
v -26.54134178 9.75078392 26.00000000
v -26.40605164 10.10968685 26.00000000
v -26.22231102 10.44333172 26.00000000
v -25.99081421 10.74853802 26.00000000
v -25.72197723 11.01420498 26.00000000
v -25.41723061 11.23906612 26.00000000
v -25.08618164 11.41689205 26.00000000
v -24.73161125 11.54694080 26.00000000
v -24.36452675 11.62457275 26.00000000
v -23.98957443 11.64996433 26.00000000
v -23.61454010 11.62153149 26.00000000
v -23.24781990 11.54094505 26.00000000
v -22.89426231 11.40790367 26.00000000
v -22.56545639 11.22809887 26.00000000
v -22.26448822 11.00255680 26.00000000
v -21.99957275 10.73764229 26.00000000
v -21.77199173 10.43457985 26.00000000
v -21.59113503 10.10373306 26.00000000
v -21.45777130 9.74793243 26.00000000
v -21.35000038 -9.00000000 26.00000000
v -21.37780952 -8.61904240 26.00000000
v -21.37776375 -9.38192654 26.00000000
v -21.45865822 -9.75078392 26.00000000
v -21.59394836 -10.10968685 26.00000000
v -21.77768898 -10.44333172 26.00000000
v -22.00918579 -10.74853802 26.00000000
v -22.27802277 -11.01420498 26.00000000
v -22.58276939 -11.23906612 26.00000000
v -22.91381836 -11.41689205 26.00000000
v -23.26838875 -11.54694080 26.00000000
v -23.63547325 -11.62457275 26.00000000
v -24.01042557 -11.64996433 26.00000000
v -24.38545990 -11.62153149 26.00000000
v -24.75218010 -11.54094505 26.00000000
v -25.10573769 -11.40790367 26.00000000
v -25.43454361 -11.22809887 26.00000000
v -25.73551178 -11.00255680 26.00000000
v -26.00042725 -10.73764229 26.00000000
v -26.22800827 -10.43457985 26.00000000
v -26.40886497 -10.10373306 26.00000000
v -26.54222870 -9.74793243 26.00000000
v -26.62219048 -9.38095760 26.00000000
v -26.64999962 -9.00000000 26.00000000
v -26.62223625 -8.61807346 26.00000000
v -26.54134178 -8.24921608 26.00000000
v -26.40605164 -7.89031315 26.00000000
v -26.22231102 -7.55666780 26.00000000
v -25.99081421 -7.25146198 26.00000000
v -25.72197723 -6.98579502 26.00000000
v -25.41723061 -6.76093388 26.00000000
v -25.08618164 -6.58310795 26.00000000
v -24.73161125 -6.45305872 26.00000000
v -24.36452675 -6.37542772 26.00000000
v -23.98957443 -6.35003567 26.00000000
v -23.61454010 -6.37846851 26.00000000
v -23.24781990 -6.45905447 26.00000000
v -22.89426231 -6.59209585 26.00000000
v -22.56545639 -6.77190113 26.00000000
v -22.26448822 -6.99744320 26.00000000
v -21.99957275 -7.26235819 26.00000000
v -21.77199173 -7.56542063 26.00000000
v -21.59113503 -7.89626694 26.00000000
v -21.45777130 -8.25206757 26.00000000
v -0.00000000 -32.50000000 -5.50000000
v -2.84152746 -32.37524414 -5.50000000
v 2.84148288 -32.37524796 -5.50000000
v 5.64823246 -32.00529861 -5.50000000
v 8.42027187 -31.39014816 -5.50000000
v 11.12246037 -30.53721046 -5.50000000
v 13.74094296 -29.45225525 -5.50000000
v 16.25600433 -28.14205551 -5.50000000
v 18.64339828 -26.62067413 -5.50000000
v 20.89310074 -24.89425659 -5.50000000
v 24.89412117 -20.89326096 -5.50000000
v 22.98066711 -22.98081779 -5.50000000
v 26.62055779 -18.64356422 -5.50000000
v 28.14196205 -16.25616837 -5.50000000
v 29.45218277 -13.74109840 -5.50000000
v 30.53716087 -11.12259865 -5.50000000
v 31.39011765 -8.42038631 -5.50000000
v 32.00528336 -5.64831495 -5.50000000
v 32.37524414 -2.84152746 -5.50000000
v 32.50000000 0.00000000 -5.50000000
v -32.50000000 -0.00000000 -5.50000000
v -32.37576675 2.83771491 -5.50000000
v -32.37524796 -2.84148288 -5.50000000
v -32.00529861 -5.64823246 -5.50000000
v -31.39014816 -8.42027187 -5.50000000
v -30.53721046 -11.12246037 -5.50000000
v -29.45225525 -13.74094296 -5.50000000
v -28.14205551 -16.25600433 -5.50000000
v -26.62067413 -18.64339828 -5.50000000
v -24.89425659 -20.89310074 -5.50000000
v -20.89326096 -24.89412117 -5.50000000
v -22.98081779 -22.98066711 -5.50000000
v -18.64356422 -26.62055779 -5.50000000
v -16.25616837 -28.14196205 -5.50000000
v -13.74109840 -29.45218277 -5.50000000
v -11.12259865 -30.53716087 -5.50000000
v -8.42038631 -31.39011765 -5.50000000
v -5.64831495 -32.00528336 -5.50000000
v 1.50337791 -35.46792221 -5.50000000
v -1.50603032 -35.46775818 -5.50000000
v 4.50669861 -35.21270370 -5.50000000
v 7.47316647 -34.70410538 -5.50000000
v 10.38595200 -33.94671249 -5.50000000
v 13.22624874 -32.94380951 -5.50000000
v 15.96561337 -31.70705223 -5.50000000
v 18.59454727 -30.24050903 -5.50000000
v 21.08668518 -28.55830002 -5.50000000
v 23.42969131 -26.67015076 -5.50000000
v 25.60631943 -24.58753967 -5.50000000
v 27.59666443 -22.33055878 -5.50000000
v 29.39301300 -19.90695953 -5.50000000
v 30.97232246 -17.34831810 -5.50000000
v 32.33032227 -14.66278648 -5.50000000
v 33.45914841 -11.86203003 -5.50000000
v 33.46846390 11.83582306 -5.50000000
v 32.37530136 2.84357619 -5.50000000
v -33.46846390 -11.83582306 -5.50000000
v -33.45914841 11.86203003 -5.50000000
v -32.33032227 14.66278648 -5.50000000
v -32.34424591 -14.63207436 -5.50000000
v -30.99059296 -17.31576347 -5.50000000
v -29.41436005 -19.87528229 -5.50000000
v -27.61908722 -22.30282021 -5.50000000
v -25.62813950 -24.56468582 -5.50000000
v -23.44963646 -26.65260506 -5.50000000
v -21.10498810 -28.54477882 -5.50000000
v -18.61128998 -30.23022842 -5.50000000
v -15.98106575 -31.69929504 -5.50000000
v -13.23971081 -32.93838501 -5.50000000
v -10.39671707 -33.94341660 -5.50000000
v -7.48066759 -34.70243835 -5.50000000
v -4.51125956 -35.21213150 -5.50000000
v 35.37063217 -3.02552271 -5.50000000
v 35.37110901 3.01939368 -5.50000000
v 35.50000000 0.00000000 -5.50000000
v 35.50000000 0.00000000 26.00000000
v 35.37110901 -3.01939368 26.00000000
v 34.98846054 6.00389719 -5.50000000
v 35.37063217 3.02552271 26.00000000
v 34.98622894 -6.01669168 -5.50000000
v 34.35149384 8.95594025 -5.50000000
v 34.98622894 6.01669168 26.00000000
v 34.34620667 -8.97604656 -5.50000000
v 34.34620667 8.97604656 26.00000000
v 32.34424591 14.63207436 -5.50000000
v 33.45914841 11.86203003 26.00000000
v 31.38538742 8.43782711 -5.50000000
v 30.99059296 17.31576347 -5.50000000
v 32.33032227 14.66278648 26.00000000
v 32.00376892 5.65617609 -5.50000000
v 29.43755341 13.77258396 -5.50000000
v 29.41436005 19.87528229 -5.50000000
v 30.97232246 17.34831810 26.00000000
v 30.52742958 11.14871311 -5.50000000
v 28.12606239 16.28410530 -5.50000000
v 27.61908722 22.30282021 -5.50000000
v 29.39301300 19.90695953 26.00000000
v 26.60312843 18.66830254 -5.50000000
v 25.62813950 24.56468582 -5.50000000
v 27.59666443 22.33055878 26.00000000
v 24.87441063 20.91668701 -5.50000000
v 23.44963646 26.65260506 -5.50000000
v 25.60631943 24.58753967 26.00000000
v 22.96015739 23.00135994 -5.50000000
v 21.10498810 28.54477882 -5.50000000
v 23.42969131 26.67015076 26.00000000
v 18.62418938 26.63412857 -5.50000000
v 18.61128998 30.23022842 -5.50000000
v 21.08668518 28.55830002 26.00000000
v 20.87281799 24.91128349 -5.50000000
v 16.23842621 28.15221977 -5.50000000
v 15.98106575 31.69929504 -5.50000000
v 18.59454727 30.24050903 26.00000000
v 13.72536182 29.45952034 -5.50000000
v 13.23971081 32.93838501 -5.50000000
v 15.96561337 31.70705223 26.00000000
v 11.10860443 30.54224777 -5.50000000
v 10.39671707 33.94341660 -5.50000000
v 13.22624874 32.94380951 26.00000000
v 8.40784740 31.39344597 -5.50000000
v 7.48066759 34.70243835 -5.50000000
v 10.38595200 33.94671249 26.00000000
v 5.63678885 32.00727463 -5.50000000
v 4.51125956 35.21213150 -5.50000000
v 7.47316647 34.70410538 26.00000000
v 2.82740664 32.37646103 -5.50000000
v 1.50603032 35.46775818 -5.50000000
v 4.50669861 35.21270370 26.00000000
v -0.00721820 32.49998093 -5.50000000
v -1.50337791 35.46792221 -5.50000000
v 1.50337791 35.46792221 26.00000000
v -2.84245300 32.37513351 -5.50000000
v -4.50669861 35.21270370 -5.50000000
v -1.50603032 35.46775818 26.00000000
v -5.65296412 32.00440216 -5.50000000
v -7.47316647 34.70410538 -5.50000000
v -4.51125956 35.21213150 26.00000000
v -8.42542839 31.38871765 -5.50000000
v -10.38595200 33.94671249 -5.50000000
v -7.48066759 34.70243835 26.00000000
v -11.12686920 30.53561211 -5.50000000
v -13.22624874 32.94380951 -5.50000000
v -10.39671707 33.94341660 26.00000000
v -13.74381733 29.45091629 -5.50000000
v -15.96561337 31.70705223 -5.50000000
v -13.23971081 32.93838501 26.00000000
v -16.25666618 28.14174461 -5.50000000
v -18.59454727 30.24050903 -5.50000000
v -15.98106575 31.69929504 26.00000000
v -20.89258385 24.89472771 -5.50000000
v -21.08668518 28.55830002 -5.50000000
v -18.61128998 30.23022842 26.00000000
v -18.64281082 26.62106895 -5.50000000
v -22.98148155 22.97992706 -5.50000000
v -23.42969131 26.67015076 -5.50000000
v -21.10498810 28.54477882 26.00000000
v -24.89661026 20.89028549 -5.50000000
v -25.60631943 24.58753967 -5.50000000
v -23.44963646 26.65260506 26.00000000
v -26.62437820 18.63784027 -5.50000000
v -27.59666443 22.33055878 -5.50000000
v -25.62813950 24.56468582 26.00000000
v -28.14446068 16.25242424 -5.50000000
v -29.39301300 19.90695953 -5.50000000
v -27.61908722 22.30282021 26.00000000
v -30.53682518 11.12308311 -5.50000000
v -30.97232246 17.34831810 -5.50000000
v -29.41436005 19.87528229 26.00000000
v -29.45153046 13.74263191 -5.50000000
v -32.00599289 5.64377832 -5.50000000
v -30.99059296 17.31576347 26.00000000
v -31.39068031 8.41821575 -5.50000000
v -32.34424591 14.63207436 26.00000000
v -34.34620667 8.97604656 -5.50000000
v -33.46846390 11.83582306 26.00000000
v -34.35149384 -8.95594025 -5.50000000
v -34.98622894 6.01669168 -5.50000000
v -34.35149384 8.95594025 26.00000000
v -34.98846054 -6.00389719 -5.50000000
v -35.37063217 3.02552271 -5.50000000
v -34.98846054 6.00389719 26.00000000
v -35.37110901 -3.01939368 -5.50000000
v -35.50000000 0.00000000 -5.50000000
v -35.37110901 3.01939368 26.00000000
v -35.50000000 0.00000000 26.00000000
v -35.37063217 -3.02552271 26.00000000
v -34.98622894 -6.01669168 26.00000000
v -34.34620667 -8.97604656 26.00000000
v -33.45914841 -11.86203003 26.00000000
v -32.33032227 -14.66278648 26.00000000
v -30.97232246 -17.34831810 26.00000000
v -29.39301300 -19.90695953 26.00000000
v -27.59666443 -22.33055878 26.00000000
v -25.60631943 -24.58753967 26.00000000
v -23.42969131 -26.67015076 26.00000000
v -21.08668518 -28.55830002 26.00000000
v -18.59454727 -30.24050903 26.00000000
v -15.96561337 -31.70705223 26.00000000
v -13.22624874 -32.94380951 26.00000000
v -10.38595200 -33.94671249 26.00000000
v -7.47316647 -34.70410538 26.00000000
v -4.50669861 -35.21270370 26.00000000
v -1.50337791 -35.46792221 26.00000000
v 1.50603032 -35.46775818 26.00000000
v 4.51125956 -35.21213150 26.00000000
v 7.48066759 -34.70243835 26.00000000
v 10.39671707 -33.94341660 26.00000000
v 13.23971081 -32.93838501 26.00000000
v 15.98106575 -31.69929504 26.00000000
v 18.61128998 -30.23022842 26.00000000
v 21.10498810 -28.54477882 26.00000000
v 23.44963646 -26.65260506 26.00000000
v 25.62813950 -24.56468582 26.00000000
v 27.61908722 -22.30282021 26.00000000
v 29.41436005 -19.87528229 26.00000000
v 30.99059296 -17.31576347 26.00000000
v 32.34424591 -14.63207436 26.00000000
v 33.46846390 -11.83582306 26.00000000
v 34.35149384 -8.95594025 26.00000000
v 34.98846054 -6.00389719 26.00000000
v 30.00000000 9.00000000 26.00000000
v 29.04553223 12.24630737 26.00000000
v 29.93809509 9.85830307 26.00000000
v 29.75615120 10.69238377 26.00000000
v 29.45683098 11.49457455 26.00000000
v 27.25368500 14.04104042 26.00000000
v 28.53686905 12.92655754 26.00000000
v 27.93757629 13.52706051 26.00000000
v 24.86242676 14.93756008 26.00000000
v 26.50362015 14.45227242 26.00000000
v 25.70131302 14.75366497 26.00000000
v 23.15665054 14.94033813 26.00000000
v 24.00930977 14.99972153 26.00000000
v 20.76802444 14.05495834 26.00000000
v 22.31913567 14.75967026 26.00000000
v 21.51809883 14.46228790 26.00000000
v 18.54903221 11.50736427 26.00000000
v 20.08196068 13.54402542 26.00000000
v 19.47849464 12.94419765 26.00000000
v 18.96498108 12.26249313 26.00000000
v 18.00000000 -9.00000000 26.00000000
v 18.06237793 9.86201191 26.00000000
v 18.00000000 9.00000000 26.00000000
v 18.24631691 10.70053768 26.00000000
v -18.00000000 9.00000000 26.00000000
v -18.95446777 12.24630737 26.00000000
v -18.06190491 9.85830307 26.00000000
v -18.24384880 10.69238377 26.00000000
v -18.54316902 11.49457455 26.00000000
v -21.49637985 14.45227242 26.00000000
v -19.46313095 12.92655754 26.00000000
v -20.06242371 13.52706051 26.00000000
v -20.74631500 14.04104042 26.00000000
v -23.99069023 14.99972153 26.00000000
v -22.29868698 14.75366497 26.00000000
v -23.13757324 14.93756008 26.00000000
v -25.68086433 14.75967026 26.00000000
v -24.84334946 14.94033813 26.00000000
v -27.91803932 13.54402542 26.00000000
v -26.48190117 14.46228790 26.00000000
v -27.23197556 14.05495834 26.00000000
v -29.45096779 11.50736427 26.00000000
v -28.52150536 12.94419765 26.00000000
v -29.03501892 12.26249313 26.00000000
v -30.00000000 -9.00000000 26.00000000
v -29.93762207 9.86201191 26.00000000
v -30.00000000 9.00000000 26.00000000
v -29.75368309 10.70053768 26.00000000
v 29.45096779 -11.50736427 26.00000000
v 30.00000000 -9.00000000 26.00000000
v 29.75368309 -10.70053768 26.00000000
v 29.93762207 -9.86201191 26.00000000
v 27.91803932 -13.54402542 26.00000000
v 28.52150536 -12.94419765 26.00000000
v 29.03501892 -12.26249313 26.00000000
v 25.68086433 -14.75967026 26.00000000
v 26.48190117 -14.46228790 26.00000000
v 27.23197556 -14.05495834 26.00000000
v 23.99069023 -14.99972153 26.00000000
v 24.84334946 -14.94033813 26.00000000
v 21.49637985 -14.45227242 26.00000000
v 22.29868698 -14.75366497 26.00000000
v 23.13757324 -14.93756008 26.00000000
v 18.95446777 -12.24630737 26.00000000
v 19.46313095 -12.92655754 26.00000000
v 20.06242371 -13.52706051 26.00000000
v 20.74631500 -14.04104042 26.00000000
v 18.06190491 -9.85830307 26.00000000
v 18.24384880 -10.69238377 26.00000000
v 18.54316902 -11.49457455 26.00000000
v -18.54903221 -11.50736427 26.00000000
v -18.00000000 -9.00000000 26.00000000
v -18.24631691 -10.70053768 26.00000000
v -18.06237793 -9.86201191 26.00000000
v -20.76802444 -14.05495834 26.00000000
v -20.08196068 -13.54402542 26.00000000
v -19.47849464 -12.94419765 26.00000000
v -18.96498108 -12.26249313 26.00000000
v -23.15665054 -14.94033813 26.00000000
v -22.31913567 -14.75967026 26.00000000
v -21.51809883 -14.46228790 26.00000000
v -24.86242676 -14.93756008 26.00000000
v -24.00930977 -14.99972153 26.00000000
v -27.25368500 -14.04104042 26.00000000
v -26.50362015 -14.45227242 26.00000000
v -25.70131302 -14.75366497 26.00000000
v -29.04553223 -12.24630737 26.00000000
v -28.53686905 -12.92655754 26.00000000
v -27.93757629 -13.52706051 26.00000000
v -29.93809509 -9.85830307 26.00000000
v -29.75615120 -10.69238377 26.00000000
v -29.45683098 -11.49457455 26.00000000
v -29.93762207 -8.13798809 26.00000000
v -29.93809509 8.14169693 26.00000000
v -30.00000000 9.00000000 28.00000000
v -29.93809509 9.85830212 42.00000000
v -29.75615120 7.30761576 26.00000000
v -29.75695801 7.30960464 28.00000000
v -29.93892860 8.14611053 28.00000000
v -29.75368309 -7.29946184 26.00000000
v -29.45683098 6.50542593 26.00000000
v -29.45779228 6.50750971 28.00000000
v -29.45096779 -6.49263573 26.00000000
v -29.04553223 5.75369215 26.00000000
v -29.04752159 5.75615501 28.00000000
v -29.03501892 -5.73750734 26.00000000
v -28.53686905 5.07344198 26.00000000
v -28.52150536 -5.05580187 26.00000000
v -27.93757629 4.47293949 26.00000000
v -28.53449821 5.07083559 28.00000000
v -27.91803932 -4.45597410 26.00000000
v -27.25368500 3.95896006 26.00000000
v -27.92916489 4.46550274 28.00000000
v -27.23197556 -3.94504213 26.00000000
v -26.50362015 3.54772758 26.00000000
v -27.24384499 3.95247889 28.00000000
v -26.48190117 -3.53771257 26.00000000
v -25.70131302 3.24633503 26.00000000
v -26.49249077 3.54220796 28.00000000
v -25.68086433 -3.24032998 26.00000000
v -24.86242676 3.06244016 26.00000000
v -25.69039536 3.24304223 28.00000000
v -24.84334946 -3.05966210 26.00000000
v -24.00930977 3.00027847 26.00000000
v -24.85388947 3.06107140 28.00000000
v -23.99069023 -3.00027847 26.00000000
v -23.15665054 3.05966210 26.00000000
v -24.00000000 3.00000000 28.00000000
v -23.13757324 -3.06244016 26.00000000
v -22.31913567 3.24032998 26.00000000
v -23.13757324 3.06244016 42.00000000
v -24.00000000 3.00000000 40.00000000
v -23.99069023 3.00027847 42.00000000
v -22.29868698 -3.24633503 26.00000000
v -21.51809883 3.53771257 26.00000000
v -22.29868698 3.24633503 42.00000000
v -21.49637985 -3.54772758 26.00000000
v -20.76802444 3.94504213 26.00000000
v -21.49637985 3.54772758 42.00000000
v -20.74631500 -3.95896006 26.00000000
v -20.08196068 4.45597410 26.00000000
v -20.74631500 3.95896006 42.00000000
v -20.06242371 -4.47293949 26.00000000
v -19.47849464 5.05580187 26.00000000
v -20.06242371 4.47293949 42.00000000
v -19.46313095 -5.07344198 26.00000000
v -18.96498108 5.73750734 26.00000000
v -19.46313095 5.07344198 42.00000000
v -18.95446777 -5.75369215 26.00000000
v -18.54903221 6.49263573 26.00000000
v -18.95446777 5.75369263 42.00000000
v -18.54316902 -6.50542593 26.00000000
v -18.24631691 7.29946184 26.00000000
v -18.54316902 6.50542593 42.00000000
v -18.24384880 -7.30761576 26.00000000
v -18.06237793 8.13798809 26.00000000
v -18.24384880 7.30761576 42.00000000
v -18.06190491 8.14169788 42.00000000
v -18.06190491 -8.14169693 26.00000000
v -18.00000000 9.00000000 28.00000000
v -18.24304199 10.69039536 28.00000000
v -18.06107140 9.85388947 28.00000000
v -18.54220772 11.49248981 28.00000000
v -18.95247841 12.24384499 28.00000000
v -19.46550179 12.92916393 28.00000000
v -20.07083511 13.53449726 28.00000000
v -20.75615501 14.04752159 28.00000000
v -21.50750923 14.45779228 28.00000000
v -22.30960464 14.75695801 28.00000000
v -23.14611053 14.93892860 28.00000000
v -24.00000000 15.00000000 28.00000000
v -24.86242676 14.93756008 42.00000000
v -24.00000000 15.00000000 40.00000000
v -24.00930977 14.99972153 42.00000000
v -25.70131302 14.75366497 42.00000000
v -26.50362015 14.45227242 42.00000000
v -27.25368500 14.04104042 42.00000000
v -27.93757629 13.52706051 42.00000000
v -28.53686905 12.92655754 42.00000000
v -29.04553223 12.24630737 42.00000000
v -29.45683098 11.49457455 42.00000000
v -29.75615120 10.69238377 42.00000000
v -30.00000000 -9.00000000 28.00000000
v -29.93809509 -8.14169788 42.00000000
v -29.75695801 -10.69039536 28.00000000
v -29.93892860 -9.85388947 28.00000000
v -29.45779228 -11.49248981 28.00000000
v -29.04752159 -12.24384499 28.00000000
v -28.53449821 -12.92916393 28.00000000
v -27.92916489 -13.53449726 28.00000000
v -27.24384499 -14.04752159 28.00000000
v -26.49249077 -14.45779228 28.00000000
v -25.69039536 -14.75695801 28.00000000
v -24.85388947 -14.93892860 28.00000000
v -24.00000000 -15.00000000 28.00000000
v -23.13757324 -14.93756008 42.00000000
v -24.00000000 -15.00000000 40.00000000
v -23.99069023 -14.99972153 42.00000000
v -22.29868698 -14.75366497 42.00000000
v -21.49637985 -14.45227242 42.00000000
v -20.74631500 -14.04104042 42.00000000
v -20.06242371 -13.52706051 42.00000000
v -19.46313095 -12.92655754 42.00000000
v -18.95446777 -12.24630737 42.00000000
v -18.54316902 -11.49457455 42.00000000
v -18.24384880 -10.69238377 42.00000000
v -18.06190491 -9.85830212 42.00000000
v -18.00000000 -9.00000000 28.00000000
v -18.24304199 -7.30960464 28.00000000
v -18.06107140 -8.14611053 28.00000000
v -18.54220772 -6.50750971 28.00000000
v -18.95247841 -5.75615501 28.00000000
v -19.46550179 -5.07083559 28.00000000
v -20.07083511 -4.46550274 28.00000000
v -20.75615501 -3.95247889 28.00000000
v -21.50750923 -3.54220796 28.00000000
v -22.30960464 -3.24304223 28.00000000
v -23.14611053 -3.06107140 28.00000000
v -24.00000000 -3.00000000 28.00000000
v -24.86242676 -3.06244016 42.00000000
v -24.00000000 -3.00000000 40.00000000
v -24.00930977 -3.00027847 42.00000000
v -25.70131302 -3.24633503 42.00000000
v -26.50362015 -3.54772758 42.00000000
v -27.25368500 -3.95896006 42.00000000
v -27.93757629 -4.47293949 42.00000000
v -28.53686905 -5.07344198 42.00000000
v -29.04553223 -5.75369263 42.00000000
v -29.45683098 -6.50542593 42.00000000
v -29.75615120 -7.30761576 42.00000000
v 18.06237793 -8.13798809 26.00000000
v 18.06190491 8.14169693 26.00000000
v 18.00000000 9.00000000 28.00000000
v 18.06190491 9.85830212 42.00000000
v 18.24384880 7.30761576 26.00000000
v 18.24304199 7.30960464 28.00000000
v 18.06107140 8.14611053 28.00000000
v 18.24631691 -7.29946184 26.00000000
v 18.54316902 6.50542593 26.00000000
v 18.54220772 6.50750971 28.00000000
v 18.54903221 -6.49263573 26.00000000
v 18.95446777 5.75369215 26.00000000
v 18.95247841 5.75615501 28.00000000
v 18.96498108 -5.73750734 26.00000000
v 19.46313095 5.07344198 26.00000000
v 19.47849464 -5.05580187 26.00000000
v 20.06242371 4.47293949 26.00000000
v 19.46550179 5.07083559 28.00000000
v 20.08196068 -4.45597410 26.00000000
v 20.74631500 3.95896006 26.00000000
v 20.07083511 4.46550274 28.00000000
v 20.76802444 -3.94504213 26.00000000
v 21.49637985 3.54772758 26.00000000
v 20.75615501 3.95247889 28.00000000
v 21.51809883 -3.53771257 26.00000000
v 22.29868698 3.24633503 26.00000000
v 21.50750923 3.54220796 28.00000000
v 22.31913567 -3.24032998 26.00000000
v 23.13757324 3.06244016 26.00000000
v 22.30960464 3.24304223 28.00000000
v 23.15665054 -3.05966210 26.00000000
v 23.99069023 3.00027847 26.00000000
v 23.14611053 3.06107140 28.00000000
v 24.00930977 -3.00027847 26.00000000
v 24.84334946 3.05966210 26.00000000
v 24.00000000 3.00000000 28.00000000
v 24.86242676 -3.06244016 26.00000000
v 25.68086433 3.24032998 26.00000000
v 24.86242676 3.06244016 42.00000000
v 24.00000000 3.00000000 40.00000000
v 24.00930977 3.00027847 42.00000000
v 25.70131302 -3.24633503 26.00000000
v 26.48190117 3.53771257 26.00000000
v 25.70131302 3.24633503 42.00000000
v 26.50362015 -3.54772758 26.00000000
v 27.23197556 3.94504213 26.00000000
v 26.50362015 3.54772758 42.00000000
v 27.25368500 -3.95896006 26.00000000
v 27.91803932 4.45597410 26.00000000
v 27.25368500 3.95896006 42.00000000
v 27.93757629 -4.47293949 26.00000000
v 28.52150536 5.05580187 26.00000000
v 27.93757629 4.47293949 42.00000000
v 28.53686905 -5.07344198 26.00000000
v 29.03501892 5.73750734 26.00000000
v 28.53686905 5.07344198 42.00000000
v 29.04553223 -5.75369215 26.00000000
v 29.45096779 6.49263573 26.00000000
v 29.04553223 5.75369263 42.00000000
v 29.45683098 -6.50542593 26.00000000
v 29.75368309 7.29946184 26.00000000
v 29.45683098 6.50542593 42.00000000
v 29.75615120 -7.30761576 26.00000000
v 29.93762207 8.13798809 26.00000000
v 29.75615120 7.30761576 42.00000000
v 29.93809509 8.14169788 42.00000000
v 29.93809509 -8.14169693 26.00000000
v 30.00000000 9.00000000 28.00000000
v 29.75695801 10.69039536 28.00000000
v 29.93892860 9.85388947 28.00000000
v 29.45779228 11.49248981 28.00000000
v 29.04752159 12.24384499 28.00000000
v 28.53449821 12.92916393 28.00000000
v 27.92916489 13.53449726 28.00000000
v 27.24384499 14.04752159 28.00000000
v 26.49249077 14.45779228 28.00000000
v 25.69039536 14.75695801 28.00000000
v 24.85388947 14.93892860 28.00000000
v 24.00000000 15.00000000 28.00000000
v 23.13757324 14.93756008 42.00000000
v 24.00000000 15.00000000 40.00000000
v 23.99069023 14.99972153 42.00000000
v 22.29868698 14.75366497 42.00000000
v 21.49637985 14.45227242 42.00000000
v 20.74631500 14.04104042 42.00000000
v 20.06242371 13.52706051 42.00000000
v 19.46313095 12.92655754 42.00000000
v 18.95446777 12.24630737 42.00000000
v 18.54316902 11.49457455 42.00000000
v 18.24384880 10.69238377 42.00000000
v 18.00000000 -9.00000000 28.00000000
v 18.06190491 -8.14169788 42.00000000
v 18.24304199 -10.69039536 28.00000000
v 18.06107140 -9.85388947 28.00000000
v 18.54220772 -11.49248981 28.00000000
v 18.95247841 -12.24384499 28.00000000
v 19.46550179 -12.92916393 28.00000000
v 20.07083511 -13.53449726 28.00000000
v 20.75615501 -14.04752159 28.00000000
v 21.50750923 -14.45779228 28.00000000
v 22.30960464 -14.75695801 28.00000000
v 23.14611053 -14.93892860 28.00000000
v 24.00000000 -15.00000000 28.00000000
v 24.86242676 -14.93756008 42.00000000
v 24.00000000 -15.00000000 40.00000000
v 24.00930977 -14.99972153 42.00000000
v 25.70131302 -14.75366497 42.00000000
v 26.50362015 -14.45227242 42.00000000
v 27.25368500 -14.04104042 42.00000000
v 27.93757629 -13.52706051 42.00000000
v 28.53686905 -12.92655754 42.00000000
v 29.04553223 -12.24630737 42.00000000
v 29.45683098 -11.49457455 42.00000000
v 29.75615120 -10.69238377 42.00000000
v 29.93809509 -9.85830212 42.00000000
v 30.00000000 -9.00000000 28.00000000
v 29.75695801 -7.30960464 28.00000000
v 29.93892860 -8.14611053 28.00000000
v 29.45779228 -6.50750971 28.00000000
v 29.04752159 -5.75615501 28.00000000
v 28.53449821 -5.07083559 28.00000000
v 27.92916489 -4.46550274 28.00000000
v 27.24384499 -3.95247889 28.00000000
v 26.49249077 -3.54220796 28.00000000
v 25.69039536 -3.24304223 28.00000000
v 24.85388947 -3.06107140 28.00000000
v 24.00000000 -3.00000000 28.00000000
v 23.13757324 -3.06244016 42.00000000
v 24.00000000 -3.00000000 40.00000000
v 23.99069023 -3.00027847 42.00000000
v 22.29868698 -3.24633503 42.00000000
v 21.49637985 -3.54772758 42.00000000
v 20.74631500 -3.95896006 42.00000000
v 20.06242371 -4.47293949 42.00000000
v 19.46313095 -5.07344198 42.00000000
v 18.95446777 -5.75369263 42.00000000
v 18.54316902 -6.50542593 42.00000000
v 18.24384880 -7.30761576 42.00000000
v -30.00000000 9.00000000 40.00000000
v -29.93892860 8.14611053 40.00000000
v -29.75695801 7.30960464 40.00000000
v -29.45779228 6.50750971 40.00000000
v -29.04752159 5.75615501 40.00000000
v -28.53449821 5.07083559 40.00000000
v -27.92916489 4.46550274 40.00000000
v -27.24384499 3.95247889 40.00000000
v -26.49249077 3.54220796 40.00000000
v -25.69039536 3.24304223 40.00000000
v -24.85388947 3.06107140 40.00000000
v -24.84334946 3.05966210 42.00000000
v -25.68086433 3.24032998 42.00000000
v -26.48190117 3.53771234 42.00000000
v -27.23197556 3.94504189 42.00000000
v -27.91803932 4.45597410 42.00000000
v -28.52150536 5.05580187 42.00000000
v -29.03501892 5.73750734 42.00000000
v -29.45096779 6.49263573 42.00000000
v -29.75368309 7.29946184 42.00000000
v -29.93762207 8.13798809 42.00000000
v -30.00000000 9.00000000 42.00000000
v -26.50000000 9.00000000 42.00000000
v -26.39749146 9.70828629 42.00000000
v -26.47380829 9.36030769 42.00000000
v -26.27251434 7.95874214 42.00000000
v -26.47376633 8.64060688 42.00000000
v -26.39832878 8.29440403 42.00000000
v -25.63727570 7.11079550 42.00000000
v -26.10189438 7.64662313 42.00000000
v -25.88719559 7.36071491 42.00000000
v -24.00983429 6.49901581 42.00000000
v -24.00983620 6.50003386 42.00000000
v -25.35334206 6.89801979 42.00000000
v -25.04314804 6.72839212 42.00000000
v -24.70960426 6.60288143 42.00000000
v -24.36364174 6.52685738 42.00000000
v -23.65610695 6.52398825 42.00000000
v -22.12187386 7.35043573 42.00000000
v -23.30980110 6.59722519 42.00000000
v -22.97529984 6.71991348 42.00000000
v -22.66298866 6.88767385 42.00000000
v -22.37549400 7.09980679 42.00000000
v -18.00000000 9.00000000 40.00000000
v -18.00000000 9.00000000 42.00000000
v -21.60250854 8.29171371 42.00000000
v -21.90347862 7.63836622 42.00000000
v -21.73014069 7.95312548 42.00000000
v -18.06107140 9.85388947 40.00000000
v -18.06237793 9.86201191 42.00000000
v -21.50000000 9.00000000 42.00000000
v -21.52619171 8.63969231 42.00000000
v -18.24304199 10.69039536 40.00000000
v -18.54220772 11.49248981 40.00000000
v -18.24631691 10.70053768 42.00000000
v -18.95247841 12.24384499 40.00000000
v -18.54903221 11.50736427 42.00000000
v -19.46550179 12.92916393 40.00000000
v -18.96498108 12.26249313 42.00000000
v -20.07083511 13.53449726 40.00000000
v -19.47849464 12.94419861 42.00000000
v -20.75615501 14.04752159 40.00000000
v -20.08196068 13.54402542 42.00000000
v -21.50750923 14.45779228 40.00000000
v -20.76802444 14.05495834 42.00000000
v -22.30960464 14.75695801 40.00000000
v -21.51809883 14.46228790 42.00000000
v -23.14611053 14.93892860 40.00000000
v -22.31913567 14.75967026 42.00000000
v -23.15665054 14.94033813 42.00000000
v -21.72748566 10.04125786 42.00000000
v -21.52623367 9.35939312 42.00000000
v -21.60167122 9.70559597 42.00000000
v -22.36272430 10.88920498 42.00000000
v -21.89810562 10.35337639 42.00000000
v -22.11280441 10.63928509 42.00000000
v -23.99016571 11.50098419 42.00000000
v -23.99016380 11.49996662 42.00000000
v -22.64665794 11.10198021 42.00000000
v -22.95685196 11.27160740 42.00000000
v -23.29039574 11.39711857 42.00000000
v -23.63635826 11.47314262 42.00000000
v -24.34389305 11.47601128 42.00000000
v -25.87812614 10.64956379 42.00000000
v -24.69019890 11.40277481 42.00000000
v -25.02470016 11.28008652 42.00000000
v -25.33701134 11.11232662 42.00000000
v -25.62450600 10.90019321 42.00000000
v -26.09652138 10.36163425 42.00000000
v -26.26985931 10.04687500 42.00000000
v -21.50000000 9.00000000 54.50949860
v -21.52544594 8.64421272 54.50949860
v -21.60126686 9.70433140 54.50949860
v -21.52544594 9.35578728 54.50949860
v -21.72591972 10.03853798 54.50949860
v -21.89686584 10.35160160 54.50949860
v -22.11062622 10.63715172 54.50949860
v -22.36284828 10.88937378 54.50949860
v -22.64839745 11.10313416 54.50949860
v -22.96146202 11.27408028 54.50949860
v -23.29566956 11.39873219 54.50949860
v -23.64421272 11.47455406 54.50949860
v -24.00000000 11.50000000 54.50949860
v -24.35578728 11.47455406 54.50949860
v -24.70433044 11.39873219 54.50949860
v -25.03853798 11.27408028 54.50949860
v -25.35160255 11.10313416 54.50949860
v -25.63715172 10.88937378 54.50949860
v -25.88937378 10.63715172 54.50949860
v -26.10313416 10.35160160 54.50949860
v -26.27408028 10.03853798 54.50949860
v -26.39873314 9.70433140 54.50949860
v -26.47455406 9.35578728 54.50949860
v -26.50000000 9.00000000 54.50949860
v -26.39873314 8.29566860 54.50949860
v -26.47455406 8.64421272 54.50949860
v -26.27408028 7.96146250 54.50949860
v -26.10313416 7.64839792 54.50949860
v -25.88937378 7.36284828 54.50949860
v -25.63715172 7.11062622 54.50949860
v -25.35160255 6.89686632 54.50949860
v -25.03853798 6.72592020 54.50949860
v -24.70433044 6.60126734 54.50949860
v -24.35578728 6.52544641 54.50949860
v -24.00000000 6.50000000 54.50949860
v -23.64421272 6.52544641 54.50949860
v -23.29566956 6.60126734 54.50949860
v -22.96146202 6.72592020 54.50949860
v -22.64839745 6.89686632 54.50949860
v -22.36284828 7.11062622 54.50949860
v -22.11062622 7.36284828 54.50949860
v -21.89686584 7.64839792 54.50949860
v -21.72591972 7.96146250 54.50949860
v -21.60126686 8.29566860 54.50949860
v -21.99049950 9.00000000 55.00000000
v -22.01199722 8.70990181 55.00000000
v -22.01196098 9.29100704 55.00000000
v -22.07317352 9.57045555 55.00000000
v -22.17557716 9.84126949 55.00000000
v -22.31484795 10.09467888 55.00000000
v -22.48864365 10.32392025 55.00000000
v -22.69244385 10.52588940 55.00000000
v -22.92259407 10.69596577 55.00000000
v -23.17413902 10.83193398 55.00000000
v -23.44296837 10.93037987 55.00000000
v -23.72287369 10.99028301 55.00000000
v -24.00807381 11.00921535 55.00000000
v -24.29316139 10.98798466 55.00000000
v -24.57291222 10.92562771 55.00000000
v -24.84100723 10.82503319 55.00000000
v -25.09055328 10.68756008 55.00000000
v -25.31806564 10.51682377 55.00000000
v -25.51879120 10.31551361 55.00000000
v -25.82667351 9.83662033 55.00000000
v -25.68962288 10.08776951 55.00000000
v -25.92752457 9.56809235 55.00000000
v -25.98800278 9.29009819 55.00000000
v -26.00950050 9.00000000 55.00000000
v -25.98803902 8.70899296 55.00000000
v -25.92682648 8.42954445 55.00000000
v -25.82442284 8.15873051 55.00000000
v -25.68515205 7.90532160 55.00000000
v -25.51135635 7.67607975 55.00000000
v -25.30755615 7.47411060 55.00000000
v -25.07740593 7.30403423 55.00000000
v -24.82586098 7.16806602 55.00000000
v -24.55703163 7.06962013 55.00000000
v -24.27712631 7.00971699 55.00000000
v -23.99192619 6.99078512 55.00000000
v -23.70683861 7.01201534 55.00000000
v -23.42708778 7.07437181 55.00000000
v -23.15899277 7.17496729 55.00000000
v -22.90944672 7.31243992 55.00000000
v -22.68193436 7.48317575 55.00000000
v -22.48120880 7.68448639 55.00000000
v -22.17332649 8.16337967 55.00000000
v -22.31037712 7.91223097 55.00000000
v -22.07247543 8.43190765 55.00000000
v -30.00000000 -9.00000000 40.00000000
v -29.93892860 -9.85388947 40.00000000
v -29.75695801 -10.69039536 40.00000000
v -29.45779228 -11.49248981 40.00000000
v -29.04752159 -12.24384499 40.00000000
v -28.53449821 -12.92916393 40.00000000
v -27.92916489 -13.53449726 40.00000000
v -27.24384499 -14.04752159 40.00000000
v -26.49249077 -14.45779228 40.00000000
v -25.69039536 -14.75695801 40.00000000
v -24.85388947 -14.93892860 40.00000000
v -24.84334946 -14.94033813 42.00000000
v -25.68086433 -14.75967026 42.00000000
v -26.48190117 -14.46228790 42.00000000
v -27.23197556 -14.05495834 42.00000000
v -27.91803932 -13.54402542 42.00000000
v -28.52150536 -12.94419861 42.00000000
v -29.03501892 -12.26249313 42.00000000
v -29.45096779 -11.50736427 42.00000000
v -29.75368309 -10.70053768 42.00000000
v -29.93762207 -9.86201191 42.00000000
v -30.00000000 -9.00000000 42.00000000
v -26.50000000 -9.00000000 42.00000000
v -26.39749146 -8.29171371 42.00000000
v -26.47380829 -8.63969231 42.00000000
v -26.27251434 -10.04125786 42.00000000
v -26.47376633 -9.35939312 42.00000000
v -26.39832878 -9.70559597 42.00000000
v -25.63727570 -10.88920498 42.00000000
v -26.10189438 -10.35337639 42.00000000
v -25.88719559 -10.63928509 42.00000000
v -24.00983429 -11.50098419 42.00000000
v -24.00983620 -11.49996662 42.00000000
v -25.35334206 -11.10198021 42.00000000
v -25.04314804 -11.27160740 42.00000000
v -24.70960426 -11.39711857 42.00000000
v -24.36364174 -11.47314262 42.00000000
v -23.65610695 -11.47601128 42.00000000
v -22.12187386 -10.64956379 42.00000000
v -23.30980110 -11.40277481 42.00000000
v -22.97529984 -11.28008652 42.00000000
v -22.66298866 -11.11232662 42.00000000
v -22.37549400 -10.90019321 42.00000000
v -18.00000000 -9.00000000 40.00000000
v -18.00000000 -9.00000000 42.00000000
v -21.60250854 -9.70828629 42.00000000
v -21.90347862 -10.36163425 42.00000000
v -21.73014069 -10.04687500 42.00000000
v -18.06107140 -8.14611053 40.00000000
v -18.06237793 -8.13798809 42.00000000
v -21.50000000 -9.00000000 42.00000000
v -21.52619171 -9.36030769 42.00000000
v -18.24304199 -7.30960464 40.00000000
v -18.54220772 -6.50750971 40.00000000
v -18.24631691 -7.29946184 42.00000000
v -18.95247841 -5.75615501 40.00000000
v -18.54903221 -6.49263573 42.00000000
v -19.46550179 -5.07083559 40.00000000
v -18.96498108 -5.73750734 42.00000000
v -20.07083511 -4.46550274 40.00000000
v -19.47849464 -5.05580187 42.00000000
v -20.75615501 -3.95247889 40.00000000
v -20.08196068 -4.45597410 42.00000000
v -21.50750923 -3.54220796 40.00000000
v -20.76802444 -3.94504189 42.00000000
v -22.30960464 -3.24304223 40.00000000
v -21.51809883 -3.53771234 42.00000000
v -23.14611053 -3.06107140 40.00000000
v -22.31913567 -3.24032998 42.00000000
v -23.15665054 -3.05966210 42.00000000
v -21.72748566 -7.95874214 42.00000000
v -21.52623367 -8.64060688 42.00000000
v -21.60167122 -8.29440403 42.00000000
v -22.36272430 -7.11079550 42.00000000
v -21.89810562 -7.64662313 42.00000000
v -22.11280441 -7.36071491 42.00000000
v -23.99016571 -6.49901581 42.00000000
v -23.99016380 -6.50003386 42.00000000
v -22.64665794 -6.89801979 42.00000000
v -22.95685196 -6.72839212 42.00000000
v -23.29039574 -6.60288143 42.00000000
v -23.63635826 -6.52685738 42.00000000
v -24.34389305 -6.52398825 42.00000000
v -25.87812614 -7.35043573 42.00000000
v -24.69019890 -6.59722519 42.00000000
v -25.02470016 -6.71991348 42.00000000
v -25.33701134 -6.88767385 42.00000000
v -25.62450600 -7.09980679 42.00000000
v -26.09652138 -7.63836622 42.00000000
v -26.26985931 -7.95312548 42.00000000
v -21.50000000 -9.00000000 54.50949860
v -21.52544594 -9.35578728 54.50949860
v -21.60126686 -8.29566860 54.50949860
v -21.52544594 -8.64421272 54.50949860
v -21.72591972 -7.96146250 54.50949860
v -21.89686584 -7.64839792 54.50949860
v -22.11062622 -7.36284828 54.50949860
v -22.36284828 -7.11062622 54.50949860
v -22.64839745 -6.89686632 54.50949860
v -22.96146202 -6.72592020 54.50949860
v -23.29566956 -6.60126734 54.50949860
v -23.64421272 -6.52544641 54.50949860
v -24.00000000 -6.50000000 54.50949860
v -24.35578728 -6.52544641 54.50949860
v -24.70433044 -6.60126734 54.50949860
v -25.03853798 -6.72592020 54.50949860
v -25.35160255 -6.89686632 54.50949860
v -25.63715172 -7.11062622 54.50949860
v -25.88937378 -7.36284828 54.50949860
v -26.10313416 -7.64839792 54.50949860
v -26.27408028 -7.96146250 54.50949860
v -26.39873314 -8.29566860 54.50949860
v -26.47455406 -8.64421272 54.50949860
v -26.50000000 -9.00000000 54.50949860
v -26.39873314 -9.70433140 54.50949860
v -26.47455406 -9.35578728 54.50949860
v -26.27408028 -10.03853798 54.50949860
v -26.10313416 -10.35160160 54.50949860
v -25.88937378 -10.63715172 54.50949860
v -25.63715172 -10.88937378 54.50949860
v -25.35160255 -11.10313416 54.50949860
v -25.03853798 -11.27408028 54.50949860
v -24.70433044 -11.39873219 54.50949860
v -24.35578728 -11.47455406 54.50949860
v -24.00000000 -11.50000000 54.50949860
v -23.64421272 -11.47455406 54.50949860
v -23.29566956 -11.39873219 54.50949860
v -22.96146202 -11.27408028 54.50949860
v -22.64839745 -11.10313416 54.50949860
v -22.36284828 -10.88937378 54.50949860
v -22.11062622 -10.63715172 54.50949860
v -21.89686584 -10.35160160 54.50949860
v -21.72591972 -10.03853798 54.50949860
v -21.60126686 -9.70433140 54.50949860
v -21.99049950 -9.00000000 55.00000000
v -22.01199722 -9.29009819 55.00000000
v -22.01196098 -8.70899296 55.00000000
v -22.07317352 -8.42954445 55.00000000
v -22.17557716 -8.15873051 55.00000000
v -22.31484795 -7.90532160 55.00000000
v -22.48864365 -7.67607975 55.00000000
v -22.69244385 -7.47411060 55.00000000
v -22.92259407 -7.30403423 55.00000000
v -23.17413902 -7.16806602 55.00000000
v -23.44296837 -7.06962013 55.00000000
v -23.72287369 -7.00971699 55.00000000
v -24.00807381 -6.99078512 55.00000000
v -24.29316139 -7.01201534 55.00000000
v -24.57291222 -7.07437181 55.00000000
v -24.84100723 -7.17496729 55.00000000
v -25.09055328 -7.31243992 55.00000000
v -25.31806564 -7.48317575 55.00000000
v -25.51879120 -7.68448639 55.00000000
v -25.82667351 -8.16337967 55.00000000
v -25.68962288 -7.91223097 55.00000000
v -25.92752457 -8.43190765 55.00000000
v -25.98800278 -8.70990181 55.00000000
v -26.00950050 -9.00000000 55.00000000
v -25.98803902 -9.29100704 55.00000000
v -25.92682648 -9.57045555 55.00000000
v -25.82442284 -9.84126949 55.00000000
v -25.68515205 -10.09467888 55.00000000
v -25.51135635 -10.32392025 55.00000000
v -25.30755615 -10.52588940 55.00000000
v -25.07740593 -10.69596577 55.00000000
v -24.82586098 -10.83193398 55.00000000
v -24.55703163 -10.93037987 55.00000000
v -24.27712631 -10.99028301 55.00000000
v -23.99192619 -11.00921535 55.00000000
v -23.70683861 -10.98798466 55.00000000
v -23.42708778 -10.92562771 55.00000000
v -23.15899277 -10.82503319 55.00000000
v -22.90944672 -10.68756008 55.00000000
v -22.68193436 -10.51682377 55.00000000
v -22.48120880 -10.31551361 55.00000000
v -22.17332649 -9.83662033 55.00000000
v -22.31037712 -10.08776951 55.00000000
v -22.07247543 -9.56809235 55.00000000
v 18.00000000 9.00000000 40.00000000
v 18.06107140 8.14611053 40.00000000
v 18.24304199 7.30960464 40.00000000
v 18.54220772 6.50750971 40.00000000
v 18.95247841 5.75615501 40.00000000
v 19.46550179 5.07083559 40.00000000
v 20.07083511 4.46550274 40.00000000
v 20.75615501 3.95247889 40.00000000
v 21.50750923 3.54220796 40.00000000
v 22.30960464 3.24304223 40.00000000
v 23.14611053 3.06107140 40.00000000
v 23.15665054 3.05966210 42.00000000
v 22.31913567 3.24032998 42.00000000
v 21.51809883 3.53771234 42.00000000
v 20.76802444 3.94504189 42.00000000
v 20.08196068 4.45597410 42.00000000
v 19.47849464 5.05580187 42.00000000
v 18.96498108 5.73750734 42.00000000
v 18.54903221 6.49263573 42.00000000
v 18.24631691 7.29946184 42.00000000
v 18.06237793 8.13798809 42.00000000
v 18.00000000 9.00000000 42.00000000
v 21.50000000 9.00000000 42.00000000
v 21.60250854 9.70828629 42.00000000
v 21.52619171 9.36030769 42.00000000
v 21.72748566 7.95874214 42.00000000
v 21.52623367 8.64060688 42.00000000
v 21.60167122 8.29440403 42.00000000
v 22.36272430 7.11079550 42.00000000
v 21.89810562 7.64662313 42.00000000
v 22.11280441 7.36071491 42.00000000
v 23.99016571 6.49901581 42.00000000
v 23.99016380 6.50003386 42.00000000
v 22.64665794 6.89801979 42.00000000
v 22.95685196 6.72839212 42.00000000
v 23.29039574 6.60288143 42.00000000
v 23.63635826 6.52685738 42.00000000
v 24.34389305 6.52398825 42.00000000
v 25.87812614 7.35043573 42.00000000
v 24.69019890 6.59722519 42.00000000
v 25.02470016 6.71991348 42.00000000
v 25.33701134 6.88767385 42.00000000
v 25.62450600 7.09980679 42.00000000
v 30.00000000 9.00000000 40.00000000
v 30.00000000 9.00000000 42.00000000
v 26.39749146 8.29171371 42.00000000
v 26.09652138 7.63836622 42.00000000
v 26.26985931 7.95312548 42.00000000
v 29.93892860 9.85388947 40.00000000
v 29.93762207 9.86201191 42.00000000
v 26.50000000 9.00000000 42.00000000
v 26.47380829 8.63969231 42.00000000
v 29.75695801 10.69039536 40.00000000
v 29.45779228 11.49248981 40.00000000
v 29.75368309 10.70053768 42.00000000
v 29.04752159 12.24384499 40.00000000
v 29.45096779 11.50736427 42.00000000
v 28.53449821 12.92916393 40.00000000
v 29.03501892 12.26249313 42.00000000
v 27.92916489 13.53449726 40.00000000
v 28.52150536 12.94419861 42.00000000
v 27.24384499 14.04752159 40.00000000
v 27.91803932 13.54402542 42.00000000
v 26.49249077 14.45779228 40.00000000
v 27.23197556 14.05495834 42.00000000
v 25.69039536 14.75695801 40.00000000
v 26.48190117 14.46228790 42.00000000
v 24.85388947 14.93892860 40.00000000
v 25.68086433 14.75967026 42.00000000
v 24.84334946 14.94033813 42.00000000
v 26.27251434 10.04125786 42.00000000
v 26.47376633 9.35939312 42.00000000
v 26.39832878 9.70559597 42.00000000
v 25.63727570 10.88920498 42.00000000
v 26.10189438 10.35337639 42.00000000
v 25.88719559 10.63928509 42.00000000
v 24.00983429 11.50098419 42.00000000
v 24.00983620 11.49996662 42.00000000
v 25.35334206 11.10198021 42.00000000
v 25.04314804 11.27160740 42.00000000
v 24.70960426 11.39711857 42.00000000
v 24.36364174 11.47314262 42.00000000
v 23.65610695 11.47601128 42.00000000
v 22.12187386 10.64956379 42.00000000
v 23.30980110 11.40277481 42.00000000
v 22.97529984 11.28008652 42.00000000
v 22.66298866 11.11232662 42.00000000
v 22.37549400 10.90019321 42.00000000
v 21.90347862 10.36163425 42.00000000
v 21.73014069 10.04687500 42.00000000
v 26.50000000 9.00000000 54.50949860
v 26.47455406 8.64421272 54.50949860
v 26.39873314 9.70433140 54.50949860
v 26.47455406 9.35578728 54.50949860
v 26.27408028 10.03853798 54.50949860
v 26.10313416 10.35160160 54.50949860
v 25.88937378 10.63715172 54.50949860
v 25.63715172 10.88937378 54.50949860
v 25.35160255 11.10313416 54.50949860
v 25.03853798 11.27408028 54.50949860
v 24.70433044 11.39873219 54.50949860
v 24.35578728 11.47455406 54.50949860
v 24.00000000 11.50000000 54.50949860
v 23.64421272 11.47455406 54.50949860
v 23.29566956 11.39873219 54.50949860
v 22.96146202 11.27408028 54.50949860
v 22.64839745 11.10313416 54.50949860
v 22.36284828 10.88937378 54.50949860
v 22.11062622 10.63715172 54.50949860
v 21.89686584 10.35160160 54.50949860
v 21.72591972 10.03853798 54.50949860
v 21.60126686 9.70433140 54.50949860
v 21.52544594 9.35578728 54.50949860
v 21.50000000 9.00000000 54.50949860
v 21.60126686 8.29566860 54.50949860
v 21.52544594 8.64421272 54.50949860
v 21.72591972 7.96146250 54.50949860
v 21.89686584 7.64839792 54.50949860
v 22.11062622 7.36284828 54.50949860
v 22.36284828 7.11062622 54.50949860
v 22.64839745 6.89686632 54.50949860
v 22.96146202 6.72592020 54.50949860
v 23.29566956 6.60126734 54.50949860
v 23.64421272 6.52544641 54.50949860
v 24.00000000 6.50000000 54.50949860
v 24.35578728 6.52544641 54.50949860
v 24.70433044 6.60126734 54.50949860
v 25.03853798 6.72592020 54.50949860
v 25.35160255 6.89686632 54.50949860
v 25.63715172 7.11062622 54.50949860
v 25.88937378 7.36284828 54.50949860
v 26.10313416 7.64839792 54.50949860
v 26.27408028 7.96146250 54.50949860
v 26.39873314 8.29566860 54.50949860
v 26.00950050 9.00000000 55.00000000
v 25.98800278 8.70990181 55.00000000
v 25.98803902 9.29100704 55.00000000
v 25.92682648 9.57045555 55.00000000
v 25.82442284 9.84126949 55.00000000
v 25.68515205 10.09467888 55.00000000
v 25.51135635 10.32392025 55.00000000
v 25.30755615 10.52588940 55.00000000
v 25.07740593 10.69596577 55.00000000
v 24.82586098 10.83193398 55.00000000
v 24.55703163 10.93037987 55.00000000
v 24.27712631 10.99028301 55.00000000
v 23.99192619 11.00921535 55.00000000
v 23.70683861 10.98798466 55.00000000
v 23.42708778 10.92562771 55.00000000
v 23.15899277 10.82503319 55.00000000
v 22.90944672 10.68756008 55.00000000
v 22.68193436 10.51682377 55.00000000
v 22.48120880 10.31551361 55.00000000
v 22.17332649 9.83662033 55.00000000
v 22.31037712 10.08776951 55.00000000
v 22.07247543 9.56809235 55.00000000
v 22.01199722 9.29009819 55.00000000
v 21.99049950 9.00000000 55.00000000
v 22.01196098 8.70899296 55.00000000
v 22.07317352 8.42954445 55.00000000
v 22.17557716 8.15873051 55.00000000
v 22.31484795 7.90532160 55.00000000
v 22.48864365 7.67607975 55.00000000
v 22.69244385 7.47411060 55.00000000
v 22.92259407 7.30403423 55.00000000
v 23.17413902 7.16806602 55.00000000
v 23.44296837 7.06962013 55.00000000
v 23.72287369 7.00971699 55.00000000
v 24.00807381 6.99078512 55.00000000
v 24.29316139 7.01201534 55.00000000
v 24.57291222 7.07437181 55.00000000
v 24.84100723 7.17496729 55.00000000
v 25.09055328 7.31243992 55.00000000
v 25.31806564 7.48317575 55.00000000
v 25.51879120 7.68448639 55.00000000
v 25.82667351 8.16337967 55.00000000
v 25.68962288 7.91223097 55.00000000
v 25.92752457 8.43190765 55.00000000
v 18.00000000 -9.00000000 40.00000000
v 18.06107140 -9.85388947 40.00000000
v 18.24304199 -10.69039536 40.00000000
v 18.54220772 -11.49248981 40.00000000
v 18.95247841 -12.24384499 40.00000000
v 19.46550179 -12.92916393 40.00000000
v 20.07083511 -13.53449726 40.00000000
v 20.75615501 -14.04752159 40.00000000
v 21.50750923 -14.45779228 40.00000000
v 22.30960464 -14.75695801 40.00000000
v 23.14611053 -14.93892860 40.00000000
v 23.15665054 -14.94033813 42.00000000
v 22.31913567 -14.75967026 42.00000000
v 21.51809883 -14.46228790 42.00000000
v 20.76802444 -14.05495834 42.00000000
v 20.08196068 -13.54402542 42.00000000
v 19.47849464 -12.94419861 42.00000000
v 18.96498108 -12.26249313 42.00000000
v 18.54903221 -11.50736427 42.00000000
v 18.24631691 -10.70053768 42.00000000
v 18.06237793 -9.86201191 42.00000000
v 18.00000000 -9.00000000 42.00000000
v 21.50000000 -9.00000000 42.00000000
v 21.60250854 -8.29171371 42.00000000
v 21.52619171 -8.63969231 42.00000000
v 21.72748566 -10.04125786 42.00000000
v 21.52623367 -9.35939312 42.00000000
v 21.60167122 -9.70559597 42.00000000
v 22.36272430 -10.88920498 42.00000000
v 21.89810562 -10.35337639 42.00000000
v 22.11280441 -10.63928509 42.00000000
v 23.99016571 -11.50098419 42.00000000
v 23.99016380 -11.49996662 42.00000000
v 22.64665794 -11.10198021 42.00000000
v 22.95685196 -11.27160740 42.00000000
v 23.29039574 -11.39711857 42.00000000
v 23.63635826 -11.47314262 42.00000000
v 24.34389305 -11.47601128 42.00000000
v 25.87812614 -10.64956379 42.00000000
v 24.69019890 -11.40277481 42.00000000
v 25.02470016 -11.28008652 42.00000000
v 25.33701134 -11.11232662 42.00000000
v 25.62450600 -10.90019321 42.00000000
v 30.00000000 -9.00000000 40.00000000
v 30.00000000 -9.00000000 42.00000000
v 26.39749146 -9.70828629 42.00000000
v 26.09652138 -10.36163425 42.00000000
v 26.26985931 -10.04687500 42.00000000
v 29.93892860 -8.14611053 40.00000000
v 29.93762207 -8.13798809 42.00000000
v 26.50000000 -9.00000000 42.00000000
v 26.47380829 -9.36030769 42.00000000
v 29.75695801 -7.30960464 40.00000000
v 29.45779228 -6.50750971 40.00000000
v 29.75368309 -7.29946184 42.00000000
v 29.04752159 -5.75615501 40.00000000
v 29.45096779 -6.49263573 42.00000000
v 28.53449821 -5.07083559 40.00000000
v 29.03501892 -5.73750734 42.00000000
v 27.92916489 -4.46550274 40.00000000
v 28.52150536 -5.05580187 42.00000000
v 27.24384499 -3.95247889 40.00000000
v 27.91803932 -4.45597410 42.00000000
v 26.49249077 -3.54220796 40.00000000
v 27.23197556 -3.94504189 42.00000000
v 25.69039536 -3.24304223 40.00000000
v 26.48190117 -3.53771234 42.00000000
v 24.85388947 -3.06107140 40.00000000
v 25.68086433 -3.24032998 42.00000000
v 24.84334946 -3.05966210 42.00000000
v 26.27251434 -7.95874214 42.00000000
v 26.47376633 -8.64060688 42.00000000
v 26.39832878 -8.29440403 42.00000000
v 25.63727570 -7.11079550 42.00000000
v 26.10189438 -7.64662313 42.00000000
v 25.88719559 -7.36071491 42.00000000
v 24.00983429 -6.49901581 42.00000000
v 24.00983620 -6.50003386 42.00000000
v 25.35334206 -6.89801979 42.00000000
v 25.04314804 -6.72839212 42.00000000
v 24.70960426 -6.60288143 42.00000000
v 24.36364174 -6.52685738 42.00000000
v 23.65610695 -6.52398825 42.00000000
v 22.12187386 -7.35043573 42.00000000
v 23.30980110 -6.59722519 42.00000000
v 22.97529984 -6.71991348 42.00000000
v 22.66298866 -6.88767385 42.00000000
v 22.37549400 -7.09980679 42.00000000
v 21.90347862 -7.63836622 42.00000000
v 21.73014069 -7.95312548 42.00000000
v 26.50000000 -9.00000000 54.50949860
v 26.47455406 -9.35578728 54.50949860
v 26.39873314 -8.29566860 54.50949860
v 26.47455406 -8.64421272 54.50949860
v 26.27408028 -7.96146250 54.50949860
v 26.10313416 -7.64839792 54.50949860
v 25.88937378 -7.36284828 54.50949860
v 25.63715172 -7.11062622 54.50949860
v 25.35160255 -6.89686632 54.50949860
v 25.03853798 -6.72592020 54.50949860
v 24.70433044 -6.60126734 54.50949860
v 24.35578728 -6.52544641 54.50949860
v 24.00000000 -6.50000000 54.50949860
v 23.64421272 -6.52544641 54.50949860
v 23.29566956 -6.60126734 54.50949860
v 22.96146202 -6.72592020 54.50949860
v 22.64839745 -6.89686632 54.50949860
v 22.36284828 -7.11062622 54.50949860
v 22.11062622 -7.36284828 54.50949860
v 21.89686584 -7.64839792 54.50949860
v 21.72591972 -7.96146250 54.50949860
v 21.60126686 -8.29566860 54.50949860
v 21.52544594 -8.64421272 54.50949860
v 21.50000000 -9.00000000 54.50949860
v 21.60126686 -9.70433140 54.50949860
v 21.52544594 -9.35578728 54.50949860
v 21.72591972 -10.03853798 54.50949860
v 21.89686584 -10.35160160 54.50949860
v 22.11062622 -10.63715172 54.50949860
v 22.36284828 -10.88937378 54.50949860
v 22.64839745 -11.10313416 54.50949860
v 22.96146202 -11.27408028 54.50949860
v 23.29566956 -11.39873219 54.50949860
v 23.64421272 -11.47455406 54.50949860
v 24.00000000 -11.50000000 54.50949860
v 24.35578728 -11.47455406 54.50949860
v 24.70433044 -11.39873219 54.50949860
v 25.03853798 -11.27408028 54.50949860
v 25.35160255 -11.10313416 54.50949860
v 25.63715172 -10.88937378 54.50949860
v 25.88937378 -10.63715172 54.50949860
v 26.10313416 -10.35160160 54.50949860
v 26.27408028 -10.03853798 54.50949860
v 26.39873314 -9.70433140 54.50949860
v 26.00950050 -9.00000000 55.00000000
v 25.98800278 -9.29009819 55.00000000
v 25.98803902 -8.70899296 55.00000000
v 25.92682648 -8.42954445 55.00000000
v 25.82442284 -8.15873051 55.00000000
v 25.68515205 -7.90532160 55.00000000
v 25.51135635 -7.67607975 55.00000000
v 25.30755615 -7.47411060 55.00000000
v 25.07740593 -7.30403423 55.00000000
v 24.82586098 -7.16806602 55.00000000
v 24.55703163 -7.06962013 55.00000000
v 24.27712631 -7.00971699 55.00000000
v 23.99192619 -6.99078512 55.00000000
v 23.70683861 -7.01201534 55.00000000
v 23.42708778 -7.07437181 55.00000000
v 23.15899277 -7.17496729 55.00000000
v 22.90944672 -7.31243992 55.00000000
v 22.68193436 -7.48317575 55.00000000
v 22.48120880 -7.68448639 55.00000000
v 22.17332649 -8.16337967 55.00000000
v 22.31037712 -7.91223097 55.00000000
v 22.07247543 -8.43190765 55.00000000
v 22.01199722 -8.70990181 55.00000000
v 21.99049950 -9.00000000 55.00000000
v 22.01196098 -9.29100704 55.00000000
v 22.07317352 -9.57045555 55.00000000
v 22.17557716 -9.84126949 55.00000000
v 22.31484795 -10.09467888 55.00000000
v 22.48864365 -10.32392025 55.00000000
v 22.69244385 -10.52588940 55.00000000
v 22.92259407 -10.69596577 55.00000000
v 23.17413902 -10.83193398 55.00000000
v 23.44296837 -10.93037987 55.00000000
v 23.72287369 -10.99028301 55.00000000
v 24.00807381 -11.00921535 55.00000000
v 24.29316139 -10.98798466 55.00000000
v 24.57291222 -10.92562771 55.00000000
v 24.84100723 -10.82503319 55.00000000
v 25.09055328 -10.68756008 55.00000000
v 25.31806564 -10.51682377 55.00000000
v 25.51879120 -10.31551361 55.00000000
v 25.82667351 -9.83662033 55.00000000
v 25.68962288 -10.08776951 55.00000000
v 25.92752457 -9.56809235 55.00000000
v 36.21119308 -4.28501463 172.75926208
v 36.24128723 5.82531261 172.92993164
v 36.10407639 5.09623384 172.15176392
v 36.60005569 5.09633780 172.06440735
v 36.07440948 5.60172939 171.98352051
v 36.37186432 -4.93144751 173.67047119
v 36.39750290 6.41419840 173.81585693
v 48.55141068 5.82542086 170.75946045
v 47.91824341 5.09643602 170.06880188
v 48.41419983 5.09639597 169.98130798
v 48.16669464 5.09641504 170.02497864
v 36.54967880 -5.40839911 174.67890930
v 36.56843948 6.84673882 174.78529358
v 48.70761871 6.41426134 171.64537048
v 36.73936844 -5.70110559 175.75468445
v 36.74941635 7.11108112 175.81166077
v 48.87855148 6.84676743 172.61477661
v 36.93547058 -5.80000019 176.86683655
v 36.93547058 7.19999981 176.86683655
v 49.05952072 7.11108828 173.64111328
v 38.49830627 -5.80000019 185.73011780
v 37.29523468 7.19999981 178.90716553
v 37.75909805 7.19999981 178.82537842
v 49.24556732 7.19999981 174.69624329
v 49.60533142 7.19999981 176.73655701
v 49.14146805 7.19999981 176.81835938
v 49.82359314 7.19999981 183.73315430
v 49.65156174 7.19999981 182.66705322
v 49.21117020 7.19999981 178.13578796
v 49.29089355 7.19999981 179.32006836
v 49.38262939 7.19999981 180.40567017
v 49.50440598 7.19999981 181.55496216
v 37.48753738 8.20784283 179.99775696
v 37.70433426 9.02720928 181.22729492
v 38.16691589 9.02326107 181.13822937
v 37.95054626 8.20407677 179.91111755
v 37.94031906 9.63990593 182.56561279
v 38.40288544 9.63736725 182.47647095
v 38.18968964 10.03210258 183.97985840
v 38.65262985 10.03126526 183.89285278
v 38.44642639 10.19511223 185.43589783
v 38.91000366 10.19524956 185.35249329
v 38.69433594 -5.70117760 186.84185791
v 38.70436478 10.12540531 186.89874268
v 38.88396454 -5.40867901 187.91728210
v 38.95732498 9.82465267 188.33332825
v 39.16866302 10.12527943 186.81941223
v 39.06172943 -4.93205166 188.92544556
v 39.19922256 9.29969311 189.70520020
v 39.42223358 9.82308006 188.25749207
v 39.36116409 -3.49001217 190.62362671
v 39.42420197 8.56242371 190.98114014
v 39.66447067 9.29609585 189.63127136
v 39.22237015 -4.28603458 189.83648682
v 39.60905075 -0.45491534 192.02946472
v 39.62672424 7.62973690 192.12969971
v 39.88940048 8.55731201 190.90692139
v 39.55748749 -1.54576302 191.73703003
v 39.47399902 -2.56754732 191.26353455
v 39.79993439 1.60609078 193.11203003
v 39.80179214 6.52261400 193.12254333
v 40.09148788 7.62493181 192.05300903
v 39.76258850 1.35342371 192.90022278
v 39.72203445 1.12114823 192.67021179
v 39.67817688 0.90860784 192.42150879
v 39.63096619 0.71536481 192.15374756
v 39.62885666 0.70426261 192.14179993
v 39.62749100 0.68982750 192.13403320
v 39.62701035 0.67361659 192.13131714
v 39.86292267 2.15811944 193.46925354
v 39.83532333 6.25056934 193.31271362
v 40.03378677 6.52214098 193.08201599
v 39.86457443 5.96668625 193.47862244
v 40.33353043 5.97076941 193.39385986
v 40.26574707 6.52192783 193.04127502
v 40.30025864 6.25365496 193.22901917
v 39.90929031 2.76232815 193.73222351
v 39.88958359 5.67043686 193.62045288
v 40.36539078 5.67493057 193.53479004
v 39.91039658 5.36103010 193.73849487
v 40.39567947 5.36782837 193.65087891
v 39.93777847 3.40296602 193.89376831
v 39.93829727 4.72033358 193.89671326
v 40.45082474 4.72924900 193.80526733
v 39.94752121 4.06188774 193.94903564
v 40.49797440 4.07257700 193.85247803
v 40.53657532 3.41565943 193.79080200
v 40.56661987 2.77388954 193.62103271
v 40.58824539 2.16779113 193.34759521
v 40.60220718 1.61334383 192.97741699
v 40.60665131 1.35971880 192.75852966
v 40.60960388 1.12501371 192.51876831
v 40.61126328 0.90981698 192.25918579
v 40.12300110 0.71461779 192.06698608
v 40.61182404 0.69999999 191.96586609
v 40.61182404 0.71471024 191.98080444
v 39.20670319 13.50000000 131.07675171
v 39.44985580 13.50000000 132.44288635
v 39.38801193 13.50000000 131.74954224
v 40.61182404 0.68697381 191.95974731
v 40.12100220 0.67293286 192.04420471
v 51.91913223 -0.45542586 189.85877991
v 51.93710709 0.67298567 189.96070862
v 51.44628525 0.67294592 190.04725647
v 40.61181641 0.67297310 191.95765686
v 51.86755753 -1.54615486 189.56628418
v 51.78406525 -2.56782985 189.09277344
v 51.67123413 -3.49020076 188.45286560
v 51.53244400 -4.28614807 187.66575623
v 51.37180710 -4.93211031 186.75474548
v 51.19404984 -5.40870190 185.74662781
v 51.00442886 -5.70118284 184.67123413
v 49.24556732 -5.80000019 174.69624329
v 50.80840302 -5.80000019 183.55950928
v 48.85987091 -5.40859652 172.50883484
v 49.04951477 -5.70115662 173.58436584
v 48.68209076 -4.93187189 171.50059509
v 48.52143860 -4.28572702 170.58949280
v 36.07239532 -3.48851466 171.97209167
v 48.38264465 -3.48955441 169.80235291
v 35.98154068 6.52255440 171.45683289
v 35.95957565 -2.56554365 171.33227539
v 48.26981354 -2.56692672 169.16246033
v 36.00876617 6.30573940 171.61123657
v 36.03332138 6.07999706 171.75048828
v 35.80646515 7.62973404 170.46392822
v 35.87612915 -1.54326010 170.85900879
v 48.18633652 -1.54497719 168.68904114
v 35.82463074 -0.45195553 170.56695557
v 48.13479233 -0.45397326 168.39671326
v 35.80676651 0.67695689 170.46563721
v 36.51906586 0.67236072 170.34005737
v 35.78888321 -0.45199642 170.36422729
v 36.16608810 0.67617440 170.40219116
v 35.60394287 8.56242371 169.31536865
v 35.73738098 -1.54332829 170.07214355
v 48.09891891 -0.45393342 168.19326782
v 47.84532166 0.67237771 168.34292603
v 48.11684799 0.67469352 168.29493713
v 35.65393066 -2.56562448 169.59886169
v 48.04737854 -1.54490995 167.90097046
v 35.54111099 -3.48859406 168.95903015
v 47.96390533 -2.56684685 167.42756653
v 35.37895966 9.29969311 168.03942871
v 35.40230942 -4.28508139 168.17184448
v 47.85107803 -3.48947573 166.78768921
v 35.24163818 -4.93149424 167.26063538
v 47.71228409 -4.28566074 166.00056458
v 35.13706207 9.82465267 166.66755676
v 35.06382370 -5.40842390 166.25221252
v 47.55163574 -4.93182516 165.08946228
v 34.88410568 10.12540531 165.23297119
v 34.87414169 -5.70111275 165.17645264
v 47.37385178 -5.40857172 164.08120728
v 34.62616730 10.19511223 163.77012634
v 34.67804337 -5.80000019 164.06434631
v 47.18420029 -5.70114946 163.00564575
v 33.11521149 7.19999981 155.20106506
v 33.11521149 -5.80000019 155.20106506
v 45.42530823 -5.80000019 153.03047180
v 33.47497559 7.19999981 157.24139404
v 33.66727829 8.20784283 158.33198547
v 33.88407516 9.02720928 159.56152344
v 34.12005615 9.63990593 160.89984131
v 34.36943054 10.03210258 162.31408691
v 46.98814011 -5.80000019 161.89373779
v 32.92915344 7.11108112 154.14588928
v 32.91910934 -5.70110559 154.08891296
v 32.74818039 6.84673882 153.11952209
v 32.72941971 -5.40839911 153.01313782
v 45.03961182 -5.40859652 150.84306335
v 45.22925568 -5.70115662 151.91859436
v 32.57723999 6.41419840 152.15010071
v 32.55160522 -4.93144751 152.00469971
v 44.86182785 -4.93187189 149.83482361
v 32.42102814 5.82531261 151.26416016
v 32.39093399 -4.28501463 151.09349060
v 44.70117950 -4.28572702 148.92372131
v 32.25415039 5.60172939 150.31774902
v 32.25213242 -3.48851466 150.30632019
v 44.56238174 -3.48955441 148.13658142
v 32.28381729 5.09623384 150.48599243
v 32.16127014 6.52261400 149.79100037
v 32.13931656 -2.56554365 149.66650391
v 44.44955444 -2.56692672 147.49668884
v 32.18850327 6.30576181 149.94544983
v 32.21306229 6.07999706 150.08471680
v 31.98620415 7.62973690 148.79815674
v 32.05587006 -1.54326010 149.19323730
v 44.36607742 -1.54497719 147.02326965
v 32.00437164 -0.45195553 148.90118408
v 44.31452942 -0.45397326 146.73094177
v 31.98650551 0.67695689 148.79986572
v 32.69880676 0.67236072 148.67428589
v 31.96862411 -0.45199642 148.69845581
v 32.34582901 0.67617440 148.73641968
v 31.78368187 8.56242371 147.64959717
v 31.91712379 -1.54332829 148.40637207
v 44.27865982 -0.45393342 146.52749634
v 44.29658508 0.67469352 146.62916565
v 44.02506256 0.67237771 146.67715454
v 31.83367157 -2.56562448 147.93310547
v 44.22711945 -1.54490995 146.23519897
v 31.72084999 -3.48859406 147.29325867
v 44.14364624 -2.56684685 145.76179504
v 31.55870056 9.29969311 146.37365723
v 31.58204842 -4.28508139 146.50607300
v 44.03081894 -3.48947573 145.12193298
v 31.42137718 -4.93149424 145.59486389
v 43.89202499 -4.28566074 144.33479309
v 31.31680298 9.82465267 145.00178528
v 31.24356461 -5.40842390 144.58644104
v 43.73137665 -4.93182516 143.42369080
v 31.06384468 10.12540531 143.56719971
v 31.05388069 -5.70111275 143.51068115
v 43.55359268 -5.40857172 142.41543579
v 30.80590630 10.19511223 142.10435486
v 30.85778427 -5.80000019 142.39857483
v 43.36394119 -5.70114946 141.33987427
v 29.29495239 7.19999981 133.53529358
v 29.29495239 -5.80000019 133.53529358
v 31.51076889 -5.80000019 133.14459229
v 29.65471458 7.19999981 135.57562256
v 29.84701729 8.20784283 136.66621399
v 30.06381607 9.02720928 137.89575195
v 30.29979706 9.63990593 139.23406982
v 30.54916954 10.03210258 140.64833069
v 43.16788101 -5.80000019 140.22796631
v 38.02236176 -5.80000019 135.51301575
v 31.69191551 -5.80000019 133.81990051
v 35.44803238 -5.80000019 136.44998169
v 36.14459229 -5.80000019 136.38923645
v 36.81989670 -5.80000019 136.20808411
v 31.98706436 -5.80000019 134.45187378
v 32.38698578 -5.80000019 135.02236938
v 32.87939453 -5.80000019 135.51446533
v 33.44949341 -5.80000019 135.91365051
v 34.08032990 -5.80000019 136.20806885
v 34.75320816 -5.80000019 136.38876343
v 37.45186996 -5.80000019 135.91293335
v 29.09780693 7.10007906 132.41723633
v 29.09884071 -5.70114374 132.42309570
v 28.90855598 -5.40709877 131.34394836
v 31.47760773 -5.69639778 131.98085022
v 31.45193672 -5.77483797 132.57443237
v 28.90671539 6.80318689 131.33349609
v 28.73017502 -4.92743444 130.33229065
v 31.79284477 -5.40470409 130.82974243
v 31.59319305 -5.57023430 131.38932800
v 28.72794914 6.31996107 130.31967163
v 28.56967735 -4.28060198 129.42207336
v 32.80699158 -4.83092403 129.44758606
v 32.06573868 -5.21765852 130.31768799
v 32.40483093 -5.02251530 129.85636902
v 28.56756592 5.67034817 129.41009521
v 28.43081093 -3.48089957 128.63452148
v 40.87766266 -4.27034807 127.23948669
v 34.75540543 -4.42347527 128.51077271
v 34.27870560 -4.44633627 128.62533569
v 33.27941513 -4.65378046 129.09014893
v 33.77916336 -4.52397013 128.81567383
v 28.42925453 4.87028122 128.62568665
v 28.31752968 -2.55031133 127.99207306
v 40.73935318 -3.47028136 126.45509338
v 28.31671906 3.94230676 127.98746490
v 28.23422241 -1.52147329 127.51959991
v 40.62681580 -2.54230690 125.81686401
v 28.18333435 1.82673085 127.23100281
v 28.18332481 -0.42659962 127.23095703
v 40.54409027 -1.51783955 125.34769440
v 28.23399162 2.91783953 127.51830292
v 28.16624069 0.70073980 127.13406372
v 40.47633743 0.69926018 124.96346283
v 40.49343109 -0.42673087 125.06040192
v 40.49342346 1.82659960 125.06035614
v 40.54431915 2.92147326 125.34899902
v 40.62762833 3.95031142 125.82147217
v 40.74090958 4.88089943 126.46392059
v 34.32497406 5.84107780 128.60966492
v 40.87977600 5.68060207 127.25146484
v 34.75540543 5.82347536 128.51077271
v 32.57151413 6.33749962 129.67211914
v 32.96889877 6.16508675 129.31427002
v 33.41497040 6.01281929 129.00621033
v 33.87544250 5.90491533 128.77413940
v 31.71822929 6.86308050 131.01060486
v 31.94542503 6.69667482 130.52130127
v 32.23246384 6.51788235 130.07395935
v 31.46769714 7.11439943 132.08454895
v 31.55571556 7.00599194 131.53613281
v 30.11857796 7.19999981 135.49383545
v 31.51076889 7.19999981 133.14459229
v 31.45285416 7.17899275 132.62458801
v 30.52639771 9.02326107 137.80668640
v 30.31002617 8.20407677 136.57957458
v 30.76236534 9.63736725 139.14492798
v 31.01211166 10.03126526 140.56130981
v 31.26948547 10.19524956 142.02095032
v 31.52814293 10.12527943 143.48786926
v 31.78171539 9.82308006 144.92594910
v 32.02394867 9.29609585 146.29972839
v 32.24888229 8.55731201 147.57537842
v 32.45096588 7.62493181 148.72146606
v 32.65330505 6.30552053 149.86372375
v 32.39326477 6.52214098 149.75047302
v 32.68059158 6.07933378 150.00276184
v 32.73237991 5.60129166 150.23377991
v 32.53142929 5.09633780 150.44242859
v 32.77979660 5.09633780 150.39863586
v 44.73114777 5.82542086 149.09370422
v 44.59394073 5.09639597 148.31553650
v 44.34643555 5.09641504 148.35920715
v 44.09798050 5.09643602 148.40303040
v 44.88735962 6.41426134 149.97959900
v 45.05828857 6.84676743 150.94900513
v 45.23926163 7.11108828 151.97534180
v 33.93883896 7.19999981 157.15960693
v 46.00333405 7.19999981 162.06738281
v 45.78507233 7.19999981 155.07078552
v 45.42530823 7.19999981 153.03047180
v 45.32120895 7.19999981 155.15258789
v 45.39091110 7.19999981 156.47001648
v 45.47063446 7.19999981 157.65429688
v 45.56237030 7.19999981 158.73989868
v 45.68414688 7.19999981 159.88919067
v 45.83130264 7.19999981 161.00128174
v 34.34665680 9.02326107 159.47245789
v 34.13028717 8.20407677 158.24534607
v 34.58262634 9.63736725 160.81069946
v 34.83237076 10.03126526 162.22708130
v 35.08974457 10.19524956 163.68672180
v 35.34840393 10.12527943 165.15364075
v 35.60197449 9.82308006 166.59172058
v 35.84421158 9.29609585 167.96549988
v 36.06914139 8.55731201 169.24114990
v 36.27122498 7.62493181 170.38723755
v 36.47356796 6.30552053 171.52949524
v 36.21352768 6.52214098 171.41624451
v 36.50085068 6.07933378 171.66853333
v 36.55263901 5.60129166 171.89955139
v 36.44548798 6.52192783 171.37550354
v 36.52749634 4.87811947 168.79434204
v 36.46097183 5.29619408 168.41705322
v 36.58744049 4.42824697 169.13429260
v 36.64034653 3.95000005 169.43434143
v 47.64888382 4.29370594 169.47801208
v 36.65111542 4.29453516 171.41778564
v 36.70331192 3.43576145 170.92057800
v 36.68581390 3.44701862 169.69219971
v 47.42980576 3.43460250 169.02867126
v 36.74923325 2.53061843 170.56657410
v 36.72349548 2.92313099 169.90589905
v 47.26563644 2.52983284 168.71202087
v 36.78070831 1.60604811 170.35829163
v 36.75310516 2.38232374 170.07382202
v 47.13205338 0.69999999 168.46864319
v 36.79156494 0.69999999 170.29194641
v 36.78726959 1.26651227 170.26757812
v 47.16487503 1.60521650 168.52716064
v 36.77441788 1.82871318 170.19468689
v 47.13204956 0.68826014 168.46862793
v 36.79156113 0.68797278 170.29193115
v 47.12775040 1.26651227 168.44427490
v 36.79156876 0.67594558 170.29199219
v 36.65527344 0.67581844 170.31593323
v 36.79155350 0.67582315 170.29190063
v 47.49184799 0.67619294 168.40515137
v 50.75654984 10.19511700 183.26544189
v 50.49980545 10.03212452 181.80937195
v 50.25042725 9.63993549 180.39508057
v 50.01444244 9.02723789 179.05673218
v 49.79763794 8.20786095 177.82717896
v 48.34342957 6.07999325 169.57997131
v 48.38452530 5.60180855 169.81301880
v 48.29164505 6.52246618 169.28628540
v 48.31887436 6.30569363 169.44070435
v 48.11659622 7.62954283 168.29353333
v 47.11489868 1.82871318 168.37138367
v 47.06397629 2.92313099 168.08259583
v 47.09358597 2.38232374 168.25051880
v 47.02629471 3.44701862 167.86889648
v 46.98082733 3.95000005 167.61103821
v 47.90637970 5.60171556 169.89739990
v 36.31025696 6.02448845 167.56230164
v 36.38837433 5.67928886 168.00534058
v 36.22721100 6.32916498 167.09132385
v 36.04889679 6.80800200 166.08004761
v 36.13986588 6.59100056 166.59597778
v 35.85885239 7.10125017 165.00225830
v 35.95498657 6.97851801 165.54745483
v 35.66285324 7.19999981 163.89068604
v 35.76122665 7.17526531 164.44859314
v 35.46081924 7.19999981 162.83442688
v 35.21747589 7.19999981 161.73480225
v 34.94772339 7.19999981 160.64533997
v 34.65416718 7.19999981 159.56112671
v 34.32477570 7.19999981 158.42431641
v 46.10170746 7.17526531 162.62528992
v 46.19933319 7.10125017 163.17895508
v 46.29546738 6.97851801 163.72415161
v 46.38937759 6.80800200 164.25674438
v 46.48035049 6.59100056 164.77267456
v 46.56769180 6.32916498 165.26800537
v 46.65073776 6.02448845 165.73899841
v 46.72885513 5.67928886 166.18203735
v 46.80145645 5.29619408 166.59375000
v 46.86797714 4.87811947 166.97102356
v 46.92792130 4.42824697 167.31098938
v 45.51265717 8.20407772 156.23832703
v 45.97737885 8.20786095 156.16140747
v 45.72902679 9.02326107 157.46543884
v 45.96499634 9.63736725 158.80368042
v 46.21474075 10.03126526 160.22006226
v 46.47211456 10.19524956 161.67970276
v 46.73077393 10.12527943 163.14662170
v 46.98434448 9.82307911 164.58470154
v 47.22658157 9.29609489 165.95848083
v 47.45151138 8.55731010 167.23413086
v 47.65359879 7.62492943 168.38021851
v 47.82785797 6.52192450 169.36849976
v 47.87602234 6.07972717 169.66256714
v 47.85411835 6.30575943 169.52265930
v 47.91407776 8.56227493 167.14497375
v 47.68909454 9.29959393 165.86903381
v 47.44719315 9.82459545 164.49714661
v 47.19423294 10.12538433 163.06253052
v 46.93628693 10.19511700 161.59967041
v 46.19418335 9.02723789 157.39097595
v 46.43016815 9.63993549 158.72930908
v 46.67954636 10.03212452 160.14360046
v 48.06022644 6.52207708 169.32739258
v 51.01449203 10.12538433 184.72830200
v 51.26745224 9.82459545 186.16291809
v 51.50935364 9.29959393 187.53480530
v 51.73433685 8.56227493 188.81074524
v 51.93685532 7.62954283 189.95928955
v 51.93758774 0.68919629 189.96343994
v 52.11190414 6.52246141 190.95204163
v 51.93895340 0.70363063 189.97119141
v 50.95296860 0.69999999 190.13429260
v 50.95268250 0.68735266 190.13432312
v 50.95229721 0.67362040 190.13435364
v 51.94106293 0.71472716 189.98315430
v 50.95737076 0.70851886 190.14831543
v 51.98828506 0.90796870 190.25096130
v 51.45222092 0.71463132 190.06935120
v 52.03214645 1.12051332 190.49971008
v 51.05485916 0.90804011 190.41455078
v 50.96020508 0.71535534 190.15609741
v 52.07270813 1.35279894 190.72975159
v 51.14436340 1.12073076 190.65571594
v 52.11006165 1.60548210 190.94160461
v 51.30725479 1.60407650 191.08203125
v 51.22855377 1.35291874 190.87855530
v 52.14544296 6.25043201 191.14224243
v 52.17306137 2.15755844 191.29888916
v 51.44692612 2.15494728 191.42555237
v 52.19971466 5.67028427 191.45004272
v 52.21944046 2.76183224 191.56190491
v 51.56135178 2.75990295 191.67723083
v 52.17470169 5.96654892 191.30816650
v 52.22053528 5.36084366 191.56811523
v 52.24792862 3.40254617 191.72346497
v 52.24844360 4.72007227 191.72639465
v 52.25767136 4.06154823 191.77873230
v 51.64856339 3.40309072 191.82925415
v 51.70669174 4.06285572 191.87602234
v 51.73536682 4.72308874 191.81652832
v 51.73458481 5.36505795 191.65249634
v 51.72333145 5.67354250 191.53266907
v 51.70505524 5.97028017 191.38905334
v 51.67992020 6.25361776 191.22256470
v 51.47385788 7.62492943 190.04598999
v 51.88048553 6.52207708 190.99316406
v 51.64811707 6.52192450 191.03425598
v 51.27177048 8.55731010 188.89990234
v 51.04684067 9.29609489 187.62425232
v 50.80460739 9.82307911 186.25047302
v 50.55103302 10.12527943 184.81239319
v 50.29237747 10.19524956 183.34547424
v 50.03500366 10.03126526 181.88583374
v 49.78525543 9.63736725 180.46945190
v 49.54928970 9.02326107 179.13121033
v 49.33291626 8.20407772 177.90409851
v 44.56426239 5.60180855 148.14724731
v 44.52317047 6.07999325 147.91419983
v 44.08611679 5.60171556 148.23162842
v 44.49861526 6.30569363 147.77493286
v 44.03385544 6.30575943 147.85688782
v 44.05576324 6.07972717 147.99679565
v 44.47138596 6.52246618 147.62051392
v 44.23996735 6.52207708 147.66162109
v 44.00759888 6.52192450 147.70272827
v 44.29633713 7.62954283 146.62776184
v 43.83333588 7.62492943 146.71444702
v 44.09381485 8.56227493 145.47920227
v 43.63125229 8.55731010 145.56835938
v 43.86883545 9.29959393 144.20326233
v 43.40632248 9.29609489 144.29270935
v 43.62693405 9.82459545 142.83139038
v 43.16408539 9.82307911 142.91893005
v 43.37397385 10.12538433 141.39675903
v 42.91051483 10.12527943 141.48085022
v 43.11602783 10.19511700 139.93389893
v 41.60504913 -5.80000019 131.36470032
v 42.85928726 10.03212452 138.47782898
v 42.65185547 10.19524956 140.01393127
v 42.60990906 9.63993549 137.06353760
v 42.39448166 10.03126526 138.55429077
v 42.37392044 9.02723789 135.72520447
v 42.14473343 9.63736725 137.13790894
v 42.15711594 8.20786095 134.49563599
v 41.90876770 9.02326107 135.79966736
v 41.96481323 7.19999981 133.40501404
v 41.69239426 8.20407772 134.57255554
v 41.60504913 7.19999981 131.36470032
v 39.38923264 7.19999981 131.75540161
v 41.50094986 7.19999981 133.48681641
v 41.40790558 -5.70007896 130.24664307
v 41.40893555 7.10114384 130.25250244
v 41.21865463 6.80709887 129.17333984
v 39.02236176 7.09639597 130.65049744
v 39.24951172 7.17483854 131.19952393
v 41.21681213 -5.40318680 129.16290283
v 41.04027176 6.32743454 128.16168213
v 38.33242798 6.80469704 129.67662048
v 38.71142578 6.97022915 130.13417053
v 41.03804398 -4.91996145 128.14906311
v 36.90668106 6.23090792 128.72467041
v 37.90084457 6.61764812 129.28877258
v 37.42441177 6.42250109 128.97125244
v 35.24256134 5.84633875 128.45538330
v 36.34049606 6.05376720 128.55038452
v 35.77705002 5.92396593 128.46339417
v 35.29039383 -4.45133400 128.45318604
v 37.56095505 -5.07714939 129.05236816
v 35.87089157 -4.54272366 128.47219849
v 36.46698380 -4.68922234 128.58143616
v 37.04023361 -4.87801647 128.77969360
v 38.43394852 -5.44914532 129.78616333
v 38.02562714 -5.27124119 129.38958740
v 39.06879807 -5.71410131 130.74580383
v 38.78993225 -5.60319185 130.24890137
v 38.51445770 -5.80000019 135.02059937
v 39.26715469 -5.77997923 131.25445557
v 39.38923264 -5.80000019 131.75540161
v 39.44997406 -5.80000019 132.45196533
v 39.38876724 -5.80000019 133.14678955
v 39.20807266 -5.80000019 133.81967163
v 38.91365433 -5.80000019 134.45050049
v 40.61182404 0.68648744 191.95770264
v 40.61182404 0.69999999 191.95771790
v 50.94829941 1.26651227 190.11000061
v 40.60753250 1.26651227 191.93334961
v 50.93519974 1.82871318 190.03715515
v 40.59467697 1.82871318 191.86045837
v 38.91086960 13.50000000 130.44458008
v 39.39057922 13.50000000 133.13652039
v 50.91379929 2.38232374 189.91630554
v 40.57336426 2.38232374 191.73959351
v 50.88422394 2.92313099 189.74836731
v 40.54375458 2.92313099 191.57167053
v 50.84655380 3.44701862 189.53466797
v 40.50607300 3.44701862 191.35797119
v 50.80109024 3.95000005 189.27680969
v 40.46060562 3.95000005 191.10011292
v 50.74818039 4.42824697 188.97676086
v 40.40769958 4.42824697 190.80006409
v 50.68824005 4.87811947 188.63679504
v 40.34775543 4.87811947 190.46011353
v 50.62171555 5.29619408 188.25952148
v 40.28123474 5.29619408 190.08282471
v 50.54911804 5.67928886 187.84780884
v 40.20863724 5.67928886 189.67111206
v 50.47099686 6.02448845 187.40476990
v 40.13051605 6.02448845 189.22807312
v 50.38795090 6.32916498 186.93377686
v 40.04747009 6.32916498 188.75709534
v 50.30060959 6.59100056 186.43844604
v 39.96012878 6.59100056 188.26174927
v 50.20963669 6.80800200 185.92251587
v 39.86915588 6.80800200 187.74581909
v 50.11572647 6.97851801 185.38992310
v 39.77524567 6.97851801 187.21322632
v 50.01959229 7.10125017 184.84472656
v 39.67911148 7.10125017 186.66802979
v 49.92196655 7.17526531 184.29106140
v 39.58148575 7.17526531 186.11436462
v 39.48311234 7.19999981 185.55645752
v 39.28107834 7.19999981 184.50019836
v 38.14503860 7.19999981 180.09008789
v 38.47442627 7.19999981 181.22689819
v 38.76798248 7.19999981 182.31111145
v 39.03773880 7.19999981 183.40055847
v 43.82862473 4.29370594 147.81225586
v 32.83085632 4.29453516 149.75201416
v 32.82008743 3.95000005 147.76856995
v 32.88304901 3.43576145 149.25480652
v 32.86555481 3.44701862 148.02642822
v 43.60954666 3.43460250 147.36289978
v 32.92897415 2.53061843 148.90080261
v 32.90323639 2.92313099 148.24012756
v 43.44537735 2.52983284 147.04624939
v 32.96044922 1.60604811 148.69252014
v 32.93284607 2.38232374 148.40805054
v 43.31179428 0.69999999 146.80287170
v 32.97130585 0.69999999 148.62617493
v 32.96701050 1.26651227 148.60182190
v 43.34461594 1.60521650 146.86138916
v 32.95415878 1.82871318 148.52893066
v 43.31179047 0.68826014 146.80285645
v 32.97129822 0.68797278 148.62615967
v 43.30749130 1.26651227 146.77850342
v 32.97130966 0.67594558 148.62622070
v 32.83501434 0.67581844 148.65016174
v 32.97129440 0.67582315 148.62612915
v 43.67158890 0.67619294 146.73937988
v 43.29463959 1.82871318 146.70561218
v 43.24371719 2.92313099 146.41682434
v 43.27332687 2.38232374 146.58474731
v 43.20603561 3.44701862 146.20312500
v 43.16056824 3.95000005 145.94526672
v 32.62522507 6.52192783 149.70973206
v 32.70723724 4.87811947 147.12857056
v 32.64071274 5.29619408 146.75129700
v 32.76718140 4.42824697 147.46852112
v 30.50451660 7.19999981 136.75854492
v 30.83390617 7.19999981 137.89535522
v 31.12746429 7.19999981 138.97956848
v 31.39721870 7.19999981 140.06903076
v 31.64056015 7.19999981 141.16865540
v 31.84259224 7.19999981 142.22492981
v 32.03859329 7.10125017 143.33648682
v 31.94096756 7.17526531 142.78282166
v 32.22863388 6.80800200 144.41427612
v 32.13472366 6.97851801 143.88168335
v 32.40694809 6.32916498 145.42555237
v 32.31960678 6.59100056 144.93020630
v 32.48999786 6.02448845 145.89653015
v 32.56811523 5.67928886 146.33956909
v 42.18307495 7.19999981 140.40161133
v 31.69192505 7.19999981 133.81991577
v 31.98708725 7.19999981 134.45190430
v 32.38702393 7.19999981 135.02239990
v 32.87944412 7.19999981 135.51449585
v 33.44955063 7.19999981 135.91368103
v 42.28144836 7.17526531 140.95951843
v 42.37907410 7.10125017 141.51318359
v 42.47520828 6.97851801 142.05838013
v 42.56911850 6.80800200 142.59097290
v 42.66008759 6.59100056 143.10690308
v 42.74743271 6.32916498 143.60224915
v 42.83047867 6.02448845 144.07322693
v 42.90859604 5.67928886 144.51626587
v 42.98119354 5.29619408 144.92797852
v 43.04771805 4.87811947 145.30525208
v 43.10766220 4.42824697 145.64521790
v 31.51198769 13.50000000 133.15046692
v 31.45014572 13.50000000 132.45710754
v 31.69329643 13.50000000 133.82324219
v 31.98913193 13.50000000 134.45541382
v 32.39097977 13.50000000 135.02726746
v 32.88477325 13.50000000 135.51898193
v 34.08038330 7.19999981 136.20808411
v 33.45158386 13.50000000 135.91508484
v 34.75325012 7.19999981 136.38877869
v 34.08052444 13.50000000 136.20796204
v 35.44805908 7.19999981 136.44998169
v 34.75339890 13.50000000 136.38871765
v 36.14459229 7.19999981 136.38923645
v 35.44781876 13.50000000 136.44995117
v 36.81991959 7.19999981 136.20806885
v 36.14459229 13.50000000 136.38923645
v 37.45190811 7.19999981 135.91291809
v 36.82307434 13.50000000 136.20692444
v 38.02240753 7.19999981 135.51296997
v 37.45807266 13.50000000 135.90921021
v 38.51449966 7.19999981 135.02055359
v 38.03108978 13.50000000 135.50540161
v 38.91368484 7.19999981 134.45045471
v 38.52275085 13.50000000 135.01097107
v 39.20809174 7.19999981 133.81961060
v 38.91872787 13.50000000 134.44178772
v 39.38877487 7.19999981 133.14674377
v 39.21168900 13.50000000 133.81001282
v 39.44997406 7.19999981 132.45193481
v 41.57064819 7.19999981 134.80424500
v 41.65037537 7.19999981 135.98852539
v 41.74211121 7.19999981 137.07412720
v 41.86388779 7.19999981 138.22341919
v 42.01103973 7.19999981 139.33551025
v 34.75540543 13.50000000 128.51077271
v 35.45217896 13.50000000 128.45004272
v 34.07692719 13.50000000 128.69306946
v 33.44192886 13.50000000 128.99078369
v 32.86891174 13.50000000 129.39460754
v 32.37724686 13.50000000 129.88902283
v 31.98127174 13.50000000 130.45822144
v 31.68831253 13.50000000 131.08998108
v 31.50942230 13.50000000 131.76347351
v 34.75540543 -11.00000000 128.51077271
v 34.07988739 -11.00000000 128.69201660
v 35.45532227 -11.00000000 128.45002747
v 36.15385056 -11.00000000 128.51260376
v 36.83042145 -11.00000000 128.69607544
v 37.46153641 -11.00000000 128.99252319
v 38.02830887 -11.00000000 129.39196777
v 38.51967621 -11.00000000 129.88543701
v 38.91812515 -11.00000000 130.45712280
v 39.21106720 -11.00000000 131.08865356
v 39.39009476 -11.00000000 131.76133728
v 38.50901794 13.50000000 129.87272644
v 38.01522446 13.50000000 129.38102722
v 37.44841766 13.50000000 128.98492432
v 36.81947708 13.50000000 128.69203186
v 36.14660263 13.50000000 128.51127625
v 31.50990677 -11.00000000 133.13865662
v 31.68893242 -11.00000000 133.81134033
v 31.45017433 -11.00000000 132.44444275
v 31.51195335 -11.00000000 131.74920654
v 31.69398308 -11.00000000 131.07440186
v 31.98982620 -11.00000000 130.44346619
v 32.38697433 -11.00000000 129.87738037
v 32.87781525 -11.00000000 129.38705444
v 33.44828796 -11.00000000 128.98706055
v 36.14459229 -11.00000000 136.38923645
v 36.82011414 -11.00000000 136.20797729
v 35.44467545 -11.00000000 136.44998169
v 34.74615097 -11.00000000 136.38740540
v 34.06957626 -11.00000000 136.20391846
v 33.43846130 -11.00000000 135.90747070
v 32.87169266 -11.00000000 135.50804138
v 32.38032150 -11.00000000 135.01457214
v 31.98187256 -11.00000000 134.44287109
v 39.44982529 -11.00000000 132.45556641
v 39.38804626 -11.00000000 133.15078735
v 39.20601654 -11.00000000 133.82560730
v 38.91017532 -11.00000000 134.45652771
v 38.51302338 -11.00000000 135.02261353
v 38.02218628 -11.00000000 135.51293945
v 37.45171356 -11.00000000 135.91293335
v -102.59735870 28.45512199 101.54431152
v -102.59815216 25.59192657 95.24533844
v -102.60766602 25.59520912 95.25263214
v -102.60597992 25.13939285 95.45899963
v -102.98998260 25.71021271 95.50876617
v -102.98742676 24.86583519 95.89236450
v -102.59098053 25.58782196 95.23624420
v -102.58956909 24.67983437 95.65186310
v -102.60430145 24.68822861 95.66417694
v -102.59606934 24.68419456 95.65873718
v -102.58643341 25.58311272 95.22584534
v -102.58509064 24.67559052 95.64438629
v -101.43434906 28.84527016 102.39311981
v -102.58481598 25.57801819 95.21463013
v -102.58235931 24.67143059 95.63636017
v -102.45284271 25.05408478 94.06090546
v -102.58142853 24.66739082 95.62784576
v -102.07707977 24.55246162 92.95426178
v -102.41042328 13.67436028 99.23294830
v -102.54418945 14.65127468 100.18062592
v -102.54250336 14.19825459 100.38658905
v -101.47308350 24.09210205 91.93653870
v -102.03458405 13.17277908 98.12640381
v -100.66469574 23.69028854 91.04594421
v -101.43054962 12.71246433 97.10877991
v -100.14008331 29.15559387 103.06523895
v -99.68191528 23.36169243 90.31499481
v -100.62215424 12.31069469 96.21827698
v -98.74642944 29.37859154 103.54443359
v -98.56063843 23.11851501 89.77083588
v -99.63940430 11.98213577 95.48741150
v -97.28759003 29.50888062 103.81912994
v -97.34297180 22.97036552 89.43495178
v -98.51818085 11.73898792 94.94332123
v -96.07495880 22.92340279 89.32126617
v -97.30058289 11.59085655 94.60747528
v -87.09502411 28.33626938 101.15602875
v -87.07501984 22.95686913 89.32126617
v -87.03270721 11.57736588 94.49379730
v -89.16680145 28.32856560 101.15602875
v -90.27197266 28.74031067 102.07089996
v -91.51986694 29.07467270 102.81669617
v -92.87964630 29.32358360 103.37542725
v -94.31787109 29.48105812 103.73362732
v -95.79926300 29.54331779 103.88272095
v -96.03264618 11.54390144 94.49379730
v -86.45361328 28.32548523 101.12705231
v -85.80982971 23.01307106 89.43455505
v -85.82205200 28.28891182 101.04142761
v -84.58998871 23.17064476 89.77124023
v -85.76012421 11.63418961 94.60839844
v -86.39139557 11.59292030 94.52277374
v -84.60035706 28.13962364 100.70300293
v -83.47010040 23.42224884 90.31560516
v -84.53957367 11.79255867 94.94682312
v -83.48258972 27.89657402 100.15914917
v -82.95800018 23.58140755 90.66156006
v -83.42364502 12.04391384 95.49067688
v -82.49808502 27.56644630 99.42481995
v -82.48215485 23.76160049 91.05409241
v -82.44162750 12.38135433 96.22500610
v -81.68865967 27.16254807 98.52963257
v -82.05165100 23.96027565 91.48764801
v -81.67092133 24.17490005 91.95671082
v -81.63522339 12.79125977 97.12019348
v -81.08671570 26.70112419 97.50958252
v -81.34263611 24.40408325 92.45822144
v -81.07110596 24.64466095 92.98526764
v -81.03672791 13.25714684 98.14024353
v -80.71417236 26.19954491 96.40306854
v -80.70506287 25.15191841 94.09823608
v -80.66792297 13.76148415 99.24675751
v -80.58510590 25.67671776 95.25180054
v -80.54274750 14.28525543 100.39802551
v -80.66660309 14.80914879 101.55159760
v -81.03640747 15.31367111 102.66455841
v -81.30971527 15.55222130 103.19160461
v -82.02201843 15.99074554 104.16217804
v -81.63970184 15.77895641 103.69311523
v -82.93115997 16.36286163 104.98826599
v -82.45398712 16.18621254 104.59573364
v -83.44442749 16.51820755 105.33422089
v -84.56615448 16.76147842 105.87859344
v -85.78713226 16.90997505 106.21527100
v -89.16520691 27.89976883 101.35093689
v -96.05603027 17.83366203 105.91476440
v -94.97631073 17.82336044 105.92127228
v -87.05271149 16.95676804 106.32856750
v -89.12448883 16.94906425 106.32856750
v -89.12608337 17.37786102 106.13365173
v -90.43589020 17.51874542 106.06740570
v -91.61563110 17.63008690 106.01480103
v -92.71829987 17.71665573 105.97358704
v -93.85275269 17.78346443 105.94129944
v -91.51654053 28.64550209 103.01077271
v -90.26924896 28.31115723 102.26501465
v -92.87635040 28.89456558 103.56983185
v -94.31517792 29.05221367 103.92842865
v -95.79757690 29.11455917 104.07771301
v -97.28701782 29.08006668 104.01401520
v -98.74680328 28.94958687 103.73889923
v -100.14096069 28.72633362 103.25915527
v -101.43514252 28.41580963 102.58658600
v -103.33425903 25.84227180 95.80210876
v -103.60038757 27.99456406 100.53929901
v -102.59745789 28.02566147 101.73777771
v -103.89953613 26.15338135 96.49117279
v -103.86768341 27.83160019 100.18296814
v -103.59990692 27.77999496 100.63638306
v -104.08551025 27.65804100 99.80291748
v -103.86592865 27.40040588 100.37951660
v -103.59927368 27.56550789 100.73364258
v -104.27178955 26.51089287 97.28073883
v -104.36746216 27.28438187 98.98318481
v -104.08448029 27.21850395 100.00178528
v -104.43059540 26.89472580 98.12646484
v -104.36637878 26.81350517 99.19550323
v -104.42906952 26.37300873 98.36251831
v -104.26954651 25.91823196 97.54777527
v -103.89673615 25.47208977 96.79867554
v -103.33278656 25.05666351 96.15961456
v -101.11244965 26.39038849 99.40639496
v -100.68480682 26.58755875 99.83666992
v -101.49164581 26.17696571 98.93997192
v -101.81873322 25.94934464 98.44187927
v -102.09057617 25.70971870 97.91693115
v -102.30454254 25.46039391 97.37017059
v -102.45858765 25.20377350 96.80686951
v -102.55120850 24.94232750 96.23245239
v -102.58152771 24.67857552 95.65245056
v -102.58148956 24.67298317 95.64014435
v -102.54589081 15.10887718 99.97336578
v -102.54598236 15.11979294 99.99737549
v -102.54595184 15.11433506 99.98537445
v -102.51566315 15.38354588 100.57738495
v -102.42304230 15.64499187 101.15180206
v -102.26900482 15.90161228 101.71510315
v -102.05503082 16.15093613 102.26186371
v -101.78319550 16.39056206 102.78681183
v -101.45610046 16.61818314 103.28489685
v -101.07690430 16.83160782 103.75132751
v -100.64926147 17.02877808 104.18160248
v -100.17729187 17.20779610 104.57157898
v -100.21282959 26.76657867 100.22664642
v -99.66552734 17.36693954 104.91750336
v -99.70107269 26.92572021 100.57257080
v -99.11890411 17.50467300 105.21604156
v -99.15444946 27.06345558 100.87111664
v -98.54269409 17.61967278 105.46432495
v -98.57823944 27.17845345 101.11940002
v -97.94243622 17.71082878 105.65995789
v -97.97798157 27.26961136 101.31503296
v -97.32391357 17.77726555 105.80106354
v -97.35945892 27.33604813 101.45613098
v -96.69309235 17.81834221 105.88626862
v -96.72863007 27.37712479 101.54133606
v -96.09157562 27.39244461 101.56983185
v -94.98404694 27.41159821 101.56299591
v -95.75845337 18.59265137 108.86042786
v -93.89050293 27.45883369 101.54337311
v -92.80368805 27.53059196 101.51259613
v -91.69329834 27.62529564 101.47142029
v -90.50627899 27.74563217 101.41873169
v -97.24789429 18.55815887 108.79673004
v -98.70767975 18.42767906 108.52162170
v -100.10183716 18.20442581 108.04187012
v -101.39601898 17.89389992 107.36930847
v -102.55833435 17.50375366 106.52050018
v -103.56015778 17.04359818 105.51635742
v -104.04392242 16.71867371 104.77810669
v -103.82597351 16.88428307 105.16117859
v -104.32604218 16.37741089 103.94797516
v -104.39117432 16.04050255 103.07289886
v -104.23583984 15.72715664 102.19650269
v -103.86697388 15.45758724 101.36573029
v -103.30429077 15.25096989 100.62664795
v -102.55360413 15.11854076 99.99793243
v -102.56022644 15.12094498 100.00610352
v -102.56872559 15.12240982 100.01301575
v -102.95674896 15.17609692 100.30235291
v -102.54677582 15.11254597 99.98180389
v -102.54936218 15.11577034 99.99000549
v -102.54412079 14.20334816 100.39781189
v -102.55527496 17.07552719 106.71665192
v -101.39228058 17.46569824 107.56550598
v -100.09802246 17.77604103 108.23767090
v -98.70436859 17.99905968 108.71690369
v -97.24551392 18.12936592 108.99164581
v -95.75715637 18.16381645 109.05525970
v -90.22970581 17.36082077 107.24346161
v -94.27572632 18.10156822 108.90619659
v -92.83746338 17.94410133 108.54800415
v -91.47763062 17.69518852 107.98928070
v -90.23012543 17.78924942 107.04773712
v -91.47741699 18.12359428 107.79348755
v -92.83722687 18.37265778 108.35255432
v -94.27606201 18.53030586 108.71114349
v -102.54866791 14.20805836 100.40821075
v -103.55812836 16.61502457 105.71175385
v -102.55583954 14.21216297 100.41729736
v -102.56536102 14.21544266 100.42459106
v -102.94772339 14.33044052 100.68070984
v -102.56703949 14.66659927 100.21940613
v -103.29206085 14.46249962 100.97406006
v -103.82550812 16.45204163 105.35538483
v -103.85742950 14.77362251 101.66314697
v -104.04339600 16.27846146 104.97528839
v -104.22975159 15.13116741 102.45278931
v -104.32543182 15.90475273 104.15544128
v -104.38858032 15.51504612 103.29861450
v -103.55925751 16.82925415 105.61392975
v -25.39554787 11.16399193 224.56221008
v -24.66922188 11.18049812 216.26026917
v -38.11785126 11.18049812 215.08366394
v -24.63422394 11.16088295 215.86024475
v -38.84417725 11.16399193 223.38562012
v -39.27945328 -5.80000019 228.36085510
v -38.08284760 11.16087818 214.68360901
v -24.27408791 -5.80000019 211.74388123
v -38.92636871 11.11954975 224.32507324
v -25.47773933 11.11954975 225.50167847
v -39.24757385 -3.73816442 227.99647522
v -39.23865509 -3.65338397 227.89451599
v -39.23978424 2.89882684 227.90745544
v -39.00749588 10.99142170 225.25238037
v -39.08761215 10.77948189 226.16810608
v -39.16543961 10.48709393 227.05769348
v -39.25576401 -3.83250785 228.09010315
v -39.25205612 3.65248466 228.04771423
v -39.24744034 3.27401543 227.99493408
v -39.26313400 -3.93500352 228.17431641
v -39.25364304 4.03583956 228.06582642
v -39.41856003 -6.08531094 229.95086670
v -39.41893005 -3.93854403 229.95510864
v -39.43870926 -3.93964505 230.51135254
v -39.37164307 -6.02791691 229.41459656
v -39.32519531 -5.93265390 228.88371277
v -39.26202774 9.88509560 228.36680603
v -39.25068665 -3.93603325 228.69732666
v -39.43952560 -6.10371304 230.38006592
v -25.96993256 -6.08531094 231.12747192
v -26.02640152 -6.10297441 231.56755066
v -25.92301559 -6.02791691 230.59120178
v -25.87656784 -5.93265390 230.06031799
v -37.75992203 7.18678808 210.99255371
v -37.72271729 -5.80000019 210.56727600
v -25.83082390 -5.80000019 229.53744507
v -37.76260757 7.58763790 211.02325439
v -37.76847839 7.97733784 211.09033203
v -37.77754974 8.35630798 211.19400024
v -37.78992844 8.72713757 211.33549500
v -37.80530930 9.08248329 211.51132202
v -37.82348251 9.41623306 211.71903992
v -37.84456253 9.73112965 211.95997620
v -37.86801147 10.01974964 212.22801208
v -37.89381027 10.28066730 212.52290344
v -37.92183304 10.51366329 212.84320068
v -37.95141983 10.71279335 213.18135071
v -37.98280716 10.87932873 213.54011536
v -38.01546097 11.01096344 213.91334534
v -38.04873276 11.10442924 214.29365540
v -37.70130157 7.19395924 210.32249451
v -37.66636276 -5.76528931 209.92315674
v -37.64381027 7.13464594 209.66537476
v -37.61149597 -5.67051744 209.29602051
v -24.21773148 -5.76528120 211.09970093
v -37.58723450 7.00795507 209.01870728
v -37.55805206 -5.51536512 208.68515015
v -24.16285896 -5.67049551 210.47251892
v -37.53176880 6.81469536 208.38471985
v -37.50565338 -5.29787827 208.08624268
v -24.10941124 -5.51532459 209.86161804
v -37.47876740 6.56017828 207.77891541
v -37.45537567 -5.02360344 207.51155090
v -24.05701256 -5.29781199 209.26269531
v -37.42802811 6.24307203 207.19898987
v -37.40810394 -4.69646358 206.97123718
v -24.00673103 -5.02350903 208.68797302
v -37.38061905 5.87121248 206.65707397
v -37.36344147 -4.31429958 206.46072388
v -23.95945930 -4.69634390 208.14765930
v -37.33665466 5.44441652 206.15457153
v -37.32247162 -3.88715291 205.99244690
v -23.91479683 -4.31415558 207.63716125
v -37.29664993 4.96911383 205.69731140
v -37.28540421 -3.41540623 205.56877136
v -23.87382889 -3.88698959 207.16888428
v -37.26119614 4.45071936 205.29208374
v -37.25226974 -2.90144777 205.19004822
v -23.83676338 -3.41523123 206.74522400
v -37.23028564 3.89066601 204.93878174
v -37.22394562 -2.35777020 204.86627197
v -23.80363274 -2.90126801 206.36654663
v -37.20466995 3.30056953 204.64599609
v -37.20023727 -1.77977729 204.59529114
v -23.77530670 -2.35759592 206.04278564
v -37.18422318 2.67823267 204.41224670
v -37.18148804 -1.17770529 204.38098145
v -23.75160217 -1.77961814 205.77183533
v -37.16948700 2.03880620 204.24385071
v -37.16817474 -0.56386131 204.22882080
v -23.73285484 -1.17757118 205.55755615
v -37.16055298 1.38449383 204.14172363
v -37.16012955 0.06609229 204.13688660
v -23.71954346 -0.56376213 205.40541077
v -37.15732956 0.71286166 204.10485840
v -23.71150208 0.06614676 205.31347656
v -23.70870018 0.71286166 205.28146362
v -23.71192551 1.38449383 205.31832886
v -23.72085953 2.03880620 205.42044067
v -23.73559380 2.67823267 205.58885193
v -23.75604248 3.30056953 205.82260132
v -23.78165817 3.89066601 206.11538696
v -23.81256866 4.45071936 206.46868896
v -23.84802246 4.96911383 206.87391663
v -23.88802719 5.44441652 207.33117676
v -23.93198967 5.87121248 207.83367920
v -23.97940063 6.24307203 208.37559509
v -24.03013802 6.56017828 208.95552063
v -24.08313942 6.81469536 209.56132507
v -24.13860512 7.00795507 210.19531250
v -24.19518280 7.13464594 210.84197998
v -24.25267410 7.19395924 211.49909973
v -24.31129456 7.18678808 212.16915894
v -24.31398201 7.58767080 212.19985962
v -24.31985092 7.97739744 212.26695251
v -24.32892227 8.35638905 212.37063599
v -24.34130096 8.72723293 212.51213074
v -24.35668564 9.08258724 212.68798828
v -24.37486076 9.41634083 212.89570618
v -24.39594078 9.73123360 213.13667297
v -24.41939354 10.01984692 213.40472412
v -24.44519234 10.28075218 213.69960022
v -24.47321510 10.51373386 214.01991272
v -24.50279808 10.71284866 214.35804749
v -24.53418732 10.87936783 214.71681213
v -24.56683922 11.01098728 215.09004211
v -24.60010910 11.10444260 215.47030640
v -25.55886841 10.99142170 226.42898560
v -25.63898277 10.77948189 227.34471130
v -39.24017715 5.17347336 227.91194153
v -39.24103165 10.11413193 227.92169189
v -25.71681213 10.48709393 228.23428345
v -39.24770355 4.79793978 227.99794006
v -39.25218964 4.41926384 228.04922485
v -25.79240227 10.11413193 229.09828186
v -39.24588394 9.62566185 228.81916809
v -25.84921455 9.88531017 229.54019165
v -39.19419861 -3.93705249 229.21873474
v -39.19125748 9.33360195 229.27728271
v -25.94349480 9.62558079 229.98307800
v -39.08952713 -3.93804216 229.72947693
v -39.09584808 9.00605869 229.74005127
v -26.07678604 9.33346653 230.42477417
v -38.95642853 8.64081287 230.20503235
v -26.46907234 8.64091969 231.29733276
v -26.25120354 9.00617313 230.86370850
v -38.93722534 -3.93899941 230.22799683
v -38.77067566 8.23643875 230.66851807
v -26.73236465 8.23655128 231.72158813
v -38.73952103 -3.93991113 230.70729065
v -38.53635025 7.79205704 231.12629700
v -27.04272079 7.79222822 232.13160706
v -38.49570084 -3.94077945 231.16876221
v -38.25259781 7.31123018 231.57054138
v -27.39931870 7.31120872 232.51983643
v -38.21251678 -3.94158459 231.60160828
v -37.91828918 6.79724741 231.99540710
v -37.53097916 -3.94299626 232.37658691
v -37.53274155 6.25272560 232.39669800
v -27.80257416 6.79736757 232.88096619
v -37.89132690 -3.94232249 232.00358582
v -36.98146820 -3.94382739 232.84587097
v -28.25181961 6.25272560 233.20867920
v -37.16490173 5.75811243 232.72019958
v -37.71517944 -3.94708610 234.43322754
v -37.29203415 -3.94772649 234.79483032
v -38.09505463 -3.94637108 234.03767395
v -38.43236923 -3.94557953 233.60697937
v -38.72819138 -3.94470787 233.13935852
v -38.97506714 -3.94377947 232.64724731
v -39.17063141 -3.94279790 232.13259888
v -39.31504822 -3.94176865 231.59844971
v -39.40421295 -3.94071913 231.05870056
v -32.52262497 1.26106167 234.43112183
v -33.53804779 1.25982010 234.34236145
v -33.03226471 0.65379214 234.40272522
v -33.03147125 -3.94619942 234.39364624
v -32.30937958 -3.94612956 234.42146301
v -34.03745651 1.85767245 234.24809265
v -33.74742126 -3.94612956 234.29563904
v -32.01360703 1.85987937 234.42491150
v -34.52825165 2.44734812 234.12060547
v -34.44259262 -3.94592810 234.13264465
v -31.50753784 2.45024419 234.38438416
v -35.00859833 3.03033853 233.96052551
v -31.00633621 3.03364635 234.30992126
v -35.47666550 3.60799432 233.76861572
v -35.11919785 -3.94559288 233.90364075
v -30.51192284 3.61143661 234.20196533
v -35.92881393 4.17327213 233.54663086
v -35.77613068 -3.94512534 233.60914612
v -30.02821159 4.17657375 234.06167603
v -36.36172104 4.71912861 233.29684448
v -29.55889511 4.72201586 233.89080811
v -36.77412415 5.24691200 233.02084351
v -36.39725494 -3.94453645 233.25639343
v -29.10545921 5.24911165 233.69073486
v -28.66924667 5.75934935 233.46282959
v -25.79154968 5.17347336 229.08853149
v -25.91753197 -3.93603301 229.86367798
v -25.81450462 -3.93500352 229.35092163
v -25.80711555 -3.83211827 229.26646423
v -25.80501366 4.03583956 229.24243164
v -25.79907417 4.79793739 229.17454529
v -25.80356026 4.41926098 229.22583008
v -26.06366539 -3.93705177 230.36724854
v -26.25540924 -3.93804145 230.85203552
v -26.49195099 -3.93899894 231.31657410
v -26.76985168 -3.93991065 231.75427246
v -27.09006119 -3.94077897 232.16638184
v -27.44411278 -3.94158435 232.54351807
v -27.83029747 -3.94232225 232.88368225
v -28.25005913 -3.94299626 233.18856812
v -28.87271309 -3.94382739 233.55529785
v -29.51933861 -3.94453645 233.85813904
v -30.19228172 -3.94512534 234.09767151
v -30.89037132 -3.94559288 234.27362061
v -31.59646034 -3.94592810 234.38163757
v -28.90529823 -3.94772649 235.52857971
v -28.42579079 -3.94708610 235.24594116
v -29.55882645 -3.94843769 235.83189392
v -30.23163223 -3.94902849 236.07241821
v -30.92667580 -3.94950056 236.25079346
v -31.63507271 -3.94984841 236.36514282
v -32.34793472 -3.95006704 236.41362000
v -33.06822586 -3.95015836 236.39685059
v -33.34439468 -3.95015931 236.37312317
v -34.05586243 -3.95006752 236.26435852
v -34.74900055 -3.94984841 236.09269714
v -35.42669678 -3.94950032 235.85705566
v -36.08028793 -3.94902849 235.56072998
v -36.70110321 -3.94843769 235.20701599
v -25.79881096 3.27401781 229.17152405
v -25.79002571 -3.65338397 229.07112122
v -25.79115677 2.89882684 229.08404541
v -25.79891205 -3.73780203 229.17269897
v -25.80342865 3.65248728 229.22431946
v -26.04741669 -3.93964505 231.68293762
v -25.97030258 -3.93854403 231.13169861
v -26.17643356 -3.94071913 232.21597290
v -26.35797119 -3.94176888 232.73204041
v -26.59294891 -3.94279790 233.23300171
v -26.87491035 -3.94377947 233.70587158
v -27.20349121 -3.94470787 234.14764404
v -27.57601738 -3.94557953 234.55677795
v -27.98299789 -3.94637108 234.92236328
v -39.42640686 -6.09809446 230.81054688
v -26.11800385 -6.09654474 232.00103760
v -39.37890625 -6.06872368 231.24195862
v -26.24403381 -6.06544399 232.42530823
v -39.29687881 -6.01585054 231.67314148
v -26.40356255 -6.00957441 232.83764648
v -39.18194199 -5.94147396 232.09466553
v -26.59473991 -5.93373394 233.23411560
v -39.03690720 -5.84847069 232.50079346
v -26.81301689 -5.83871078 233.60786438
v -38.85450363 -5.73626566 232.90078735
v -27.06401825 -5.72414541 233.96867371
v -38.62812424 -5.60175228 233.30499268
v -27.35722542 -5.58857632 234.32423401
v -38.35979462 -5.44688368 233.70579529
v -27.69030952 -5.43399572 234.66455078
v -38.04756927 -5.27979088 234.08680725
v -28.06000328 -5.27103138 234.98144531
v -37.69150925 -5.10303164 234.44850159
v -28.90513039 -4.91803694 235.52665710
v -37.29186630 -4.91803694 234.79292297
v -28.46533394 -5.09947062 235.27030945
v -29.51711845 -4.68511772 235.81349182
v -36.74129868 -4.68599463 235.18017578
v -36.17907333 -4.48307610 235.50833130
v -30.12966156 -4.48168850 236.03938293
v -35.61343765 -4.30798721 235.77919006
v -30.73486328 -4.30650187 236.20779419
v -35.04968643 -4.16138601 235.99642944
v -31.32806587 -4.16019297 236.32345581
v -34.48094177 -4.05276871 236.16687012
v -31.91694832 -4.05192423 236.39202881
v -33.91030502 -3.98278856 236.29191589
v -32.49866867 -3.98232603 236.41569519
v 2.15065145 11.16399193 231.30824280
v 2.15538645 11.18049812 222.97459412
v -11.34461117 11.18049812 222.96691895
v 2.15561461 11.16088295 222.57302856
v -11.34934616 11.16399193 231.30056763
v -11.35218430 -5.80000019 236.29481506
v -11.34438324 11.16087818 222.56533813
v 2.15796232 -5.80000019 218.44094849
v -11.34988213 11.11954975 232.24362183
v 2.15011573 11.11954975 232.25128174
v -11.35197639 -3.73816442 235.92904663
v -11.35191822 -3.65338397 235.82670593
v -11.35192490 2.89882684 235.83967590
v -11.35041142 10.99142170 233.17446899
v -11.35093307 10.77948189 234.09368896
v -11.35144043 10.48709393 234.98667908
v -11.35202980 -3.83250785 236.02302551
v -11.35200500 3.65224743 235.98046875
v -11.35197544 3.27218318 235.92727661
v -11.35207748 -3.93500352 236.10755920
v -11.35201550 4.03583956 235.99882507
v -11.35309029 -6.08531094 237.89089966
v -11.35309315 -3.93854403 237.89515686
v -11.32463264 -3.93964505 238.45103455
v -11.35278511 -6.02791691 237.35258484
v -11.35248184 -5.93265390 236.81967163
v -11.33431053 9.88509560 236.29922485
v -11.29439068 -3.93603325 236.62754822
v -11.33681107 -6.10371304 238.32029724
v 2.14690709 -6.08531094 237.89857483
v 2.12875628 -6.10297441 238.34188843
v 2.14721298 -6.02791691 237.36026001
v 2.14751577 -5.93265390 236.82734680
v -11.34227848 7.18678808 218.86018372
v -11.34203529 -5.80000019 218.43327332
v 2.14781404 -5.80000019 236.30247498
v -11.34229565 7.58763790 218.89099121
v -11.34233379 7.97733784 218.95832825
v -11.34239292 8.35630798 219.06239319
v -11.34247398 8.72713757 219.20442200
v -11.34257412 9.08248329 219.38092041
v -11.34269238 9.41623306 219.58943176
v -11.34282970 9.73112965 219.83129883
v -11.34298325 10.01974964 220.10035706
v -11.34315109 10.28066730 220.39636230
v -11.34333324 10.51366329 220.71788025
v -11.34352684 10.71279335 221.05732727
v -11.34373093 10.87932873 221.41746521
v -11.34394360 11.01096344 221.79212952
v -11.34416103 11.10442924 222.17387390
v -11.34189606 7.19395924 218.18756104
v -11.34166813 -5.76528931 217.78669739
v -11.34152126 7.13464594 217.52793884
v -11.34131050 -5.67051744 217.15715027
v 2.15832973 -5.76528120 217.79431152
v -11.34115219 7.00795507 216.87878418
v -11.34096241 -5.51536512 216.54396057
v 2.15868735 -5.67049551 217.16473389
v -11.34079075 6.81469536 216.24238586
v -11.34062099 -5.29787827 215.94276428
v 2.15903568 -5.51532459 216.55149841
v -11.34044552 6.56017828 215.63426208
v -11.34029293 -5.02360344 215.36587524
v 2.15937734 -5.29781199 215.95028687
v -11.34011459 6.24307203 215.05212402
v -11.33998489 -4.69646358 214.82348633
v 2.15970516 -5.02350903 215.37336731
v -11.33980560 5.87121248 214.50813293
v -11.33969307 -4.31429958 214.31103516
v 2.16001320 -4.69634390 214.83097839
v -11.33951855 5.44441652 214.00370789
v -11.33942604 -3.88715291 213.84097290
v 2.16030431 -4.31415558 214.31854248
v -11.33925819 4.96911383 213.54470825
v -11.33918476 -3.41540623 213.41566467
v 2.16057158 -3.88698959 213.84848022
v -11.33902740 4.45071936 213.13792419
v -11.33896923 -2.90144777 213.03550720
v 2.16081309 -3.41523123 213.42320251
v -11.33882523 3.89066601 212.78327942
v -11.33878422 -2.35777020 212.71049500
v 2.16102910 -2.90126801 213.04306030
v -11.33865833 3.30056953 212.48937988
v -11.33862972 -1.77977729 212.43849182
v 2.16121364 -2.35759592 212.71807861
v -11.33852482 2.67823267 212.25473022
v -11.33850765 -1.17770529 212.22335815
v 2.16136837 -1.77961814 212.44609070
v -11.33842945 2.03880620 212.08569336
v -11.33842087 -0.56386131 212.07061768
v 2.16149044 -1.17757118 212.23098755
v -11.33837128 1.38449383 211.98318481
v -11.33836842 0.06609229 211.97831726
v 2.16157722 -0.56376213 212.07826233
v -11.33835030 0.71286166 211.94616699
v 2.16162968 0.06614676 211.98599243
v 2.16164804 0.71286166 211.95384216
v 2.16162682 1.38449383 211.99085999
v 2.16156864 2.03880620 212.09335327
v 2.16147256 2.67823267 212.26240540
v 2.16133928 3.30056953 212.49703979
v 2.16117239 3.89066601 212.79095459
v 2.16097093 4.45071936 213.14559937
v 2.16073966 4.96911383 213.55238342
v 2.16047883 5.44441652 214.01138306
v 2.16019225 5.87121248 214.51580811
v 2.15988326 6.24307203 215.05979919
v 2.15955257 6.56017828 215.64192200
v 2.15920711 6.81469536 216.25004578
v 2.15884542 7.00795507 216.88645935
v 2.15847659 7.13464594 217.53559875
v 2.15810180 7.19395924 218.19523621
v 2.15771961 7.18678808 218.86784363
v 2.15770221 7.58767080 218.89866638
v 2.15766382 7.97739744 218.96601868
v 2.15760469 8.35638905 219.07009888
v 2.15752411 8.72723293 219.21212769
v 2.15742373 9.08258724 219.38865662
v 2.15730524 9.41634083 219.59718323
v 2.15716791 9.73123360 219.83905029
v 2.15701509 10.01984692 220.10812378
v 2.15684676 10.28075218 220.40414429
v 2.15666413 10.51373386 220.72566223
v 2.15647125 10.71284866 221.06510925
v 2.15626669 10.87936783 221.42523193
v 2.15605378 11.01098728 221.79988098
v 2.15583682 11.10444260 222.18161011
v 2.14958692 10.99142170 233.18214417
v 2.14906454 10.77948189 234.10136414
v -11.35192776 5.17347336 235.84419250
v -11.35193348 10.11413193 235.85397339
v 2.14855719 10.48709393 234.99433899
v -11.35197639 4.79977322 235.93029785
v -11.35200596 4.41950083 235.98197937
v 2.14806437 10.11413193 235.86164856
v -11.27905655 9.62566185 236.74850464
v 2.12972903 9.88531017 236.30680847
v -11.19296455 -3.93705249 237.14208984
v -11.18496799 9.33360195 237.20016479
v 2.07415390 9.62558079 236.75619507
v -11.04446316 -3.93804216 237.64186096
v -11.04984570 9.00605869 237.65293884
v 1.97960830 9.33346653 237.20777893
v -10.87068748 8.64081287 238.10409546
v 1.66435111 8.64091969 238.11102295
v 1.84385335 9.00617313 237.66015625
v -10.84956455 -3.93899941 238.12532043
v -10.64549732 8.23643875 238.54975891
v 1.43878293 8.23655128 238.55647278
v -10.61110210 -3.93991113 238.58569336
v -10.37241268 7.79205704 238.98553467
v 1.16509593 7.79222822 238.99183655
v -10.32824039 -3.94077945 239.02430725
v -10.05125904 7.31123018 239.40353394
v 0.84345466 7.31120872 239.40948486
v -10.00864124 -3.94158459 239.43099976
v -9.68141937 6.79724741 239.79786682
v -9.26255703 -3.94299626 240.14407349
v -9.26256847 6.25272560 240.16426086
v 0.47298300 6.79736757 239.80416870
v -9.65384769 -3.94232249 239.80366516
v -8.67447376 -3.94382739 240.56401062
v 0.05380314 6.25272560 240.16955566
v -8.86809826 5.75811243 240.45469666
v -9.26797962 -3.94708610 242.20893860
v -8.81511402 -3.94772649 242.53253174
v -9.68068027 -3.94637108 241.84774780
v -10.05402279 -3.94557953 241.44787598
v -10.38922215 -3.94470787 241.00764465
v -10.67778301 -3.94377947 240.53875732
v -10.91717625 -3.94279790 240.04296875
v -11.10730457 -3.94176865 239.52333069
v -11.24287128 -3.94071913 238.99333191
v -4.09511280 1.26106167 241.75721741
v -5.11440659 1.25982010 241.75669861
v -4.60529518 0.65379214 241.77305603
v -4.60528994 -3.94619942 241.76394653
v -3.88350177 -3.94612956 241.72912598
v -5.62010288 1.85767245 241.70603943
v -5.32703829 -3.94612956 241.72830200
v -3.58854318 1.85987937 241.70695496
v -6.12009335 2.44734812 241.62152100
v -6.03371477 -3.94592810 241.62609863
v -3.08788371 2.45024419 241.62274170
v -6.61249495 3.03033853 241.50364685
v -2.59501219 3.03364635 241.50517273
v -7.09542036 3.60799432 241.35299683
v -6.72760630 -3.94559288 241.45655823
v -2.11180353 3.61143661 241.35481262
v -7.56509590 4.17327213 241.17097473
v -7.40756989 -3.94512534 241.22004700
v -1.64205575 4.17657375 241.17317200
v -8.01800537 4.71912861 240.95962524
v -1.18929827 4.72201586 240.96229553
v -8.45275784 5.24691200 240.72036743
v -8.05690670 -3.94453645 240.92239380
v -0.75489002 5.24911165 240.72370911
v -0.34004948 5.75934935 240.45889282
v 2.14807010 5.17347336 235.85185242
v 2.08967853 -3.93603301 236.63499451
v 2.14796853 -3.83211827 236.03047180
v 2.14798212 4.03583956 236.00643921
v 2.14799166 4.41923332 235.98968506
v 2.14792037 -3.93500352 236.11523438
v 2.14802098 4.79950809 235.93800354
v 1.98769879 -3.93705177 237.14932251
v 1.83865309 -3.93804145 237.64889526
v 1.64322495 -3.93899894 238.13217163
v 1.40426660 -3.93991065 238.59228516
v 1.12094617 -3.94077897 239.03057861
v 0.80087918 -3.94158435 239.43695068
v 0.44560030 -3.94232225 239.80928040
v 0.05381461 -3.94299626 240.14935303
v -0.53474593 -3.94382739 240.56863403
v -1.15271938 -3.94453645 240.92631531
v -1.80239403 -3.94512534 241.22323608
v -2.48262572 -3.94559288 241.45896912
v -3.17670989 -3.94592810 241.62773132
v -0.39634222 -3.94772649 242.53732300
v 0.05689111 -3.94708610 242.21423340
v -1.02115297 -3.94843769 242.89608765
v -1.67060399 -3.94902849 243.19396973
v -2.34759283 -3.94950056 243.43185425
v -3.04342675 -3.94984841 243.60711670
v -3.74941325 -3.95006704 243.71713257
v -4.46845007 -3.95015836 243.76280212
v -4.74563837 -3.95015931 243.76307678
v -5.46384954 -3.95006752 243.71632385
v -6.16924667 -3.94984841 243.60533142
v -6.86480379 -3.94950032 243.42926025
v -7.54159927 -3.94902849 243.19062805
v -8.19071102 -3.94843769 242.89201355
v 2.14802194 -3.73780203 235.93634033
v 2.14799261 3.65251493 235.98815918
v 2.14802289 3.27244782 235.93498230
v 2.14807987 -3.65338397 235.83436584
v 2.14807248 2.89882684 235.84735107
v 2.11781216 -3.93964505 238.45866394
v 2.14690471 -3.93854403 237.90283203
v 2.03543472 -3.94071913 239.00086975
v 1.89926600 -3.94176888 239.53071594
v 1.70854735 -3.94279790 240.05014038
v 1.46859133 -3.94377947 240.54565430
v 1.17949724 -3.94470787 241.01422119
v 0.84379804 -3.94557953 241.45407104
v 0.47000113 -3.94637108 241.85351562
v -11.28646660 -6.09809446 238.74803162
v 2.07503390 -6.09654474 238.78167725
v -11.20178890 -6.06872368 239.17370605
v 1.98621440 -6.06544399 239.21527100
v -11.08273220 -6.01585054 239.59617615
v 1.86299026 -6.00957441 239.63987732
v -10.93173122 -5.94147396 240.00614929
v 1.70686150 -5.93373394 240.05140686
v -10.75207329 -5.84847069 240.39820862
v 1.52176630 -5.83871078 240.44265747
v -10.53572083 -5.73626566 240.78089905
v 1.30294931 -5.72414541 240.82383728
v -10.27519131 -5.60175228 241.16398621
v 1.04163194 -5.58857632 241.20346069
v -9.97316170 -5.44688368 241.54003906
v 0.73926729 -5.43399572 241.57133484
v -9.62911892 -5.27979088 241.89259338
v 0.39840069 -5.27103138 241.91905212
v -9.24307537 -5.10303164 242.22210693
v -0.39634112 -4.91803694 242.53540039
v -8.81511307 -4.91803694 242.53062439
v 0.01960669 -5.09947062 242.24192810
v -0.98119432 -4.68511772 242.87414551
v -8.23307896 -4.68599463 242.86874390
v -7.64454937 -4.48307610 243.14698792
v -1.57187545 -4.48168850 243.15223694
v -7.05758619 -4.30798721 243.36784363
v -2.16022325 -4.30650187 243.37240601
v -6.47714281 -4.16138601 243.53546143
v -2.74118328 -4.16019297 243.53900146
v -5.89577389 -4.05276871 243.65600586
v -3.32191539 -4.05192423 243.65830994
v -5.31645155 -3.98278856 243.73118591
v -3.89940000 -3.98232603 243.73226929
v 29.74417686 11.16399193 223.38562012
v 29.01785088 11.18049812 215.08366394
v 15.56922150 11.18049812 216.26026917
v 28.98285294 11.16088295 214.68363953
v 16.29554749 11.16399193 224.56221008
v 16.73082352 -5.80000019 229.53744507
v 15.53422070 11.16087818 215.86021423
v 28.62271690 -5.80000019 210.56727600
v 16.37773895 11.11954975 225.50167847
v 29.82636833 11.11954975 224.32507324
v 16.69894600 -3.73816442 229.17308044
v 16.69002533 -3.65338397 229.07112122
v 16.69115639 2.89882684 229.08404541
v 16.45886803 10.99142170 226.42898560
v 16.53898430 10.77948189 227.34471130
v 16.61681175 10.48709393 228.23428345
v 16.70713615 -3.83250785 229.26669312
v 16.70342827 3.65248466 229.22431946
v 16.69881058 3.27401543 229.17152405
v 16.71450424 -3.93500352 229.35092163
v 16.70501328 4.03583956 229.24243164
v 16.86993217 -6.08531094 231.12747192
v 16.87030411 -3.93854403 231.13169861
v 16.94741631 -3.93964505 231.68293762
v 16.82301521 -6.02791691 230.59120178
v 16.77656937 -5.93265390 230.06031799
v 16.74901581 9.88509560 229.54028320
v 16.81758308 -3.93603325 229.86383057
v 16.92381668 -6.10371304 231.55378723
v 30.31856155 -6.08531094 229.95086670
v 30.33936882 -6.10297441 230.39405823
v 30.27164459 -6.02791691 229.41459656
v 30.22519684 -5.93265390 228.88371277
v 15.21129513 7.18678808 212.16915894
v 15.17408848 -5.80000019 211.74388123
v 30.17945290 -5.80000019 228.36085510
v 15.21398067 7.58763790 212.19984436
v 15.21984959 7.97733784 212.26693726
v 15.22891998 8.35630798 212.37060547
v 15.24129772 8.72713757 212.51208496
v 15.25668144 9.08248329 212.68792725
v 15.27485371 9.41623306 212.89562988
v 15.29593372 9.73112965 213.13658142
v 15.31938457 10.01974964 213.40461731
v 15.34518337 10.28066730 213.69949341
v 15.37320518 10.51366329 214.01979065
v 15.40279007 10.71279335 214.35794067
v 15.43417835 10.87932873 214.71672058
v 15.46683216 11.01096344 215.08995056
v 15.50010395 11.10442924 215.47024536
v 15.15267372 7.19395924 211.49909973
v 15.11773491 -5.76528931 211.09976196
v 15.09518242 7.13464594 210.84197998
v 15.06286716 -5.67051744 210.47262573
v 28.56635857 -5.76528120 209.92311096
v 15.03860569 7.00795507 210.19531250
v 15.00942326 -5.51536512 209.86175537
v 28.51148796 -5.67049551 209.29591370
v 14.98313904 6.81469536 209.56132507
v 14.95702648 -5.29787827 209.26284790
v 28.45804024 -5.51532459 208.68501282
v 14.93013763 6.56017828 208.95552063
v 14.90674686 -5.02360344 208.68815613
v 28.40564156 -5.29781199 208.08609009
v 14.87940121 6.24307203 208.37559509
v 14.85947514 -4.69646358 208.14782715
v 28.35536003 -5.02350903 207.51136780
v 14.83198929 5.87121248 207.83367920
v 14.81481171 -4.31429958 207.63732910
v 28.30808830 -4.69634390 206.97105408
v 14.78802681 5.44441652 207.33117676
v 14.77384281 -3.88715291 207.16905212
v 28.26342583 -4.31415558 206.46055603
v 14.74802208 4.96911383 206.87391663
v 14.73677540 -3.41540623 206.74536133
v 28.22245598 -3.88698959 205.99227905
v 14.71256828 4.45071936 206.46868896
v 14.70364285 -2.90144777 206.36665344
v 28.18539047 -3.41523123 205.56861877
v 14.68165874 3.89066601 206.11538696
v 14.67531586 -2.35777020 206.04287720
v 28.15225983 -2.90126801 205.18994141
v 14.65604305 3.30056953 205.82260132
v 14.65160751 -1.77977729 205.77189636
v 28.12393570 -2.35759592 204.86618042
v 14.63559341 2.67823267 205.58885193
v 14.63285828 -1.17770529 205.55758667
v 28.10023117 -1.77961814 204.59523010
v 14.62085915 2.03880620 205.42044067
v 14.61954594 -0.56386131 205.40542603
v 28.08148384 -1.17757118 204.38095093
v 14.61192608 1.38449383 205.31832886
v 14.61150265 0.06609229 205.31349182
v 28.06817245 -0.56376213 204.22880554
v 14.60869980 0.71286166 205.28146362
v 28.06012917 0.06614676 204.13688660
v 28.05732727 0.71286166 204.10485840
v 28.06055450 1.38449383 204.14172363
v 28.06948853 2.03880620 204.24385071
v 28.08422089 2.67823267 204.41224670
v 28.10467148 3.30056953 204.64599609
v 28.13028717 3.89066601 204.93878174
v 28.16119766 4.45071936 205.29208374
v 28.19664955 4.96911383 205.69731140
v 28.23665428 5.44441652 206.15457153
v 28.28061867 5.87121248 206.65707397
v 28.32802963 6.24307203 207.19898987
v 28.37876701 6.56017828 207.77891541
v 28.43176842 6.81469536 208.38471985
v 28.48723412 7.00795507 209.01870728
v 28.54381180 7.13464594 209.66537476
v 28.60130119 7.19395924 210.32249451
v 28.65992355 7.18678808 210.99255371
v 28.66260910 7.58767080 211.02325439
v 28.66847992 7.97739744 211.09034729
v 28.67755127 8.35638905 211.19403076
v 28.68992996 8.72723293 211.33552551
v 28.70531464 9.08258724 211.51138306
v 28.72348976 9.41634083 211.71910095
v 28.74456978 9.73123360 211.96006775
v 28.76802063 10.01984692 212.22811890
v 28.79382133 10.28075218 212.52301025
v 28.82184410 10.51373386 212.84330750
v 28.85142708 10.71284866 213.18144226
v 28.88281441 10.87936783 213.54020691
v 28.91546822 11.01098728 213.91343689
v 28.94873810 11.10444260 214.29370117
v 29.90749741 10.99142170 225.25238037
v 29.98761177 10.77948189 226.16810608
v 16.69154930 5.17347336 229.08853149
v 16.69240189 10.11413193 229.09828186
v 30.06544113 10.48709393 227.05769348
v 16.69907379 4.79793978 229.17453003
v 16.70356178 4.41926384 229.22583008
v 30.14103127 10.11413193 227.92169189
v 16.84346771 9.62566185 229.98298645
v 30.16181564 9.88531017 228.36674500
v 16.96375465 -3.93705249 230.36750793
v 16.97681427 9.33360195 230.42463684
v 30.14587784 9.62558079 228.81927490
v 17.15552330 -3.93804216 230.85231018
v 17.15113449 9.00605869 230.86381531
v 30.09130859 9.33346653 229.27740479
v 17.36917877 8.64081287 231.29753113
v 29.85650063 8.64091969 230.20481873
v 29.99576187 9.00617313 229.73994446
v 17.39208031 -3.93899941 231.31680298
v 17.63259506 8.23643875 231.72171021
v 29.67087936 8.23655128 230.66835022
v 17.67000961 -3.93991113 231.75448608
v 17.94285393 7.79205704 232.13185120
v 29.43643761 7.79222822 231.12603760
v 17.99025726 -3.94077945 232.16661072
v 18.29943657 7.31123018 232.52008057
v 29.15267181 7.31120872 231.57028198
v 18.34429932 -3.94158459 232.54370117
v 18.70244217 6.79724741 232.88043213
v 19.15005875 -3.94299626 233.18856812
v 19.15181923 6.25272560 233.20867920
v 28.81825256 6.79736757 231.99595642
v 18.73041534 -3.94232249 232.88380432
v 19.77271271 -3.94382739 233.55529785
v 28.43274117 6.25272560 232.39669800
v 19.57024574 5.75811243 233.46339417
v 19.32579041 -3.94708610 235.24594116
v 19.80529785 -3.94772649 235.52857971
v 18.88299751 -3.94637108 234.92236328
v 18.47601700 -3.94557953 234.55677795
v 18.10349083 -3.94470787 234.14764404
v 17.77491188 -3.94377947 233.70587158
v 17.49295044 -3.94279790 233.23300171
v 17.25797081 -3.94176888 232.73204041
v 17.07643318 -3.94071913 232.21597290
v 24.43909073 1.26106167 234.34219360
v 23.42368126 1.25982010 234.43110657
v 23.93226433 0.65379214 234.40272522
v 23.93147087 -3.94619942 234.39364624
v 24.64742088 -3.94612956 234.29563904
v 22.91549110 1.85767245 234.42498779
v 23.20937729 -3.94612956 234.42146301
v 24.93929863 1.85987937 234.24768066
v 22.41001320 2.44734812 234.38465881
v 22.49645996 -3.94592810 234.38163757
v 25.43064117 2.45024419 234.11988831
v 21.90917015 3.03033853 234.31044006
v 25.91129875 3.03364635 233.95953369
v 21.41489029 3.60799432 234.20271301
v 21.79037094 -3.94559288 234.27362061
v 26.37945557 3.61143661 233.76736450
v 20.93105888 4.17327213 234.06260681
v 21.09228134 -3.94512534 234.09767151
v 26.83145714 4.17657375 233.54521179
v 20.46135521 4.71912861 233.89179993
v 27.26397133 4.72201586 233.29544067
v 20.00728989 5.24691200 233.69160461
v 20.41933823 -3.94453645 233.85813904
v 27.67577553 5.24911165 233.01966858
v 28.06578827 5.75934935 232.71948242
v 30.14017868 5.17347336 227.91194153
v 30.15070915 -3.93603301 228.69717407
v 30.16313362 -3.93500352 228.17431641
v 30.15574455 -3.83211827 228.08987427
v 30.15364075 4.03583956 228.06582642
v 30.14770126 4.79793739 227.99794006
v 30.15218925 4.41926098 228.04922485
v 30.09424210 -3.93705177 229.21847534
v 29.98959351 -3.93804145 229.72918701
v 29.83731270 -3.93899894 230.22775269
v 29.63963699 -3.93991065 230.70704651
v 29.39585686 -3.94077897 231.16851807
v 29.11267090 -3.94158435 231.60137939
v 28.79142380 -3.94232225 232.00344849
v 28.43098068 -3.94299626 232.37658691
v 27.88146782 -3.94382739 232.84587097
v 27.29725456 -3.94453645 233.25639343
v 26.67612839 -3.94512534 233.60914612
v 26.01919746 -3.94559288 233.90364075
v 25.34259415 -3.94592810 234.13264465
v 28.19203568 -3.94772649 234.79483032
v 28.61517906 -3.94708610 234.43322754
v 27.60110474 -3.94843769 235.20701599
v 26.98028755 -3.94902849 235.56072998
v 26.32677650 -3.94950056 235.85708618
v 25.64899826 -3.94984841 236.09269714
v 24.95538521 -3.95006704 236.26423645
v 24.24312592 -3.95015836 236.37280273
v 23.96703148 -3.95015931 236.39738464
v 23.24748802 -3.95006752 236.41381836
v 22.53507233 -3.94984841 236.36514282
v 21.82675171 -3.94950032 236.25074768
v 21.13163185 -3.94902849 236.07241821
v 20.45882607 -3.94843769 235.83189392
v 30.14743805 3.27401781 227.99493408
v 30.13865471 -3.65338397 227.89451599
v 30.13978577 2.89882684 227.90745544
v 30.14754105 -3.73780203 227.99609375
v 30.15205765 3.65248728 228.04771423
v 30.33871078 -3.93964505 230.51135254
v 30.31893158 -3.93854403 229.95510864
v 30.30421448 -3.94071913 231.05870056
v 30.21504974 -3.94176888 231.59844971
v 30.07063103 -3.94279790 232.13259888
v 29.87506676 -3.94377947 232.64724731
v 29.62818909 -3.94470787 233.13935852
v 29.33237076 -3.94557953 233.60697937
v 28.99505424 -3.94637108 234.03767395
v 17.01148796 -6.09809446 231.97544861
v 30.32443237 -6.09654474 230.83688354
v 17.13318062 -6.06872368 232.39205933
v 30.27399063 -6.06544399 231.27658081
v 17.28883743 -6.01585054 232.80244446
v 30.18848801 -6.00957441 231.71035767
v 17.47522163 -5.94147396 233.19760132
v 30.06906319 -5.93373394 232.13400269
v 17.68857765 -5.84847069 233.57238770
v 29.91900063 -5.83871078 232.53997803
v 17.93766785 -5.73626566 233.93463135
v 29.73446655 -5.72414541 232.93888855
v 18.23079872 -5.60175228 234.29338074
v 29.50745773 -5.58857632 233.33996582
v 18.56465149 -5.44688368 234.64149475
v 29.23852921 -5.43399572 233.73294067
v 18.93829536 -5.27979088 234.96250916
v 28.92947769 -5.27103138 234.10922241
v 19.35175514 -5.10303164 235.25688171
v 28.19186783 -4.91803694 234.79292297
v 19.80513000 -4.91803694 235.52665710
v 28.58046913 -5.09947062 234.46409607
v 27.63898277 -4.68511772 235.18165588
v 20.41458130 -4.68599463 235.81242371
v 21.02524948 -4.48307610 236.03796387
v 27.07497406 -4.48168850 235.51049805
v 21.62932396 -4.30798721 236.20648193
v 26.50820923 -4.30650187 235.78143311
v 22.22223473 -4.16138601 236.32254028
v 25.94410133 -4.16019297 235.99833679
v 22.81193733 -4.05276871 236.39163208
v 25.37607384 -4.05192423 236.16812134
v 23.39562035 -3.98278856 236.41569519
v 24.80730438 -3.98232603 236.29246521
v 55.79037857 11.16399193 208.93432617
v 54.34325409 11.18049812 200.72727966
v 41.04835129 11.18049812 203.07151794
v 54.27352524 11.16088295 200.33181763
v 42.49547577 11.16399193 211.27857971
v 43.36271667 -5.80000019 216.19694519
v 40.97861481 11.16087818 202.67604065
v 53.55599594 -5.80000019 196.26251221
v 42.65923309 11.11954975 212.20729065
v 55.95413589 11.11954975 209.86303711
v 43.29920197 -3.73816442 215.83673096
v 43.28142929 -3.65338397 215.73593140
v 43.28368378 2.89882684 215.74871826
v 42.82087326 10.99142170 213.12400818
v 42.98049545 10.77948189 214.02925110
v 43.13555908 10.48709393 214.90867615
v 43.31552124 -3.83250785 215.92927551
v 43.30812836 3.65224743 215.88735962
v 43.29889297 3.27218318 215.83499146
v 43.33020020 -3.93500352 216.01252747
v 43.31131744 4.03583956 215.90544128
v 43.63987350 -6.08531094 217.76878357
v 43.64061356 -3.93854403 217.77296448
v 43.76547623 -3.93964505 218.31538391
v 43.54639816 -6.02791691 217.23864746
v 43.45385742 -5.93265390 216.71382141
v 43.38108444 9.88509560 216.19818115
v 43.47762680 -3.93603373 216.51473999
v 43.73070908 -6.10371304 218.18878174
v 56.93477631 -6.08531094 215.42453003
v 56.99413300 -6.10297441 215.86422729
v 56.84130096 -6.02791691 214.89439392
v 56.74876022 -5.93265390 214.36956787
v 40.33522034 7.18678808 199.02717590
v 40.26109314 -5.80000019 198.60675049
v 56.65761948 -5.80000019 213.85269165
v 40.34057236 7.58763790 199.05751038
v 40.35226440 7.97733784 199.12382507
v 40.37033844 8.35630798 199.22631836
v 40.39500046 8.72713757 199.36618042
v 40.42564774 9.08248329 199.54000854
v 40.46185684 9.41623306 199.74534607
v 40.50385284 9.73112965 199.98353577
v 40.55057526 10.01974964 200.24850464
v 40.60197830 10.28066730 200.54002380
v 40.65781021 10.51366329 200.85665894
v 40.71675491 10.71279335 201.19094849
v 40.77928925 10.87932873 201.54560852
v 40.84434891 11.01096344 201.91458130
v 40.91064072 11.10442924 202.29052734
v 40.21842575 7.19395924 198.36477661
v 40.14881516 -5.76528931 197.97000122
v 40.10388184 7.13464594 197.71516418
v 40.03949738 -5.67051744 197.35002136
v 53.44371033 -5.76528120 195.62570190
v 39.99115753 7.00795507 197.07588196
v 39.93301392 -5.51536512 196.74613953
v 53.33438492 -5.67049551 195.00567627
v 39.88064575 6.81469536 196.44914246
v 39.82862091 -5.29787827 196.15408325
v 53.22789764 -5.51532459 194.40176392
v 39.77504730 6.56017828 195.85026550
v 39.72844315 -5.02360344 195.58595276
v 53.12349701 -5.29781199 193.80967712
v 39.67396164 6.24307203 195.27696228
v 39.63425827 -4.69646358 195.05181885
v 53.02331543 -5.02350903 193.24153137
v 39.57949829 5.87121248 194.74124146
v 39.54527283 -4.31429958 194.54714966
v 52.92913055 -4.69634390 192.70738220
v 39.49190521 5.44441652 194.24449158
v 39.46364594 -3.88715291 194.08421326
v 52.84014511 -4.31415558 192.20272827
v 39.41220093 4.96911383 193.79246521
v 39.38979340 -3.41540623 193.66537476
v 52.75852203 -3.88698959 191.73980713
v 39.34156418 4.45071936 193.39186096
v 39.32378006 -2.90144777 193.29100037
v 52.68467331 -3.41523123 191.32098389
v 39.27997971 3.89066601 193.04258728
v 39.26734161 -2.35777020 192.97091675
v 52.61866379 -2.90126801 190.94662476
v 39.22894287 3.30056953 192.75315857
v 39.22010803 -1.77977729 192.70303345
v 52.56222916 -2.35759592 190.62657166
v 39.18819809 2.67823267 192.52207947
v 39.18275070 -1.17770529 192.49118042
v 52.51499939 -1.77961814 190.35871887
v 39.15884399 2.03880620 192.35560608
v 39.15622711 -0.56386131 192.34075928
v 52.47764587 -1.17757118 190.14688110
v 39.14104462 1.38449383 192.25465393
v 39.14020157 0.06609229 192.24986267
v 52.45112610 -0.56376213 189.99649048
v 39.13461685 0.71286166 192.21820068
v 52.43510437 0.06614676 189.90560913
v 52.42951965 0.71286166 189.87394714
v 52.43594742 1.38449383 189.91040039
v 52.45375061 2.03880620 190.01135254
v 52.48310471 2.67823267 190.17782593
v 52.52384949 3.30056953 190.40890503
v 52.57488251 3.89066601 190.69834900
v 52.63646698 4.45071936 191.04760742
v 52.70710373 4.96911383 191.44821167
v 52.78681183 5.44441652 191.90023804
v 52.87440109 5.87121248 192.39698792
v 52.96886444 6.24307203 192.93272400
v 53.06995010 6.56017828 193.50601196
v 53.17555237 6.81469536 194.10488892
v 53.28606033 7.00795507 194.73162842
v 53.39878464 7.13464594 195.37091064
v 53.51332855 7.19395924 196.02052307
v 53.63012695 7.18678808 196.68292236
v 53.63547897 7.58767080 196.71327209
v 53.64717484 7.97739744 196.77960205
v 53.66524506 8.35638905 196.88209534
v 53.68991089 8.72723293 197.02197266
v 53.72056198 9.08258724 197.19581604
v 53.75677490 9.41634083 197.40116882
v 53.79877472 9.73123360 197.63937378
v 53.84549713 10.01984692 197.90435791
v 53.89690018 10.28075218 198.19587708
v 53.95273209 10.51373386 198.51251221
v 54.01167679 10.71284866 198.84680176
v 54.07421112 10.87936783 199.20146179
v 54.13927078 11.01098728 199.57041931
v 54.20555496 11.10444260 199.94633484
v 56.11577988 10.99142170 210.77975464
v 56.27539825 10.77948189 211.68499756
v 43.28446579 5.17347336 215.75315857
v 43.28616333 10.11413193 215.76278687
v 56.43046188 10.48709393 212.56442261
v 43.29941940 4.79977322 215.83796692
v 43.30839157 4.41950083 215.88887024
v 56.58106995 10.11413193 213.41854858
v 43.51375961 9.62566185 216.63095093
v 56.64056396 9.88531113 213.86009216
v 43.66703033 -3.93705201 217.00340271
v 43.68509293 9.33360291 217.05931091
v 56.66412735 9.62558174 214.31230164
v 43.90028763 -3.93804169 217.46952820
v 43.89702606 9.00605965 217.48162842
v 56.64969635 9.33346844 214.77343750
v 44.15203857 8.64081383 217.89468384
v 56.49660873 8.64091969 215.71778870
v 56.59482574 9.00617409 215.24255371
v 44.17644501 -3.93899918 217.91174316
v 44.45142365 8.23644066 218.29429626
v 56.35209274 8.23655224 216.19573975
v 44.49144745 -3.93991065 218.32356262
v 44.79624557 7.79205990 218.67582703
v 56.15843582 7.79222965 216.67210388
v 44.84634781 -3.94077921 218.70617676
v 45.18530655 7.31123447 219.03149414
v 55.91447067 7.31121159 217.13940430
v 45.23190689 -3.94158435 219.05099487
v 45.61818695 6.79725122 219.35536194
v 46.09095764 -3.94299626 219.62330627
v 46.09446716 6.25272560 219.64318848
v 55.61842346 6.79737091 217.59260559
v 45.64625168 -3.94232225 219.35620117
v 46.74320602 -3.94382739 219.93437195
v 55.26930237 6.25272560 218.02542114
v 46.53350067 5.75811243 219.86047363
v 46.44533539 -3.94708610 221.65754700
v 46.94765091 -3.94772649 221.89730835
v 45.97602463 -3.94637108 221.37377930
v 45.53873062 -3.94557953 221.04505920
v 45.13196182 -3.94470787 220.66995239
v 44.76613235 -3.94377947 220.25849915
v 44.44402695 -3.94279790 219.81199646
v 44.16628265 -3.94176888 219.33343506
v 43.94046021 -3.94071913 218.83514404
v 51.46041107 1.26106167 220.31158447
v 50.45661545 1.25982010 220.48864746
v 50.96078873 0.65379214 220.41604614
v 50.95920563 -3.94619942 220.40707397
v 51.66389084 -3.94612956 220.24705505
v 49.94982529 1.85767245 220.52685547
v 50.24228668 -3.94612956 220.49771118
v 51.95047760 1.85987937 220.17382812
v 49.44275665 2.44734812 220.53073120
v 49.52861023 -3.94592810 220.52018738
v 52.42881393 2.45024419 220.00369263
v 48.93734741 3.03033853 220.50044250
v 52.89366531 3.03364635 219.80204773
v 48.43556213 3.60799432 220.43620300
v 48.81579208 -3.94559288 220.47410583
v 53.34329224 3.61143661 219.56982422
v 47.94136047 4.17327213 220.33880615
v 48.10502625 -3.94512534 220.35968018
v 53.77421188 4.17657375 219.30912781
v 47.45855713 4.71912861 220.20957947
v 54.18331146 4.72201586 219.02259827
v 46.98877335 5.24691200 220.04972839
v 47.41376495 -3.94453645 220.17970276
v 54.56951141 5.24911165 218.71199036
v 54.93187714 5.75934935 218.37895203
v 56.57936859 5.17347336 213.40890503
v 56.65834045 -3.93603349 214.19046021
v 56.62510300 -3.93500352 213.66828918
v 56.61038589 -3.83211827 213.58480835
v 56.60619354 4.03583956 213.56103516
v 56.59436035 4.79793739 213.49392700
v 56.60330200 4.41926098 213.54463196
v 56.64750290 -3.93705153 214.71434021
v 56.58776093 -3.93804097 215.23211670
v 56.47952652 -3.93899870 215.74212646
v 56.32439804 -3.93991041 216.23686218
v 56.12180328 -3.94077873 216.71777344
v 55.87742996 -3.94158387 217.17369080
v 55.59241104 -3.94232202 217.60229492
v 55.26579666 -3.94299626 218.00553894
v 54.75927353 -3.94382739 218.52091980
v 54.21306229 -3.94453645 218.98080444
v 53.62504578 -3.94512534 219.38635254
v 52.99628448 -3.94559288 219.73698425
v 52.34221268 -3.94592810 220.02407837
v 55.23852158 -3.94772649 220.43539429
v 55.62854004 -3.94708610 220.03829956
v 54.68576431 -3.94843769 220.89752197
v 54.09814072 -3.94902849 221.30400085
v 53.47294235 -3.94950056 221.65617371
v 52.81828308 -3.94984841 221.94998169
v 52.14225769 -3.95006704 222.18130493
v 51.44216919 -3.95015836 222.35153198
v 51.16926956 -3.95015931 222.40010071
v 50.45389557 -3.95006752 222.47917175
v 49.73994827 -3.94984841 222.49276733
v 49.02435303 -3.94950032 222.44055176
v 48.31633759 -3.94902849 222.32348633
v 47.62512589 -3.94843769 222.14250183
v 56.59383392 3.27401781 213.49095154
v 56.57633209 -3.65338397 213.39169312
v 56.57858658 2.89882684 213.40446472
v 56.59403992 -3.73780203 213.49211121
v 56.60303879 3.65248728 213.54313660
v 57.00370026 -3.93964505 215.98112488
v 56.93551636 -3.93854403 215.42871094
v 57.01704025 -3.94071913 216.52938843
v 56.97525787 -3.94176888 217.07485962
v 56.87794113 -3.94279790 217.61956787
v 56.72797775 -3.94377947 218.14930725
v 56.52492905 -3.94470787 218.66105652
v 56.27099228 -3.94557953 219.15267944
v 55.97249603 -3.94637108 219.61112976
v 43.85479736 -6.09809446 218.60119629
v 57.01784897 -6.09654474 216.30665588
v 44.01233673 -6.06872368 219.00561523
v 57.00592041 -6.06544399 216.74908447
v 44.20316696 -6.01585054 219.40087891
v 56.95854950 -6.00957441 217.18865967
v 44.42328262 -5.94147396 219.77828979
v 56.87650299 -5.93373394 217.62110901
v 44.66849136 -5.84847069 220.13304138
v 56.76239395 -5.83871078 218.03862000
v 44.94820404 -5.73626566 220.47219849
v 56.61333084 -5.72414541 218.45208740
v 45.27148819 -5.60175228 220.80404663
v 56.42214203 -5.58857632 218.87142944
v 45.63441086 -5.44688368 221.12173462
v 56.18848419 -5.43399572 219.28634644
v 46.03461075 -5.27979088 221.40895081
v 55.91340637 -5.27103138 219.68812561
v 46.47215271 -5.10303164 221.66616821
v 55.23818970 -4.91803694 220.43350220
v 46.94731522 -4.91803694 221.89541626
v 55.59665298 -5.09947062 220.07206726
v 54.72131729 -4.68502569 220.86892700
v 47.57907104 -4.68598652 222.12687683
v 48.20703125 -4.48304176 222.29835510
v 54.18799210 -4.48152208 221.24575806
v 48.82381439 -4.30789566 222.41366577
v 53.64661026 -4.30626917 221.56526184
v 49.42521667 -4.16121197 222.47764587
v 53.10293198 -4.15990639 221.83073425
v 50.01892090 -4.05258131 222.49502563
v 52.55169678 -4.05165768 222.04934692
v 50.60223389 -3.98266339 222.46807861
v 51.99632263 -3.98215795 222.22256470
v -58.40159988 19.03191185 97.48895264
v -58.38314056 14.07047176 99.74423218
v -58.34317398 14.34436607 100.34646606
v -57.54348373 14.53068638 100.74982452
v -58.36162186 19.30583000 98.09123993
v -58.10786057 14.48150539 100.64624786
v -58.48409653 13.80369282 99.15814972
v -58.50256729 18.76511383 96.90283203
v -58.64636612 13.54373646 98.58757782
v -58.66485596 18.50514412 96.33222198
v -58.87193680 13.28878880 98.02854156
v -58.89045334 18.25018501 95.77316284
v -59.15515900 13.04399204 97.49230957
v -61.61385345 10.79690266 92.56885529
v -60.95291519 10.76070023 92.48380280
v -59.17370605 18.00538254 95.23692322
v -59.49201965 12.81362438 96.98825836
v -62.26324463 10.85854244 92.70977783
v -59.51058960 17.77501297 94.73286438
v -59.88472366 12.59576321 96.51217651
v -59.90331650 17.55715370 94.25679016
v -60.32308960 12.39563847 96.07549286
v -60.34170151 17.35703278 93.82011414
v -60.80672073 12.21424294 95.68038177
v -60.82534409 17.17564583 93.42502594
v -61.33321381 12.05174446 95.32719421
v -61.35184097 17.01315689 93.07186127
v -61.88993454 11.91235352 95.02509308
v -64.58605957 11.10230541 93.26505280
v -61.90855789 16.87377739 92.76977539
v -62.48152542 11.79516029 94.77210999
v -62.50013733 16.75659561 92.51682281
v -63.09765625 11.70182514 94.57180786
v -63.11624146 16.66327095 92.31655121
v -63.72589493 11.63469028 94.42925262
v -63.74444199 16.59614372 92.17401123
v -64.37062073 11.59292984 94.34265900
v -66.93531799 11.29956245 93.71823120
v -65.05099487 16.53787231 92.05650330
v -65.03254700 11.57640934 94.31172943
v -69.30557251 11.44985485 94.06826019
v -64.38912201 16.55438805 92.08742523
v -70.75143433 16.51667595 92.05650330
v -70.02249146 11.49537373 94.17427063
v -70.73298645 11.55521297 94.31172943
v -65.05130768 16.62063217 92.23857117
v -71.50463867 16.59663582 92.23857117
v -63.77179337 16.67802048 92.35436249
v -64.40381622 16.63662910 92.26847076
v -63.15439606 16.74495125 92.49655914
v -62.54648209 16.83830452 92.69696045
v -61.96264267 16.95557785 92.95018005
v -61.41519547 17.09510612 93.25266266
v -60.89871597 17.25788116 93.60654449
v -60.42684937 17.43868065 94.00043488
v -60.00308609 17.63688850 94.43302917
v -59.62662125 17.85185432 94.90287018
v -59.30554581 18.07846642 95.39878845
v -59.03799438 18.31871605 95.92514038
v -58.82746506 18.56810951 96.47208405
v -58.58930206 19.08345413 97.60388184
v -58.67847824 18.82235146 97.03018951
v -58.71313858 21.63768387 103.22415924
v -58.56148148 19.34508324 98.17923737
v -58.12630844 19.44296837 98.39102173
v -58.29191589 21.42397308 102.75055695
v -60.28624725 10.75025558 92.45537567
v -57.52946472 10.76050568 92.45537567
v -60.32855988 22.12975693 87.28283691
v -57.51461411 6.76660061 100.74982452
v -55.51462555 6.77403736 94.27079773
v -57.51461411 6.76660061 94.27079773
v -60.99522781 22.14020348 87.31127167
v -61.65616608 22.17640495 87.39631653
v -62.30555725 22.23804474 87.53723907
v -64.62837219 22.48180771 88.09251404
v -66.97763062 22.67906380 88.54569244
v -69.34788513 22.82935715 88.89572906
v -70.06480408 22.87487602 89.00173187
v -57.90715790 14.62538624 100.96114349
v -57.74061966 14.77654457 101.29232788
v -57.92560577 19.58684921 98.70591736
v -57.60847092 14.93471336 101.63921356
v -57.75906754 19.73800850 99.03710175
v -55.55561829 17.79804420 107.92170715
v -57.51397324 15.09598351 101.99323273
v -57.62691879 19.89617538 99.38398743
v -57.45735550 15.26008701 102.35379028
v -57.53242111 20.05744553 99.73800659
v -57.43816376 15.42755985 102.72207642
v -57.47580338 20.22154999 100.09856415
v -57.45677567 15.58724499 103.07353210
v -57.45661163 20.38902283 100.46685028
v -57.50957108 15.74374580 103.41826630
v -57.47522354 20.54870796 100.81830597
v -57.59693146 15.89752769 103.75729370
v -57.52802277 20.70520782 101.16304016
v -57.71866989 16.04835892 104.09011841
v -57.61538315 20.85899162 101.50206757
v -57.87203217 16.19283867 104.40922546
v -57.73711777 21.00982285 101.83489227
v -58.05683899 16.33073425 104.71410370
v -57.89048004 21.15430260 102.15399933
v -58.27346420 16.46250916 105.00578308
v -58.07529068 21.29219627 102.45887756
v -58.81342316 16.73054314 105.59986877
v -59.41207886 16.97336960 106.13897705
v -59.17414856 21.83681297 103.66601562
v -60.06991577 17.19115257 106.62348175
v -59.67203903 22.02010918 104.07334137
v -60.77402115 17.37961388 107.04385376
v -60.11222839 28.57065392 101.45094299
v -59.45439148 28.35287094 100.96644592
v -59.67745590 23.47668648 103.41125488
v -61.52488327 17.53891563 107.40045929
v -60.81633377 28.75911522 101.87131500
v -61.57133484 17.55024719 107.42576599
v -61.56719589 28.91841888 102.22792053
v -61.61068726 17.56348991 107.45521545
v -61.61366272 28.92975616 102.25324249
v -61.64294052 17.57864189 107.48881531
v -61.65302658 28.94300461 102.28270721
v -61.66837692 17.59611893 107.52747345
v -61.68528748 28.95816231 102.31632233
v -61.68698883 17.61590004 107.57114410
v -61.71072388 28.97564507 102.35499573
v -61.69768906 17.63640785 107.61634827
v -61.72932053 28.99543381 102.39868164
v -61.69949722 17.65664864 107.66089630
v -61.74000931 29.01594543 102.44389343
v -61.69263458 17.67756081 107.70684814
v -61.74180603 29.03619003 102.48844147
v -61.67794800 17.69779396 107.75123596
v -61.73492813 29.05710030 102.53439331
v -61.65600967 17.71597672 107.79106140
v -61.72022629 29.07733154 102.57878113
v -61.62568283 17.73292732 107.82810211
v -61.69827652 29.09551048 102.61859131
v -61.58885956 17.74790382 107.86074829
v -61.66794586 29.11245537 102.65562439
v -61.54810715 17.75963974 107.88623810
v -61.63111877 29.12742424 102.68825531
v -61.50345612 17.76812172 107.90452576
v -61.59037399 29.13915443 102.71372223
v -61.45423508 17.77367783 107.91635132
v -61.54573059 29.14763069 102.73200989
v -61.40044403 17.77631187 107.92170715
v -61.49652863 29.15318489 102.74382019
v -55.59793091 29.17754745 102.74916840
v -61.44275665 29.15581322 102.74916840
v -55.54349899 14.53812313 100.74982452
v -55.57530594 23.09305954 100.74982452
v -55.52949905 10.77400970 100.74982452
v -43.46294785 14.21057415 100.74982452
v -47.61508179 21.71995735 100.74982452
v -47.07442093 21.59775162 100.74982452
v -46.55575562 21.42561150 100.74982452
v -46.05740356 21.20251846 100.74982452
v -45.58021164 20.92898178 100.74982452
v -45.13600159 20.61204529 100.74982452
v -44.72349548 20.25020409 100.74982452
v -44.34989929 19.85091019 100.74982452
v -44.01831436 19.41609955 100.74982452
v -43.73013687 18.94915962 100.74982452
v -43.49151230 18.45842934 100.74982452
v -43.30117035 17.94240379 100.74982452
v -43.16408157 17.41391373 100.74982452
v -43.08061218 16.87387085 100.74982452
v -43.05003738 16.32045174 100.74982452
v -43.07629776 15.77313805 100.74982452
v -43.15346146 15.23996544 100.74982452
v -43.28180313 14.72033501 100.74982452
v -55.57179260 22.14744568 87.28283691
v -55.52949905 10.77400970 94.90000153
v -70.77529907 22.93471527 89.13919067
v -65.07485962 22.95591164 89.13919067
v -64.41298676 22.97242737 89.17011261
v -57.55188751 27.12324715 98.24572754
v -55.57530594 23.09305954 94.90000153
v -57.49908829 26.96674728 97.90099335
v -57.48047638 26.80706215 97.54953766
v -57.49966812 26.63958931 97.18125916
v -57.55628586 26.47548485 96.82069397
v -57.65078354 26.31421471 96.46667480
v -57.78293228 26.15604782 96.11978912
v -57.94947052 26.00488853 95.78860474
v -58.15017319 25.86100769 95.47370911
v -58.38548660 25.72386932 95.17393494
v -58.42546463 25.44995117 94.57164001
v -58.52643204 25.18315315 93.98551941
v -58.68872070 24.92318344 93.41491699
v -58.91431808 24.66822433 92.85585785
v -59.19757080 24.42342186 92.31961060
v -59.53445435 24.19305229 91.81555939
v -59.92718124 23.97519302 91.33948517
v -60.36556625 23.77507210 90.90280914
v -60.84920883 23.59368515 90.50771332
v -61.37570572 23.43119621 90.15454865
v -61.93242264 23.29181671 89.85247040
v -62.52400208 23.17463493 89.59951019
v -63.14010239 23.08131027 89.39923859
v -63.76830673 23.01418304 89.25669861
v -55.51462555 6.77403736 100.74982452
v -65.05641174 17.99444962 91.39441681
v -64.39448547 18.01096916 91.42534637
v -70.75685120 17.97325325 91.39441681
v -58.85573959 28.11004448 100.42733002
v -58.31577682 27.84201241 99.83324432
v -58.09915161 27.71023560 99.54156494
v -57.91434479 27.57234001 99.23668671
v -57.76098251 27.42786217 98.91757965
v -57.63924789 27.27703094 98.58476257
v -59.17956543 23.29339027 103.00392914
v -58.71855545 23.09425926 102.56207275
v -58.29732895 22.88054848 102.08847046
v -58.08070374 22.74877357 101.79679108
v -57.89589691 22.61087799 101.49191284
v -57.74253464 22.46639824 101.17280579
v -57.62079620 22.31556702 100.83998871
v -57.53343582 22.16178513 100.50095367
v -57.48064041 22.00528526 100.15621948
v -57.46202850 21.84560013 99.80476379
v -57.48121643 21.67812729 99.43648529
v -57.53783798 21.51402283 99.07592010
v -57.63233566 21.35275269 98.72190094
v -57.76448441 21.19458389 98.37501526
v -57.93102264 21.04342461 98.04383087
v -58.13172531 20.89954376 97.72893524
v -58.36703873 20.76240540 97.42916107
v -58.50796127 20.22173309 96.24083710
v -58.40700531 20.48851013 96.82691956
v -58.67023087 19.96177483 95.67026520
v -58.89580154 19.70682716 95.11122894
v -59.17902374 19.46203232 94.57499695
v -59.51588440 19.23166275 94.07094574
v -59.90858841 19.01380348 93.59487152
v -60.34695435 18.81367683 93.15818024
v -60.83058548 18.63228226 92.76306915
v -61.35707855 18.46978378 92.40988159
v -61.91379929 18.33039284 92.10778046
v -62.50539017 18.21319962 91.85479736
v -63.12152100 18.11986351 91.65450287
v -63.74975967 18.05272865 91.51194000
v -58.59976196 20.51878357 96.89509583
v -58.56681824 20.78049660 97.47058868
v -58.69404221 20.25768089 96.32144928
v -59.06363678 19.75503349 95.21865082
v -58.84796906 20.00379944 95.76416779
v -59.33554840 19.51588249 94.69474792
v -59.65924454 19.29117775 94.20304871
v -60.03694534 19.07885361 93.73902893
v -60.46039200 18.88340378 93.31250763
v -60.93002701 18.70537758 92.92469025
v -61.44281006 18.54536438 92.57685852
v -61.98598480 18.40807915 92.27928162
v -62.56446075 18.29255867 92.02986908
v -63.16719818 18.20050812 91.83229065
v -63.78104401 18.13438988 91.69185638
v -64.41063690 18.09333801 91.60668945
v -65.05672455 18.07720947 91.57649231
v -71.13474274 18.01120567 91.48100281
v -71.51005554 18.05321312 91.57649231
v -74.07511139 23.00520706 89.32126617
v -64.42852020 23.05491257 89.35170746
v -65.07517242 23.03867149 89.32126617
v -71.12932587 16.55462837 92.14308929
v -58.68769836 21.30234337 98.61963654
v -58.59658432 21.04191208 98.04594421
v -59.05095291 21.80329323 99.72468567
v -58.83857346 21.55546951 99.17774200
v -59.64303589 22.26576424 100.74696350
v -59.32028198 22.04154396 100.25104523
v -64.42913818 23.44542885 103.38136292
v -65.07672119 23.45660973 103.41125488
v -63.79682159 23.40873909 103.29547119
v -63.17893982 23.34640121 103.15326691
v -62.57035065 23.25757027 102.95286560
v -61.98565674 23.14464378 102.69964600
v -61.43718719 23.00918961 102.39716339
v -60.91951370 22.85025978 102.04328918
v -60.44631195 22.67297554 101.64939117
v -60.02108765 22.47792435 101.21680450
v -65.08163452 24.77663231 102.81124115
v -65.07131195 22.00003433 104.07334137
v -70.16220093 24.75774002 102.81124115
v -63.80507278 24.72884369 102.69566345
v -64.43493652 24.76520348 102.78080750
v -63.19133377 24.66742706 102.55552673
v -62.58938599 24.58016014 102.35861969
v -62.01153183 24.46928596 102.10996246
v -61.46800613 24.33637810 101.81312561
v -60.95421219 24.18056870 101.46614075
v -60.48264694 24.00595093 101.07813263
v -60.05569077 23.81267548 100.64943695
v -59.67373276 23.60173035 100.18223572
v -59.34680557 23.37823486 99.68787384
v -59.07276154 23.14030075 99.16217804
v -58.85551453 22.89214516 98.61446381
v -58.70061493 22.63883400 98.05591583
v -58.60610962 22.37858200 97.48259735
v -58.57167816 22.11110115 96.89385986
v -58.61765289 25.48483276 94.64995575
v -58.57506180 23.02146149 96.48005676
v -58.58182907 24.84189606 95.65258026
v -58.58521652 25.75254250 95.23864746
v -58.71020889 25.22390556 94.07667542
v -58.86320114 24.96946526 93.51816559
v -59.07856750 24.71970940 92.97046661
v -59.35081100 24.47974968 92.44478607
v -59.67603683 24.25383377 91.95043182
v -60.05639267 24.04005051 91.48322296
v -60.48188019 23.84360123 91.05451965
v -60.95212555 23.66547394 90.66648865
v -61.46473694 23.50583649 90.31948090
v -62.00726700 23.36888123 90.02262115
v -62.58429337 23.25370026 89.77394867
v -63.79890060 23.09596062 89.43685913
v -63.18560028 23.16194916 89.57701111
v -65.03285980 11.65916920 94.49379730
v -74.03279877 11.62570477 94.49379730
v -65.12734985 26.96993256 97.97040558
v -64.53871918 26.95092392 97.92376709
v -64.83357239 26.96655273 97.96056366
v -74.67778778 11.63706493 94.52407074
v -74.28839874 29.62440681 103.88514709
v -74.72009277 23.01656723 89.35153198
v -65.42401886 26.96101379 97.95320892
v -65.71960449 26.94011307 97.90964508
v -66.00582886 26.90749168 97.84021759
v -66.28184509 26.86317635 97.74498749
v -66.55000305 26.80709267 97.62379456
v -66.81030273 26.73923874 97.47664642
v -71.49668121 29.48530006 103.55627441
v -72.42386627 29.57012749 103.75048065
v -73.35348511 29.61654091 103.86019135
v -73.31133270 18.23704147 109.03273773
v -74.24629974 18.24490166 109.05767822
v -64.38626099 11.67540741 94.52423096
v -72.38163757 18.19062996 108.92302704
v -71.45436859 18.10579681 108.72881317
v -66.76799011 15.35973740 102.64918518
v -66.50769043 15.42758942 102.79633331
v -66.23953247 15.48367310 102.91751862
v -65.96351624 15.52798939 103.01275635
v -65.67729187 15.56061077 103.08218384
v -65.38170624 15.58151054 103.12574768
v -65.08503723 15.59042931 103.14293671
v -64.79125977 15.58704948 103.13310242
v -63.75668716 11.71644974 94.60937500
v -63.14342117 11.78242970 94.74951172
v -62.54214096 11.87417030 94.94642639
v -61.96512604 11.98933887 95.19507599
v -61.42260361 12.12628365 95.49191284
v -60.90998459 12.28591156 95.83889771
v -60.43972778 12.46403027 96.22690582
v -60.01422119 12.66047478 96.65560150
v -59.63384247 12.87425613 97.12281036
v -59.30858994 13.10017586 97.61716461
v -59.03631973 13.34014130 98.14286041
v -58.82092667 13.58990669 98.69057465
v -58.66791534 13.84436226 99.24912262
v -58.57534790 14.10530853 99.82244110
v -58.55644608 18.01448059 98.75597382
v -58.59637070 19.60654449 98.75473022
v -58.59086990 18.28194046 99.34465790
v -58.69258881 19.86693764 99.32838440
v -58.68536377 18.54217148 99.91793823
v -58.84840012 20.11966896 99.88565826
v -58.84024048 18.79546738 100.47645569
v -59.06591034 20.36682320 100.43117523
v -59.05746078 19.04361343 101.02414703
v -59.33959579 20.60394478 100.95507812
v -59.33148193 19.28154182 101.54982758
v -59.66495514 20.82623672 101.44677734
v -59.65837860 19.50503540 102.04418182
v -60.04421997 21.03574753 101.91079712
v -60.46910858 21.22804260 102.33732605
v -60.04031372 19.71598434 102.51139069
v -60.94005585 21.40257072 102.72513580
v -60.46725082 19.90926361 102.94009399
v -61.45401382 21.55876732 103.07296753
v -60.93880463 20.08388901 103.32812500
v -61.99819565 21.69200897 103.37055206
v -61.45259476 20.23970985 103.67513275
v -62.57751465 21.80322266 103.61995697
v -61.99612427 20.37262535 103.97199249
v -63.18091965 21.89078903 103.81753540
v -62.57399368 20.48351288 104.22067261
v -63.79523849 21.95234108 103.95797729
v -63.78974152 20.63221550 104.55775452
v -63.17596817 20.57078934 104.41760254
v -64.42511749 21.98871040 104.04313660
v -64.41964722 20.66857910 104.64291382
v -65.06639862 20.68001175 104.67335510
v -48.52954865 10.80003834 94.90000153
v -47.98249435 10.83035946 100.74982452
v -48.52954865 10.80003834 100.74982452
v -43.69226456 13.72110367 100.74982452
v -43.96647644 13.26059151 100.74982452
v -44.28739166 12.82514572 100.74982452
v -44.64656830 12.42535019 100.74982452
v -45.04368973 12.06322765 100.74982452
v -45.47674179 11.73910618 100.74982452
v -45.93519592 11.46149826 100.74982452
v -46.42293549 11.22857189 100.74982452
v -46.93131638 11.04366016 100.74982452
v -47.44994736 10.91147614 100.74982452
v -47.61508179 21.71995735 94.90000153
v -47.98244858 10.83036613 94.90000153
v -46.55581665 21.42563820 94.90000153
v -47.07445526 21.59776306 94.90000153
v -46.05748749 21.20256042 94.90000153
v -45.58030701 20.92904282 94.90000153
v -45.13610077 20.61212349 94.90000153
v -44.72359467 20.25029945 94.90000153
v -44.34998703 19.85101509 94.90000153
v -44.01839066 19.41621017 94.90000153
v -43.73019791 18.94927025 94.90000153
v -43.49155807 18.45853233 94.90000153
v -43.30119705 17.94249153 94.90000153
v -43.16409683 17.41397858 94.90000153
v -43.08061981 16.87390709 94.90000153
v -43.05003738 16.32045174 94.90000153
v -43.15344620 15.24004936 94.90000153
v -43.07629013 15.77318382 94.90000153
v -43.28176880 14.72044849 94.90000153
v -43.46289444 14.21070862 94.90000153
v -43.69218826 13.72125149 94.90000153
v -43.96637726 13.26074409 94.90000153
v -44.28726959 12.82529354 94.90000153
v -44.64643097 12.42548943 94.90000153
v -45.04354095 12.06335068 94.90000153
v -45.47658920 11.73920727 94.90000153
v -45.93505096 11.46157837 94.90000153
v -46.42280197 11.22862816 94.90000153
v -46.93120193 11.04369450 94.90000153
v -47.44986343 10.91149521 94.90000153
v -70.14696503 20.66111946 104.67335510
v -65.60291290 21.39484596 106.25036621
v -64.78612518 21.40318871 106.26203918
v -70.39950562 27.64404678 101.49888611
v -70.14462280 20.03167152 104.95946503
v -69.47361755 20.22994804 105.39018250
v -66.41900635 21.35306740 106.16513062
v -67.21731567 21.27821350 106.00698090
v -68.00096893 21.17016029 105.77568054
v -68.75132751 21.03119278 105.47608948
v -69.46565247 20.86163139 105.10890198
v -69.60756683 17.93229294 105.91463470
v -69.48222351 19.97078896 104.98825836
v -69.60674286 17.71103668 106.01520538
v -70.36339569 17.77316475 105.98568726
v -65.05624390 17.94921684 105.91463470
v -68.82913971 19.91768456 105.01350403
v -68.18566895 19.87230682 105.03521729
v -68.75876617 20.39976883 105.75793457
v -67.55364990 19.83435249 105.05353546
v -66.92789459 19.80468559 105.06807709
v -68.00717926 20.53944588 106.05908203
v -66.30324554 19.78417397 105.07846069
v -67.22629547 20.64759636 106.29061890
v -65.68151855 19.77251244 105.08480835
v -66.42386627 20.72314835 106.45026398
v -65.06301880 19.76965141 105.08715820
v -65.60784912 20.76535034 106.53643799
v -64.73729706 17.94716263 105.90750122
v -64.41909027 17.93863297 105.88613892
v -64.42585754 19.75906944 105.05866241
v -64.78633881 20.77378273 106.54827118
v -65.38990021 17.94429016 105.90652466
v -64.94760132 15.93939304 102.98309326
v -65.09638977 15.93938923 102.98429871
v -68.78266144 17.44892693 104.84448242
v -68.50450897 17.52613640 105.01206970
v -68.21968079 17.59699631 105.16562653
v -67.92816925 17.66150284 105.30516052
v -67.62997437 17.71965790 105.43065643
v -67.32387543 17.77162552 105.54248810
v -67.01027679 17.81735229 105.64051819
v -66.69162750 17.85650826 105.72405243
v -66.37039185 17.88876343 105.79238892
v -66.04696655 17.91406250 105.84539795
v -65.72013855 17.93257141 105.88344574
v -70.05653381 17.92513084 106.62149048
v -71.14967346 27.58711624 101.52349854
v -71.11413574 17.82452583 105.96106720
v -71.89469147 27.54052734 101.54341888
v -71.85910034 17.86555099 105.94116211
v -70.98123932 18.33630943 107.88126373
v -70.51472473 18.13335419 107.24364471
v -72.44963074 27.51309395 101.55494690
v -72.41382599 17.88883400 105.92964172
v -71.45596313 18.53459358 108.53390503
v -72.96487427 17.90476227 105.92147064
v -71.91165924 18.58157921 108.64099884
v -73.00068665 27.49305916 101.56312561
v -73.51232147 17.91362381 105.91651917
v -72.83760071 18.64722443 108.79299164
v -72.37258148 18.61915398 108.72743225
v -74.09172821 27.47424698 101.56983185
v -74.05618286 17.91546631 105.91476440
v -73.30558014 18.66572380 108.83751678
v -73.54804230 27.48012543 101.56807709
v -74.41065216 27.46982193 101.56270599
v -74.65602875 17.90175629 105.88950348
v -74.24582672 18.67384720 108.86308289
v -73.77537537 18.67460442 108.86090088
v -73.81449890 29.19651413 104.07817841
v -74.28495026 29.19575691 104.08036041
v -72.87672424 29.16913223 104.01026917
v -73.34470367 29.18763161 104.05479431
v -72.41170502 29.14106178 103.94470978
v -71.49508667 29.05650330 103.75118256
v -71.95078278 29.10348701 103.85827637
v -71.01596069 28.69526482 103.16666412
v -70.54765320 28.35032845 102.59160614
v -69.64310455 27.49050331 101.56996155
v -69.64392853 27.71175957 101.46939087
v -70.09027863 28.02229309 102.02588654
v -70.16453552 25.38718987 102.52512360
v -68.81819916 27.00713730 100.49981689
v -65.08502197 25.68699265 102.39743805
v -65.09178925 27.50742722 101.56996155
v -65.42543793 27.50250053 101.56185150
v -65.70371246 25.67952538 102.39978790
v -66.32555389 25.66323090 102.40614319
v -66.95025635 25.63805771 102.41652679
v -67.57606506 25.60370827 102.43108368
v -68.20795441 25.56103134 102.44940948
v -68.85092926 25.51087761 102.47112274
v -69.50321198 25.45294571 102.49635315
v -68.54005432 27.08434677 100.66739655
v -65.75567627 27.49078178 101.53877258
v -66.08251190 27.47227287 101.50072479
v -66.40592957 27.44697380 101.44771576
v -66.72717285 27.41471863 101.37937927
v -67.04581451 27.37556267 101.29584503
v -67.35941315 27.32983780 101.19781494
v -67.66551971 27.27786827 101.08599091
v -67.96370697 27.21971321 100.96048737
v -68.25521851 27.15520668 100.82096100
v -64.44786072 25.67641068 102.36894226
v -64.77283478 27.50537300 101.56283569
v -64.98731995 26.62089920 98.12783051
v -65.13610840 26.62089539 98.12903595
v -65.62776184 26.12086678 104.10208893
v -64.80625916 26.12930107 104.11392975
v -66.44377899 26.07866478 104.01592255
v -67.24620819 26.00311470 103.85627747
v -68.02709198 25.89496422 103.62473297
v -68.77867889 25.75528526 103.32359314
v -69.49353027 25.58546638 102.95584106
v -69.48088837 24.95825195 103.24678802
v -64.80136108 25.49981117 104.39992523
v -68.76656342 25.12781525 103.61397552
v -68.01620483 25.26678085 103.91356659
v -67.23255157 25.37483406 104.14486694
v -66.43423462 25.44968796 104.30301666
v -65.61814117 25.49146652 104.38825226
v -63.98512268 25.47424889 104.33701324
v -63.17948914 25.41563797 104.20148468
v -62.39471436 25.32417679 103.99385071
v -61.63171005 25.20044518 103.71540070
v -60.90677643 25.04653740 103.37087250
v -60.21696472 24.86201477 102.95928192
v -59.57886887 24.65098953 102.48981476
v -58.99493790 24.41404915 101.96376801
v -58.46245956 24.15054512 101.37970734
v -58.34862900 23.11072350 96.77440643
v -58.44446182 22.17980576 97.04396820
v -58.61410904 25.10541534 96.23258209
v -58.60734177 23.28498077 97.06005859
v -58.59015274 24.97384453 95.94293213
v -58.70867538 25.36616516 96.80699921
v -58.70190811 23.54573059 97.63447571
v -57.98752213 23.32024384 97.41155243
v -58.65365219 25.23629570 96.52083588
v -58.15220642 23.21072769 97.08579254
v -58.86462021 25.62163353 97.37030029
v -58.85784912 23.80119896 98.19777679
v -57.75886536 23.56253052 98.09473419
v -58.77905655 25.49471474 97.09038544
v -57.85604095 23.43790436 97.74881744
v -59.08043671 25.86935997 97.91706085
v -59.07366943 24.04892540 98.74453735
v -57.67049026 23.82783318 98.80086517
v -58.96516037 25.74661636 97.64608765
v -57.69681549 23.69299126 98.44642639
v -59.35405350 26.10695839 98.44200897
v -59.34728241 24.28652382 99.26948547
v -57.72570419 24.10527802 99.50510406
v -59.21017075 25.98957062 98.18258667
v -57.68014526 23.96570206 99.15481567
v -59.68282700 26.33213997 98.94010162
v -59.67605972 24.51170540 99.76757812
v -57.92251587 24.38385391 100.18232727
v -59.51173019 26.22123909 98.69471741
v -57.80676651 24.24514008 99.84871674
v -60.06359863 26.54273796 99.40652466
v -60.05682755 24.72230339 100.23400116
v -58.25308228 24.65250969 100.80744171
v -59.86693192 26.43939209 99.17755890
v -58.07175446 24.52006149 100.50279999
v -60.49269485 26.73672295 99.83679962
v -60.48592758 24.91628838 100.66427612
v -58.98872375 25.04028511 101.67051697
v -60.27235413 26.64192772 99.62644958
v -58.46480179 24.77999306 101.09358978
v -60.96598816 26.91222572 100.22677612
v -60.95922089 25.09179115 101.05425262
v -59.57300186 25.27752686 102.19722748
v -60.72409439 26.82689476 100.03707123
v -61.47891998 27.06755829 100.57270050
v -61.47215271 25.24712372 101.40017700
v -60.21184158 25.48936653 102.66849518
v -61.21780014 26.99251175 100.40546417
v -62.02655029 27.20122337 100.87124634
v -62.01977921 25.38078880 101.69872284
v -60.89890671 25.67370033 103.07965088
v -61.74871826 27.13718605 100.72808838
v -62.60359955 27.31193542 101.11952972
v -62.59683228 25.49150085 101.94700623
v -61.62738419 25.82870293 103.42661285
v -62.31173706 27.25952148 101.00183105
v -63.20452118 27.39862633 101.31516266
v -63.19775009 25.57818985 102.14263916
v -62.39004517 25.95283508 103.70594025
v -62.90143204 27.35834122 101.22405243
v -63.82351685 27.46046066 101.45626068
v -63.81674957 25.64002609 102.28373718
v -63.17932892 26.04486656 103.91486359
v -63.51212692 27.43269348 101.39262390
v -64.45463562 27.49684525 101.54146576
v -63.98740387 26.10388374 104.05130768
v -64.13793945 27.48186111 101.50591278
v -64.83877563 26.61785126 98.11991119
v -64.69083405 26.61175919 98.10529327
v -64.54385376 26.60263824 98.08402252
v -64.39820099 26.59050941 98.05615234
v -64.25423431 26.57540512 98.02174377
v -64.11231232 26.55735970 97.98088837
v -63.97277451 26.53641891 97.93367767
v -63.83596802 26.51263428 97.88023376
v -63.70222855 26.48606491 97.82068634
v -63.57188416 26.45677567 97.75518036
v -63.44525528 26.42483711 97.68387604
v -63.32265854 26.39032936 97.60695648
v -63.20438766 26.35333633 97.52460480
v -63.09073639 26.31394768 97.43702698
v -62.98198700 26.27226448 97.34443665
v -62.87839890 26.22838593 97.24705505
v -62.78023529 26.18241882 97.14512634
v -62.68773651 26.13447952 97.03890228
v -62.60112381 26.08468437 96.92864227
v -62.52061462 26.03315544 96.81462097
v -62.44640350 25.98001862 96.69711304
v -62.37867737 25.92540550 96.57641602
v -62.31760025 25.86945152 96.45281219
v -62.26332474 25.81229210 96.32662201
v -62.21598053 25.75406837 96.19814301
v -62.17568588 25.69492340 96.06769562
v -62.14253998 25.63500404 95.93560028
v -62.11662292 25.57445526 95.80218506
v -62.09799957 25.51342773 95.66777039
v -62.08671570 25.45207024 95.53269196
v -62.08409500 25.73953056 95.23864746
v -62.08279800 25.39053345 95.39728546
v -62.60820007 26.43707085 96.77750397
v -62.10160828 25.86614799 95.51734161
v -62.14694595 25.98854256 95.78697968
v -62.22010040 26.10671806 96.04756165
v -62.32229996 26.22150040 96.30091858
v -62.45310211 26.33259201 96.54638672
v -63.21020508 26.70372391 97.36906433
v -62.78590775 26.53342247 96.99093628
v -62.98843384 26.62300110 97.18965912
v -63.97329330 26.88520050 97.77455139
v -63.44743729 26.77396965 97.52554321
v -63.70378876 26.83485222 97.66158295
v -64.25016022 26.92370033 97.86151886
v -81.72062683 26.11928368 96.23472595
v -81.71762085 28.00952530 100.39321136
v -81.60057068 28.07634544 100.53925323
v -81.60009003 27.86178398 100.63635254
v -81.48357391 25.99223137 95.95327759
v -80.98093414 28.37689400 101.19538116
v -80.98799133 27.94497871 101.38350677
v -81.30255890 27.79925156 101.06547546
v -81.82589722 27.94130325 100.24400330
v -81.71472168 27.58158493 100.59116364
v -81.59942627 27.64731026 100.73364258
v -81.92788696 26.25581360 96.53678894
v -81.92539978 27.87167549 100.09163666
v -81.82221985 27.51278687 100.44419098
v -82.01612854 27.80064392 99.93611145
v -81.92167664 27.44105911 100.29304504
v -82.10002899 26.39848328 96.85206604
v -82.09809113 27.72820663 99.77742004
v -82.01290131 27.36653137 100.13800049
v -82.17131042 27.65431213 99.61545563
v -82.16973877 27.20983315 99.81786346
v -82.09566498 27.28938866 99.97946167
v -82.23837280 26.54881477 97.18392181
v -82.29228210 27.50081825 99.27876282
v -82.29121399 27.04408646 99.48679352
v -82.34146118 26.70425224 97.52672577
v -82.37762451 27.34267807 98.93154907
v -82.37613678 26.87083054 99.14806366
v -82.40655518 26.86155891 97.87332916
v -82.42498779 27.18379784 98.58240509
v -82.42370605 26.69155121 98.80486298
v -82.43440247 27.02255249 98.22774506
v -82.43340302 26.50775337 98.46038055
v -82.40512085 26.32108498 98.11808014
v -82.33905029 26.13306999 97.78117371
v -82.23574066 25.94527054 97.45293427
v -82.09619141 25.75940132 97.13684082
v -81.92175293 25.57697868 96.83601379
v -81.71382904 25.39932251 96.55319214
v -81.35535431 25.93321419 95.82238770
v -81.47407532 25.22766113 96.29093170
v -81.59773254 25.31259727 96.41921997
v -81.22009277 25.87681961 95.69721222
v -81.34354401 25.14491653 96.16898346
v -81.07770538 25.82300377 95.57765961
v -81.20632172 25.06434631 96.05337524
v -80.92819214 25.77176666 95.46371460
v -81.06158447 24.98560905 95.94380951
v -80.30416870 28.64732361 101.78479004
v -80.77156067 25.72310638 95.35537720
v -80.90891266 24.90857315 95.84025574
v -80.60781097 25.67702484 95.25266266
v -80.74887085 24.83346558 95.74307251
v -129.03854370 11.76201057 96.38240051
v -129.35841370 10.90706062 94.40120697
v -128.91839600 10.85735607 94.41748047
v -80.58496857 25.65983582 95.21466064
v -80.60663605 25.37264633 95.39030457
v -129.58106995 11.83426285 96.34745789
v -80.54811096 25.39312935 94.62760925
v -80.58383179 25.35470200 95.35277557
v -80.45153809 25.13369942 94.05607605
v -80.50573730 14.01336765 99.79957581
v -80.58270264 25.05093384 95.49006653
v -80.54265594 14.28003120 100.38652802
v -80.54434204 14.73442745 100.18005371
v -80.29494476 24.88125610 93.49942780
v -80.40911865 13.75397873 99.22813416
v -80.07637024 24.63403320 92.95375061
v -80.25249481 13.50157547 98.67156219
v -79.56780243 28.88824654 102.30879211
v -79.80136108 24.39704895 92.43013763
v -80.03391266 13.25438786 98.12596893
v -79.47383118 24.17448616 91.93782043
v -79.75890350 13.01743603 97.60243225
v -78.77143860 29.09975815 102.76760101
v -79.09163666 23.96446991 91.47266388
v -79.43138123 12.79490185 97.11017609
v -78.66475677 23.77207184 91.04589844
v -79.04920197 12.58490753 96.64506531
v -77.93547821 29.27679634 103.15024567
v -78.19358826 23.59827232 90.65969086
v -78.62234497 12.39253044 96.21834564
v -77.68050385 23.44321823 90.31437683
v -78.15120697 12.21874619 95.83217621
v -77.05805969 29.41916084 103.45626068
v -77.13790894 23.31096458 90.01898193
v -77.63813782 12.06370258 95.48687744
v -76.56124115 23.20064926 89.77157593
v -77.09556580 11.93145657 95.19150543
v -76.15188599 29.52549744 103.68279266
v -75.96065521 23.11383438 89.57566833
v -76.51891327 11.82114601 94.94410706
v -75.22906494 29.59370422 103.82529449
v -75.34837341 23.05273247 89.43623352
v -75.91834259 11.73433113 94.74819946
v -75.30606842 11.67323208 94.60877228
v -65.43292236 26.61174011 98.11132812
v -65.28475952 26.61783981 98.12352753
v -65.72631073 26.59047699 98.06694031
v -65.58023071 26.60261154 98.09244537
v -66.01338959 26.55731201 97.99633026
v -65.87081909 26.57536316 98.03488159
v -66.29132843 26.51257324 97.90018463
v -66.15367126 26.53636551 97.95139313
v -66.55740356 26.45669937 97.77943420
v -66.42601776 26.48599625 97.84281158
v -66.80900574 26.39024162 97.63528442
v -66.68517303 26.42475510 97.71020508
v -74.75491333 29.18536186 104.06134033
v -75.68874359 29.13578796 103.95991516
v -75.22322845 29.16535568 104.02115631
v -76.60683441 29.04827499 103.77490234
v -76.15032196 29.09672928 103.87776184
v -77.05715942 28.99054718 103.65158081
v -77.93484497 28.84785271 103.34484100
v -77.50019073 28.92368507 103.50811005
v -78.77476501 28.67004395 102.96053314
v -78.36004639 28.76323700 103.16216278
v -79.56870270 28.45886421 102.50243378
v -79.17798615 28.56850243 102.74044037
v -80.30886078 28.21638298 101.97503662
v -79.94596863 28.34139442 102.24708557
v -80.65648651 28.08413506 101.68693542
v -80.60586548 25.07043076 95.52761078
v -80.58168030 24.75973129 95.65102386
v -80.57439423 24.89190865 95.94175720
v -80.54603577 15.19041538 99.97277832
v -80.51970673 15.44818211 100.53964996
v -79.11260223 26.47219276 99.40639496
v -79.30849457 26.36738777 99.17742920
v -79.49179840 26.25876808 98.93997192
v -79.66206360 26.14659882 98.69458771
v -79.81888580 26.03115273 98.44189453
v -79.96186829 25.91271400 98.18249512
v -80.09069061 25.79155922 97.91701508
v -80.20504761 25.66796875 97.64604950
v -80.30467224 25.54222679 97.37023926
v -80.38932800 25.41462517 97.09020996
v -80.45878601 25.28547859 96.80665588
v -80.51286316 25.15509987 96.52026367
v -80.55143738 25.02380371 96.23173523
v -80.43698120 15.69695187 101.08625793
v -80.30133057 15.93773174 101.61486053
v -80.11154175 16.17408371 102.13327789
v -79.86994934 16.40237045 102.63353729
v -79.57863617 16.62060928 103.11127472
v -79.24012756 16.82691765 103.56237793
v -78.85729980 17.01955032 103.98303223
v -78.90458679 26.57293129 99.62631989
v -78.68495941 26.66936302 99.83666992
v -78.43341064 17.19687271 104.36967468
v -78.45423889 26.76125336 100.03694153
v -77.97206879 17.35737228 104.71899414
v -78.21298218 26.84838104 100.22664642
v -77.96177673 26.93053818 100.40533447
v -77.47720337 17.49968147 105.02803040
v -77.70122528 27.00752449 100.57257080
v -77.43194580 27.07915497 100.72795868
v -76.95304871 17.62257957 105.29411316
v -77.15460205 27.14525795 100.87111664
v -76.86985779 27.20567322 101.00170135
v -76.40409088 17.72501755 105.51498413
v -76.57839203 27.26025772 101.11940002
v -76.28090668 27.30887604 101.22392273
v -75.83500671 17.80612373 105.68875885
v -75.97813416 27.35141373 101.31503296
v -75.67078400 27.38776779 101.39249420
v -75.25065613 17.86520386 105.81395721
v -75.35961151 27.41785049 101.45613098
v -75.04535675 27.44158936 101.50578308
v -74.72878265 27.45892715 101.54133606
v -75.18410492 18.64344788 108.80387878
v -74.71578979 18.66345406 108.84406281
v -76.11119843 18.57481956 108.66048431
v -75.64962006 18.61387825 108.74263763
v -77.01803589 18.46863937 108.43430328
v -76.56771088 18.52636719 108.55761719
v -77.89572144 18.32594299 108.12755585
v -77.46106720 18.40177536 108.29083252
v -78.32093048 18.24132729 107.94487762
v -79.13886261 18.04659462 107.52316284
v -78.73564911 18.14813423 107.74324799
v -79.90685272 17.81948471 107.02980804
v -79.52957916 17.93695450 107.28514862
v -80.61736298 17.56222725 106.46965027
v -80.26973724 17.69447327 106.75775146
v -81.26344299 17.27734184 105.84819794
v -80.94886780 17.42306900 106.16622162
v -81.67595673 17.06030655 105.37287903
v -81.56031036 17.12540054 105.51635742
v -82.13182068 16.71847725 104.58358765
v -81.78374481 16.99391937 105.22416687
v -81.88343811 16.92639160 105.07054901
v -81.97480774 16.85787392 104.91236115
v -82.05766296 16.78852081 104.74993896
v -82.33821106 16.43434334 103.88528442
v -82.25337982 16.57672501 104.23989105
v -82.36610413 16.02019882 102.79502869
v -82.38554382 16.29331017 103.52451324
v -82.39477539 16.15480232 103.16001129
v -82.19635010 15.76771069 102.07508087
v -82.30002594 15.89085484 102.43280029
v -81.88429260 15.54818916 101.39466858
v -82.05697632 15.65291786 101.72751617
v -81.31398010 15.33547020 100.63710022
v -81.67901611 15.45406055 101.07736206
v -81.44292450 15.37180328 100.77864838
v -80.56809998 14.90181828 100.15010071
v -81.17797852 15.30238724 100.50085449
v -81.03514099 15.27262306 100.37004852
v -80.88565063 15.24624634 100.24484253
v -80.72974396 15.22332001 100.12538147
v -80.56656647 14.59940910 100.28696442
v -80.93872833 16.99735069 106.36782837
v -130.11145020 11.95554638 96.29028320
v -129.79238892 10.99895096 94.39286804
v -80.26202393 17.26776314 106.95719910
v -79.52571106 17.50867844 107.48118591
v -78.72938538 17.72019386 107.94000244
v -77.89344025 17.89724159 108.32266998
v -77.01602936 18.03961754 108.62871552
v -76.10985565 18.14596939 108.85527039
v -75.18701172 18.21418762 108.99780273
v -80.56552887 14.29722404 100.42454529
v -80.72931671 14.34330559 100.52725983
v -80.88597870 14.39196682 100.63559723
v -81.03552246 14.44320679 100.74954987
v -81.55828857 16.69683075 105.71176147
v -81.17794037 14.49702549 100.86911011
v -81.31323242 14.55342293 100.99429321
v -81.44146729 14.61244583 101.12519073
v -81.67538452 16.62999344 105.56568146
v -81.67856598 14.73951054 101.40666962
v -81.88324738 16.49211121 105.26403809
v -81.88587189 14.87605476 101.70876312
v -81.78370667 16.56175423 105.41644287
v -82.05601501 16.34861565 104.94976807
v -82.05804443 15.01874065 102.02407837
v -81.97402191 16.42106628 105.10848236
v -82.12926483 16.27470970 104.78777313
v -82.19641113 15.16909122 102.35597992
v -82.25026703 16.12120056 104.45104218
v -82.29950714 15.32454777 102.69882202
v -82.33563232 15.96304703 104.10380554
v -82.36460114 15.48187351 103.04547119
v -82.38301849 15.80415058 103.75462341
v -82.39244080 15.64288712 103.39992523
v -81.55945587 16.91103172 105.61387634
v -66.76928711 15.70873547 102.49054718
v -66.38629913 15.80449104 102.69807434
v -66.51768494 15.77519417 102.63469696
v -66.64545441 15.74324989 102.56546783
v -66.11395264 15.85485935 102.80665588
v -66.25160980 15.83106804 102.75544739
v -65.83110046 15.89385796 102.89014435
v -65.97367096 15.87580681 102.85159302
v -65.54051208 15.92110634 102.94770813
v -65.68659210 15.90897083 102.92221069
v -65.24504089 15.93633461 102.97879791
v -65.39320374 15.93023491 102.96659088
v -64.49640656 15.57142162 103.09630585
v -64.65111542 15.93025303 102.96055603
v -64.79905701 15.93634510 102.97517395
v -64.20784760 15.54419708 103.03404999
v -64.35848236 15.90900421 102.91141510
v -64.50413513 15.92113209 102.93929291
v -63.93098068 15.50569820 102.94709015
v -64.07259369 15.87585449 102.83615112
v -64.21452332 15.89389896 102.87700653
v -63.66147614 15.45535088 102.83412170
v -63.79624939 15.83112907 102.73549652
v -63.93305588 15.85491371 102.78894043
v -63.40512466 15.39446640 102.69808197
v -63.66250992 15.80455971 102.67594910
v -63.16789246 15.32422161 102.54160309
v -63.40554047 15.74333096 102.53914642
v -63.53216553 15.77526951 102.61044312
v -62.94611740 15.24349785 102.36219788
v -63.16466904 15.67183018 102.37986755
v -63.28293991 15.70882320 102.46221924
v -62.74359512 15.15391922 102.16346741
v -62.94226837 15.59075832 102.19969940
v -63.05101776 15.63244247 102.29228973
v -62.56588745 15.05756760 101.95004272
v -62.74052048 15.50091362 102.00038910
v -62.83868408 15.54687977 102.10231781
v -62.41078949 14.95309067 101.71892548
v -62.56140518 15.40317917 101.78390503
v -62.64801788 15.45297432 101.89416504
v -62.27998734 14.84199810 101.47345734
v -62.40668869 15.29851341 101.55237579
v -62.48089600 15.35164928 101.66988373
v -62.17778778 14.72721577 101.22010040
v -62.27788544 15.18794537 101.30807495
v -62.33896255 15.24390030 101.43167877
v -62.10462952 14.60904121 100.95951843
v -62.17626190 15.07256222 101.05340576
v -62.22360611 15.13078594 101.18188477
v -62.05929565 14.48664570 100.68988037
v -62.10282135 14.95349789 100.79086304
v -62.13596725 15.01341820 100.92295837
v -62.04178238 14.36002922 100.41117859
v -62.05828094 14.83192158 100.52303314
v -62.07690430 14.89294910 100.65744781
v -58.54290390 14.37303925 100.41117859
v -62.04307938 14.70902729 100.25254822
v -62.04699707 14.77056408 100.38795471
v -58.54629135 15.28368473 99.99724579
v -58.55305862 17.10412025 99.16977692
v -58.58533859 17.36763954 99.74977875
v -58.55461121 15.41563320 100.28760529
v -58.57857132 15.54720592 100.57725525
v -58.67990494 17.62838936 100.32419586
v -58.61811066 15.67808437 100.86550903
v -58.67313766 15.80795479 101.15167236
v -58.83584976 17.88385773 100.88749695
v -58.74351501 15.93650436 101.43505859
v -58.82907867 16.06342316 101.71497345
v -59.05166626 18.13158417 101.43425751
v -58.92961884 16.18840599 101.99075317
v -59.04489517 16.31114960 102.26173401
v -59.32527924 18.36918259 101.95920563
v -59.17463303 16.43136024 102.52725983
v -59.31851196 16.54874802 102.78668213
v -59.65405655 18.59436417 102.45729828
v -59.47618866 16.66302872 103.03939056
v -59.64728546 16.77392960 103.28476715
v -60.03482437 18.80496216 102.92372131
v -59.83139038 16.88118172 103.52223206
v -60.02805710 16.98452759 103.75119781
v -60.46392441 18.99894714 103.35399628
v -60.23681259 17.08371735 103.97112274
v -60.45715332 17.17851067 104.18147278
v -60.93721771 19.17444992 103.74397278
v -60.68855286 17.26868439 104.38173676
v -60.93044662 17.35401535 104.57144928
v -61.45014954 19.32978249 104.08989716
v -61.18225861 17.43430138 104.75013733
v -61.44337845 17.50934792 104.91737366
v -61.99777603 19.46344757 104.38843536
v -61.71318054 17.57897377 105.07275391
v -61.99100876 17.64301300 105.21591187
v -62.57482910 19.57415962 104.63671875
v -62.27619553 17.70130920 105.34649658
v -62.56806183 17.75372505 105.46419525
v -63.17574692 19.66084862 104.83235168
v -62.86589432 17.80012894 105.56872559
v -63.16897964 17.84041405 105.65982819
v -63.79474640 19.72268486 104.97345734
v -63.47658539 17.87448120 105.73729706
v -63.78797531 17.90225029 105.80093384
v -64.10239410 17.92365074 105.85058594
v -63.96749115 20.74836540 106.48564911
v -63.15941238 20.68934822 106.34920502
v -62.37013245 20.59731674 106.14028168
v -61.60746765 20.47318459 105.86095428
v -60.87899399 20.31818390 105.51399231
v -60.19192505 20.13384819 105.10283661
v -59.55308533 19.92200851 104.63156891
v -58.96880722 19.68476677 104.10485840
v -58.44488907 19.42447472 103.52793884
v -58.05105972 19.15203094 102.94116211
v -58.23262787 19.29363251 103.24235535
v -57.78620529 18.84151459 102.30300903
v -57.90180588 19.00090408 102.62709045
v -57.65976715 18.50355148 101.63655090
v -57.70528793 18.67525291 101.97183228
v -57.67623138 18.14939499 100.96602631
v -57.65005112 18.32775879 101.30025482
v -57.83487320 17.79091072 100.31623840
v -57.73803711 17.96999550 100.63698578
v -58.13038254 17.43899727 99.71006012
v -57.96598434 17.61346817 100.00637054
v -58.42924118 18.08317757 98.90606689
v -58.32663727 17.26880074 99.43028259
v -58.44722748 20.05392265 103.24182129
v -58.97970200 20.31742859 103.82588196
v -59.56363678 20.55436707 104.35192108
v -60.20173264 20.76539230 104.82139587
v -60.89154434 20.94991493 105.23298645
v -61.61647797 21.10382271 105.57751465
v -62.37948227 21.22755623 105.85596466
v -63.16425323 21.31901741 106.06359863
v -63.96989059 21.37762833 106.19912720
v -58.32745361 19.98371315 103.08638000
v -58.31156921 18.15354729 99.05991364
v -58.21738434 19.91195107 102.92760468
v -58.20343018 18.22558784 99.21751404
v -58.11702347 19.83863258 102.76548767
v -58.10482407 18.29929924 99.37887573
v -58.02636719 19.76376343 102.60002899
v -58.01574707 18.37468147 99.54398346
v -57.94541550 19.68733788 102.43123627
v -57.93601990 18.45202255 99.71348572
v -57.87401962 19.60907173 102.25846100
v -57.86546707 18.53158379 99.88793945
v -57.81203461 19.52869797 102.08113861
v -57.80447388 18.61277771 100.06606293
v -57.75978088 19.44680977 101.90055847
v -57.75343323 18.69498825 100.24650574
v -57.71757889 19.36402893 101.71809387
v -57.71273804 18.77760506 100.42793274
v -57.68576050 19.28096581 101.53510284
v -57.68263626 18.86040306 100.60984039
v -57.66455078 19.19785309 101.35208130
v -57.66276550 18.94435501 100.79437256
v -57.65368652 19.11371231 101.16687775
v -57.65310287 19.02900314 100.98051453
v -58.32678223 22.25018311 97.19783020
v -58.12002182 22.39594841 97.51682281
v -58.21863556 22.32222939 97.35545349
v -57.95121384 22.54868317 97.85145569
v -58.03094482 22.47133636 97.68194580
v -57.81967163 22.70944786 98.20405579
v -57.88066483 22.62825012 98.02592468
v -57.72794724 22.87428284 98.56594086
v -57.76863480 22.79166222 98.38451385
v -57.67798615 23.04103661 98.93238831
v -57.69784927 22.95708275 98.74785614
v -57.66892624 23.21039391 99.30490112
v -57.66833496 23.12568474 99.11853790
v -57.67979431 23.29453278 99.49009705
v -57.73283386 23.46070290 99.85610199
v -57.70101166 23.37764359 99.67311096
v -57.82730103 23.62536430 100.21912384
v -57.77503967 23.54348183 100.03855896
v -57.96068573 23.78399467 100.56919861
v -57.88928604 23.70573235 100.39643860
v -58.13228226 23.93527603 100.90341949
v -58.04162979 23.86041260 100.73798370
v -58.34269714 24.08034325 101.22428894
v -58.23263550 24.00858688 101.06552124
v -121.91130066 18.01228714 110.14414978
v -113.57772064 18.05010414 110.15917969
v -113.62342072 30.33996773 104.57283783
v -113.17613983 18.04348183 110.14131927
v -121.95699310 30.30214882 104.55780792
v -126.92509460 23.26387787 89.11436462
v -113.22180939 30.33334160 104.55497742
v -109.01799011 11.04043102 94.70069885
v -122.89996338 30.28025246 104.51734924
v -122.85426331 17.99039078 110.10369110
v -126.56250763 24.11842537 90.99138641
v -126.46029663 24.15388870 91.06856537
v -126.48335266 26.86514473 97.03348541
v -123.83061981 30.22377205 104.40071106
v -124.74950409 30.13265419 104.20776367
v -125.64202881 30.00834274 103.94158936
v -126.65634155 24.07903671 90.90550232
v -126.62532043 27.17648506 97.71958923
v -126.57174683 27.02007294 97.37503815
v -126.74072266 24.03631020 90.81219482
v -126.64408112 27.33505058 98.06858063
v -128.52073669 23.13988113 88.85462189
v -128.52828979 24.02819824 90.80896759
v -129.08404541 23.99947929 90.81987762
v -127.98252106 23.16563225 88.90687561
v -127.44974518 23.20703506 88.99359894
v -126.95358276 29.73808289 103.40094757
v -127.26074982 23.98116684 90.83524323
v -128.95004272 23.11562729 88.84471130
v -128.47503662 10.85001945 94.44096375
v -127.93682098 10.87577057 94.49320984
v -127.40405273 10.91717148 94.57994080
v -109.51056671 28.70264053 100.93709564
v -109.06368256 23.33029366 89.11436462
v -126.87940216 10.97401524 94.70069885
v -109.54199219 28.86839676 101.30201721
v -109.60993195 29.02940369 101.65679169
v -109.71458435 29.18583488 102.00179291
v -109.85717773 29.33875656 102.33937836
v -110.03422546 29.48514175 102.66287231
v -110.24324036 29.62247276 102.96671295
v -110.48558807 29.75187874 103.25337982
v -110.75509644 29.87030792 103.51612854
v -111.05149841 29.97717476 103.75366211
v -111.37337494 30.07239342 103.96577454
v -111.71311951 30.15353203 104.14705658
v -112.07351685 30.22110558 104.29866028
v -112.44837952 30.27418137 104.41850281
v -112.83026886 30.31143951 104.50358582
v -108.83796692 28.70810890 100.94362640
v -108.41716003 23.34706116 89.14595795
v -108.17824554 28.68601799 100.88963318
v -107.78777313 23.38861847 89.23223877
v -108.37140656 11.05720139 94.73230743
v -107.52890778 28.63600540 100.77429199
v -107.17481232 23.45510101 89.37348175
v -107.74197388 11.09876537 94.81859589
v -106.89221191 28.55840111 100.59835815
v -106.57396698 23.54733086 89.57147980
v -107.12898254 11.16525459 94.95986176
v -106.28369904 28.45534325 100.36665344
v -105.99749756 23.66297150 89.82116699
v -106.52810669 11.25749779 95.15787506
v -105.70108032 28.32629013 100.07797241
v -105.45561981 23.80035973 90.11898804
v -105.95162201 11.37314892 95.40759277
v -105.15652466 28.17443657 99.73944092
v -104.94375610 23.96040344 90.46689606
v -105.40974426 11.51054668 95.70543671
v -104.65145111 27.99970436 99.35089874
v -104.47434998 24.13890457 90.85575104
v -104.89788818 11.67060184 96.05336761
v -104.19171906 27.80473137 98.91820526
v -104.04978180 24.33569527 91.28521729
v -104.42848969 11.84911060 96.44224548
v -103.78414154 27.59173203 98.44627380
v -103.67041779 24.54978561 91.75310516
v -104.00393677 12.04590607 96.87171173
v -103.42863464 27.36129951 97.93641663
v -103.34624481 24.77596664 92.24805450
v -103.62460327 12.25999737 97.33960724
v -103.13381958 27.11821175 97.39921570
v -103.07511902 25.01615143 92.77423859
v -103.30045319 12.48617744 97.83454895
v -102.89823151 26.86156082 96.83265686
v -102.86091614 25.26609039 93.32234192
v -103.02935028 12.72635555 98.36072540
v -102.72819519 26.59759521 96.25054932
v -102.70912170 25.52066612 93.88116455
v -102.81517792 12.97628307 98.90880585
v -102.62468719 26.32722092 95.65488434
v -102.61779785 25.78168488 94.45465851
v -102.66339874 13.23084450 99.46759796
v -102.58663940 26.04943657 95.04344940
v -102.57209015 13.49184418 100.04104614
v -102.54093933 13.75957489 100.62979126
v -102.57898712 14.03735828 101.24122620
v -102.68250275 14.30773163 101.83689117
v -102.85253143 14.57169819 102.41899872
v -103.08812714 14.82834816 102.98555756
v -103.38293457 15.07143784 103.52275848
v -103.73844910 15.30186939 104.03261566
v -104.14602661 15.51486778 104.50453949
v -104.60575104 15.70984173 104.93724060
v -105.11082458 15.88457489 105.32578278
v -105.65538788 16.03642654 105.66431427
v -106.23800659 16.16548157 105.95299530
v -106.84651184 16.26853943 106.18470001
v -107.48320770 16.34614372 106.36063385
v -108.13254547 16.39615440 106.47596741
v -108.79226685 16.41824532 106.52996826
v -109.46486664 16.41277695 106.52343750
v -109.49629974 16.57854843 106.88838959
v -109.56424713 16.73956680 107.24317932
v -109.66890717 16.89600563 107.58820343
v -109.81151581 17.04893303 107.92580414
v -109.98858643 17.19532204 108.24931335
v -110.19761658 17.33265495 108.55314636
v -110.43997955 17.46205711 108.83981323
v -110.70949554 17.58048630 109.10256195
v -111.00591278 17.68734741 109.34008026
v -111.32778931 17.78256035 109.55217743
v -111.66753387 17.86369133 109.73344421
v -112.02791595 17.93125725 109.88504028
v -112.40276337 17.98432922 110.00485992
v -112.78462982 18.02158165 110.08993530
v -123.78491974 17.93391037 109.98705292
v -124.70380402 17.84279060 109.79410553
v -126.49135590 27.80637741 99.10424805
v -126.50874329 29.85078621 103.60205078
v -125.59632874 17.71848106 109.52792358
v -126.57711029 27.65066147 98.76236725
v -126.62801361 27.49377251 98.41764069
v -126.46305084 17.56092453 109.18839264
v -127.40223694 29.57852554 103.18773651
v -126.90792084 17.48104477 108.97260284
v -127.77442932 23.88628578 90.87638855
v -127.85305786 29.37010384 102.96089172
v -127.35713959 17.42225838 108.71326447
v -128.27345276 23.74859047 90.93704224
v -128.30479431 29.10963821 102.71872711
v -127.80863190 17.38553810 108.40830994
v -128.75468445 28.79349136 102.46046448
v -128.71205139 17.38213348 107.64759827
v -128.26104736 17.37177467 108.05428314
v -128.75625610 23.56871796 91.01693726
v -129.19882202 28.41927147 102.18562317
v -129.15777588 17.41826630 107.18624115
v -129.21571350 23.34932709 91.11488342
v -129.63282776 27.98493576 101.89418030
v -129.59352112 17.48171425 106.66859436
v -129.65318298 23.08965302 91.23122406
v -130.04882812 27.49183655 101.58944702
v -130.01168823 17.57370758 106.09769440
v -130.05862427 22.79665184 91.36283112
v -130.44088745 26.94079399 101.27466583
v -130.76892090 22.11369514 91.67051697
v -130.80479431 26.33260918 100.95235443
v -130.40705872 17.69667053 105.47669983
v -130.42994690 22.47172737 91.50908661
v -131.18652344 21.57620430 91.91320801
v -130.77325439 17.85135460 104.80750275
v -131.09291077 25.76759911 100.66538239
v -132.83378601 22.10819244 91.66503143
v -133.15559387 21.69428635 91.85192108
v -132.47422791 22.48572350 91.49481964
v -132.07583618 22.82761955 91.34095764
v -131.63693237 23.13499641 91.20294189
v -131.16918945 23.40006065 91.08426666
v -130.67436218 23.62050056 90.98598480
v -130.15547180 23.79621124 90.90812683
v -129.62602234 23.92230415 90.85285950
v -132.36962891 19.55607796 98.54679871
v -132.37313843 20.48348808 98.12387848
v -132.38655090 19.76917076 97.78284454
v -132.37036133 17.86572838 93.59516907
v -132.33268738 17.20881844 93.89390564
v -132.32540894 21.19145966 98.45887756
v -132.33757019 18.52295685 93.29656219
v -132.31828308 19.34292221 99.30155182
v -132.24377441 21.89099503 98.78878021
v -132.23815918 19.16680145 93.00429535
v -132.23301697 19.13179207 100.04615021
v -132.12873840 22.58099747 99.11573029
v -132.11437988 18.92501259 100.78118134
v -131.98088074 23.26030350 99.44173431
v -132.07136536 19.79934883 92.71743011
v -131.96301270 18.72484589 101.50710297
v -131.80158997 23.92255974 99.76194763
v -131.83755493 20.41955376 92.43643188
v -131.78038025 18.53182983 102.21592712
v -131.59286499 24.56163979 100.07141113
v -131.56855774 18.34625626 102.89978027
v -131.35615540 25.17683220 100.37193298
v -131.54246521 21.01218796 92.16819763
v -131.32907104 18.16991234 103.55933380
v -131.06340027 18.00451660 104.19543457
v -126.44566345 15.51651573 104.69058228
v -127.21528625 11.79683781 96.37361908
v -126.69502258 11.74644756 96.39852905
v -126.61041260 11.78933716 96.49219513
v -126.59838104 15.04518795 103.65492249
v -126.53141022 15.36079788 104.34870911
v -126.58232117 15.20390987 104.00397491
v -127.72956085 11.88702679 96.33063507
v -128.22956848 12.02016640 96.26818848
v -128.71372986 12.19563484 96.18655396
v -129.17480469 12.41082382 96.08696747
v -129.61419678 12.66648293 95.96906281
v -130.02183533 12.95579910 95.83597565
v -130.39564514 13.27739811 95.68835449
v -130.73738098 13.63243961 95.52565765
v -131.15896606 14.16612053 95.28144836
v -131.51910400 14.72688866 95.02516937
v -131.81857300 15.31682396 94.75586700
v -132.05699158 15.93488598 94.47401428
v -132.22850037 16.56589699 94.18653870
v -133.12709045 14.03017139 95.33563232
v -132.80221558 13.61919975 95.52368927
v -133.48831177 14.59715843 95.07652283
v -133.78877258 15.18688583 94.80731201
v -134.02932739 15.80198479 94.52679443
v -134.20733643 16.43455696 94.23858643
v -134.32014465 17.07670021 93.94627380
v -134.36865234 17.73105049 93.64865875
v -134.37002563 17.98338890 93.53395844
v -134.32611084 18.63745499 93.23683167
v -134.21791077 19.28017807 92.94511414
v -134.04458618 19.91427422 92.65756226
v -133.80863953 20.53160667 92.37787628
v -133.51258850 21.12404060 92.10974121
v -126.52604675 14.73021030 102.96138000
v -126.41459656 11.86402607 96.65490723
v -126.43765259 14.57528305 102.61981964
v -126.51643372 11.82871437 96.57805634
v -126.57962036 14.88662434 103.30593109
v -128.48258972 11.73833561 96.39530945
v -130.63162231 12.12654209 96.21054840
v -131.12808228 12.34248352 96.11047363
v -131.59777832 12.60329342 95.99011230
v -132.03895569 12.90667629 95.85050964
v -132.43988037 13.24494553 95.69520569
v -129.37757874 23.07031059 88.87075806
v -129.80296326 23.00357246 88.93263245
v -130.22503662 22.91527939 89.03013611
v -130.21755981 11.13244915 94.39283752
v -130.63453674 22.80685425 89.16042328
v -130.62983704 11.30422211 94.39736938
v -131.02600098 22.68012428 89.31952667
v -131.02195740 11.51038837 94.40737152
v -131.40802002 22.52797699 89.51129150
v -131.40417480 11.75538349 94.42121124
v -131.79028320 22.34484100 89.74164581
v -131.78503418 12.04776573 94.43658447
v -132.16537476 22.13237762 90.00770569
v -132.15432739 12.38543320 94.45227814
v -132.51683044 21.88682556 90.30226898
v -132.50364685 12.76170540 94.45966339
v -132.84507751 21.60713387 90.62300873
v -133.12367249 13.62866402 94.45230103
v -133.15217590 21.29277992 90.96858215
v -132.82829285 13.17616844 94.45917511
v -133.46507263 14.25606155 94.42250061
v -133.48822021 20.85774231 91.42066193
v -133.76445007 20.40480423 91.84899902
v -133.74588013 14.87695503 94.36334229
v -133.98338318 19.94172668 92.25151062
v -133.96876526 15.48452473 94.27931213
v -134.14907837 19.47274590 92.62552643
v -134.13800049 16.07385445 94.17192078
v -134.26748657 18.98773003 92.96511078
v -134.25968933 16.64695168 94.03012085
v -134.34039307 18.48916626 93.26840973
v -134.33590698 17.20072556 93.85462189
f 1 2 3
f 4 3 2
f 5 1 3
f 6 5 3
f 7 6 3
f 7 3 4
f 8 9 2
f 10 2 9
f 11 2 1
f 12 8 2
f 13 12 2
f 14 13 2
f 15 14 2
f 16 15 2
f 17 16 2
f 18 17 2
f 19 18 2
f 20 19 2
f 21 20 2
f 22 21 2
f 23 22 2
f 24 23 2
f 11 24 2
f 10 4 2
f 25 26 9
f 27 9 26
f 8 25 9
f 10 9 27
f 28 29 26
f 30 26 29
f 31 28 26
f 32 31 26
f 33 34 26
f 35 26 34
f 36 33 26
f 37 32 26
f 38 37 26
f 39 38 26
f 40 39 26
f 41 40 26
f 42 41 26
f 43 42 26
f 44 43 26
f 45 44 26
f 46 45 26
f 47 46 26
f 48 47 26
f 49 48 26
f 50 49 26
f 35 50 26
f 25 36 26
f 27 26 30
f 51 29 28
f 30 29 51
f 52 53 28
f 54 28 53
f 31 55 28
f 56 28 55
f 57 52 28
f 58 57 28
f 59 58 28
f 60 59 28
f 61 60 28
f 62 61 28
f 63 62 28
f 64 63 28
f 65 64 28
f 66 65 28
f 67 66 28
f 68 67 28
f 69 68 28
f 70 69 28
f 56 70 28
f 51 28 54
f 71 72 53
f 73 53 72
f 74 71 53
f 75 74 53
f 76 75 53
f 77 76 53
f 78 77 53
f 79 78 53
f 52 79 53
f 54 53 73
f 80 81 72
f 82 72 81
f 83 84 72
f 85 72 84
f 86 83 72
f 71 86 72
f 87 80 72
f 85 87 72
f 73 72 88
f 89 88 72
f 90 72 82
f 89 72 90
f 91 92 81
f 82 81 92
f 93 91 81
f 94 93 81
f 95 94 81
f 80 95 81
f 96 97 92
f 98 92 97
f 99 96 92
f 100 99 92
f 101 100 92
f 102 101 92
f 103 102 92
f 104 103 92
f 105 104 92
f 106 105 92
f 107 106 92
f 108 107 92
f 109 108 92
f 110 109 92
f 111 110 92
f 91 111 92
f 82 92 98
f 56 55 97
f 112 97 55
f 113 56 97
f 114 113 97
f 115 114 97
f 96 115 97
f 98 97 112
f 31 116 55
f 117 55 116
f 118 55 117
f 112 55 118
f 117 116 31
f 119 120 31
f 121 31 120
f 32 119 31
f 122 31 121
f 117 31 122
f 123 124 120
f 121 120 124
f 125 123 120
f 126 125 120
f 127 126 120
f 128 127 120
f 129 128 120
f 130 129 120
f 119 130 120
f 131 132 124
f 133 124 132
f 134 135 124
f 136 124 135
f 123 134 124
f 137 131 124
f 136 137 124
f 138 124 133
f 121 124 138
f 139 140 132
f 133 132 140
f 141 139 132
f 142 141 132
f 143 142 132
f 131 143 132
f 144 145 140
f 146 140 145
f 147 144 140
f 148 147 140
f 149 148 140
f 150 149 140
f 151 150 140
f 152 151 140
f 153 152 140
f 154 153 140
f 155 154 140
f 156 155 140
f 157 156 140
f 139 157 140
f 133 140 146
f 158 34 145
f 159 145 34
f 160 158 145
f 161 160 145
f 144 161 145
f 146 145 159
f 33 162 34
f 163 34 162
f 164 35 34
f 165 164 34
f 158 165 34
f 166 34 163
f 159 34 166
f 163 162 33
f 167 168 33
f 169 33 168
f 170 167 33
f 36 170 33
f 171 33 169
f 163 33 171
f 172 173 168
f 169 168 173
f 174 172 168
f 175 174 168
f 176 175 168
f 177 176 168
f 178 177 168
f 167 178 168
f 179 180 173
f 181 173 180
f 172 182 173
f 183 173 182
f 184 179 173
f 183 184 173
f 185 173 181
f 169 173 185
f 186 187 180
f 181 180 187
f 188 186 180
f 189 188 180
f 190 189 180
f 179 190 180
f 191 192 187
f 193 187 192
f 194 191 187
f 195 194 187
f 196 195 187
f 197 196 187
f 198 197 187
f 199 198 187
f 200 199 187
f 201 200 187
f 202 201 187
f 186 202 187
f 181 187 193
f 203 204 192
f 205 192 204
f 206 203 192
f 207 206 192
f 208 207 192
f 191 208 192
f 193 192 205
f 1 209 204
f 210 204 209
f 11 1 204
f 211 11 204
f 212 211 204
f 213 212 204
f 203 213 204
f 214 204 210
f 205 204 214
f 210 209 1
f 215 1 5
f 216 1 215
f 210 1 216
f 217 218 5
f 215 5 218
f 219 5 6
f 220 217 5
f 221 220 5
f 222 221 5
f 223 222 5
f 224 223 5
f 225 224 5
f 226 225 5
f 227 226 5
f 219 227 5
f 228 229 218
f 230 218 229
f 217 231 218
f 232 218 231
f 232 228 218
f 233 218 230
f 215 218 233
f 234 235 229
f 230 229 235
f 236 234 229
f 237 236 229
f 228 237 229
f 238 239 235
f 240 235 239
f 241 238 235
f 242 241 235
f 243 242 235
f 244 243 235
f 245 244 235
f 246 245 235
f 247 246 235
f 248 247 235
f 249 248 235
f 250 249 235
f 251 250 235
f 234 251 235
f 230 235 240
f 252 253 239
f 254 239 253
f 255 252 239
f 256 255 239
f 257 256 239
f 238 257 239
f 240 239 254
f 6 258 253
f 259 253 258
f 260 6 253
f 261 260 253
f 262 261 253
f 263 262 253
f 252 263 253
f 264 253 259
f 254 253 264
f 265 258 6
f 259 258 265
f 266 219 6
f 267 266 6
f 268 267 6
f 269 268 6
f 270 269 6
f 271 270 6
f 272 271 6
f 273 272 6
f 274 273 6
f 275 274 6
f 276 275 6
f 277 276 6
f 278 277 6
f 279 278 6
f 260 279 6
f 265 6 7
f 280 231 217
f 281 232 231
f 281 231 280
f 282 217 220
f 282 280 217
f 283 220 221
f 283 282 220
f 284 221 222
f 284 283 221
f 285 222 223
f 285 284 222
f 286 223 224
f 286 285 223
f 287 224 225
f 287 286 224
f 288 225 226
f 288 287 225
f 289 226 227
f 289 288 226
f 290 227 219
f 290 289 227
f 291 219 266
f 291 290 219
f 292 266 267
f 292 291 266
f 293 267 268
f 293 292 267
f 294 268 269
f 294 293 268
f 295 269 270
f 295 294 269
f 296 270 271
f 296 295 270
f 297 271 272
f 297 296 271
f 298 272 273
f 298 297 272
f 299 273 274
f 299 298 273
f 300 274 275
f 300 299 274
f 301 275 276
f 301 300 275
f 302 276 277
f 302 301 276
f 303 277 278
f 303 302 277
f 304 278 279
f 304 303 278
f 305 279 260
f 305 304 279
f 306 260 261
f 306 305 260
f 307 261 262
f 307 306 261
f 308 262 263
f 308 307 262
f 309 263 252
f 309 308 263
f 310 252 255
f 310 309 252
f 311 255 256
f 311 310 255
f 312 256 257
f 312 311 256
f 313 257 238
f 313 312 257
f 314 238 241
f 314 313 238
f 315 241 242
f 315 314 241
f 316 242 243
f 316 315 242
f 317 243 244
f 317 316 243
f 318 244 245
f 318 317 244
f 319 245 246
f 319 318 245
f 320 246 247
f 320 319 246
f 321 247 248
f 321 320 247
f 322 248 249
f 322 321 248
f 323 249 250
f 323 322 249
f 324 250 251
f 324 323 250
f 325 251 234
f 325 324 251
f 326 234 236
f 326 325 234
f 327 236 237
f 327 326 236
f 328 237 228
f 328 327 237
f 329 228 232
f 329 328 228
f 281 329 232
f 330 135 134
f 331 136 135
f 331 135 330
f 332 134 123
f 332 330 134
f 333 123 125
f 333 332 123
f 334 125 126
f 334 333 125
f 335 126 127
f 335 334 126
f 336 127 128
f 336 335 127
f 337 128 129
f 337 336 128
f 338 129 130
f 338 337 129
f 339 130 119
f 339 338 130
f 340 119 32
f 340 339 119
f 341 32 37
f 341 340 32
f 342 37 38
f 342 341 37
f 343 38 39
f 343 342 38
f 344 39 40
f 344 343 39
f 345 40 41
f 345 344 40
f 346 41 42
f 346 345 41
f 347 42 43
f 347 346 42
f 348 43 44
f 348 347 43
f 349 44 45
f 349 348 44
f 350 45 46
f 350 349 45
f 351 46 47
f 351 350 46
f 352 47 48
f 352 351 47
f 353 48 49
f 353 352 48
f 354 49 50
f 354 353 49
f 355 50 35
f 355 354 50
f 356 35 164
f 356 355 35
f 357 164 165
f 357 356 164
f 358 165 158
f 358 357 165
f 359 158 160
f 359 358 158
f 360 160 161
f 360 359 160
f 361 161 144
f 361 360 161
f 362 144 147
f 362 361 144
f 363 147 148
f 363 362 147
f 364 148 149
f 364 363 148
f 365 149 150
f 365 364 149
f 366 150 151
f 366 365 150
f 367 151 152
f 367 366 151
f 368 152 153
f 368 367 152
f 369 153 154
f 369 368 153
f 370 154 155
f 370 369 154
f 371 155 156
f 371 370 155
f 372 156 157
f 372 371 156
f 373 157 139
f 373 372 157
f 374 139 141
f 374 373 139
f 375 141 142
f 375 374 141
f 376 142 143
f 376 375 142
f 377 143 131
f 377 376 143
f 378 131 137
f 378 377 131
f 379 137 136
f 379 378 137
f 331 379 136
f 380 84 83
f 381 85 84
f 381 84 380
f 382 83 86
f 382 380 83
f 383 86 71
f 383 382 86
f 384 71 74
f 384 383 71
f 385 74 75
f 385 384 74
f 386 75 76
f 386 385 75
f 387 76 77
f 387 386 76
f 388 77 78
f 388 387 77
f 389 78 79
f 389 388 78
f 390 79 52
f 390 389 79
f 391 52 57
f 391 390 52
f 392 57 58
f 392 391 57
f 393 58 59
f 393 392 58
f 394 59 60
f 394 393 59
f 395 60 61
f 395 394 60
f 396 61 62
f 396 395 61
f 397 62 63
f 397 396 62
f 398 63 64
f 398 397 63
f 399 64 65
f 399 398 64
f 400 65 66
f 400 399 65
f 401 66 67
f 401 400 66
f 402 67 68
f 402 401 67
f 403 68 69
f 403 402 68
f 404 69 70
f 404 403 69
f 405 70 56
f 405 404 70
f 406 56 113
f 406 405 56
f 407 113 114
f 407 406 113
f 408 114 115
f 408 407 114
f 409 115 96
f 409 408 115
f 410 96 99
f 410 409 96
f 411 99 100
f 411 410 99
f 412 100 101
f 412 411 100
f 413 101 102
f 413 412 101
f 414 102 103
f 414 413 102
f 415 103 104
f 415 414 103
f 416 104 105
f 416 415 104
f 417 105 106
f 417 416 105
f 418 106 107
f 418 417 106
f 419 107 108
f 419 418 107
f 420 108 109
f 420 419 108
f 421 109 110
f 421 420 109
f 422 110 111
f 422 421 110
f 423 111 91
f 423 422 111
f 424 91 93
f 424 423 91
f 425 93 94
f 425 424 93
f 426 94 95
f 426 425 94
f 427 95 80
f 427 426 95
f 428 80 87
f 428 427 80
f 429 87 85
f 429 428 87
f 381 429 85
f 430 182 172
f 431 183 182
f 431 182 430
f 432 172 174
f 432 430 172
f 433 174 175
f 433 432 174
f 434 175 176
f 434 433 175
f 435 176 177
f 435 434 176
f 436 177 178
f 436 435 177
f 437 178 167
f 437 436 178
f 438 167 170
f 438 437 167
f 439 170 36
f 439 438 170
f 440 36 25
f 440 439 36
f 441 25 8
f 441 440 25
f 442 8 12
f 442 441 8
f 443 12 13
f 443 442 12
f 444 13 14
f 444 443 13
f 445 14 15
f 445 444 14
f 446 15 16
f 446 445 15
f 447 16 17
f 447 446 16
f 448 17 18
f 448 447 17
f 449 18 19
f 449 448 18
f 450 19 20
f 450 449 19
f 451 20 21
f 451 450 20
f 452 21 22
f 452 451 21
f 453 22 23
f 453 452 22
f 454 23 24
f 454 453 23
f 455 24 11
f 455 454 24
f 456 11 211
f 456 455 11
f 457 211 212
f 457 456 211
f 458 212 213
f 458 457 212
f 459 213 203
f 459 458 213
f 460 203 206
f 460 459 203
f 461 206 207
f 461 460 206
f 462 207 208
f 462 461 207
f 463 208 191
f 463 462 208
f 464 191 194
f 464 463 191
f 465 194 195
f 465 464 194
f 466 195 196
f 466 465 195
f 467 196 197
f 467 466 196
f 468 197 198
f 468 467 197
f 469 198 199
f 469 468 198
f 470 199 200
f 470 469 199
f 471 200 201
f 471 470 200
f 472 201 202
f 472 471 201
f 473 202 186
f 473 472 202
f 474 186 188
f 474 473 186
f 475 188 189
f 475 474 188
f 476 189 190
f 476 475 189
f 477 190 179
f 477 476 190
f 478 179 184
f 478 477 179
f 479 184 183
f 479 478 184
f 431 479 183
f 54 7 4
f 30 54 4
f 10 30 4
f 265 7 54
f 480 481 482
f 483 482 481
f 484 480 482
f 485 484 482
f 486 485 482
f 487 486 482
f 487 482 488
f 483 488 482
f 489 88 481
f 483 481 88
f 490 489 481
f 480 490 481
f 54 73 88
f 265 54 88
f 489 265 88
f 89 483 88
f 30 51 54
f 10 27 30
f 491 265 489
f 259 265 492
f 493 492 265
f 493 265 491
f 494 489 490
f 495 489 494
f 496 489 495
f 497 489 496
f 491 489 497
f 498 490 480
f 499 494 490
f 500 490 498
f 501 499 490
f 502 501 490
f 503 502 490
f 500 503 490
f 504 480 484
f 505 480 504
f 506 480 505
f 498 480 506
f 507 484 485
f 508 509 484
f 510 484 509
f 507 508 484
f 510 504 484
f 507 485 486
f 487 507 486
f 511 512 509
f 513 509 512
f 508 511 509
f 513 510 509
f 514 512 511
f 515 513 512
f 516 512 514
f 515 512 516
f 508 517 511
f 514 511 517
f 518 517 508
f 518 519 517
f 514 517 519
f 507 520 508
f 521 508 520
f 522 508 521
f 518 508 522
f 523 520 507
f 524 525 520
f 521 520 525
f 524 520 523
f 526 507 487
f 527 528 507
f 523 507 528
f 529 527 507
f 530 529 507
f 531 530 507
f 532 531 507
f 533 532 507
f 534 533 507
f 526 534 507
f 488 504 510
f 494 504 488
f 535 505 504
f 494 535 504
f 536 537 510
f 538 510 537
f 539 536 510
f 540 510 541
f 541 510 542
f 513 543 510
f 544 510 543
f 545 488 510
f 538 545 510
f 546 510 540
f 547 539 510
f 548 547 510
f 549 548 510
f 550 549 510
f 551 550 510
f 552 551 510
f 553 552 510
f 554 553 510
f 555 554 510
f 556 555 510
f 557 556 510
f 558 557 510
f 546 558 510
f 559 510 544
f 542 560 541
f 561 542 510
f 562 561 510
f 563 562 510
f 564 563 510
f 565 564 510
f 566 565 510
f 567 566 510
f 568 567 510
f 569 568 510
f 570 569 510
f 571 570 510
f 572 571 510
f 573 572 510
f 574 573 510
f 575 574 510
f 576 575 510
f 559 576 510
f 577 537 536
f 578 538 537
f 579 578 537
f 580 579 537
f 581 580 537
f 577 581 537
f 582 583 536
f 584 536 583
f 585 582 536
f 586 585 536
f 587 586 536
f 588 587 536
f 539 588 536
f 584 577 536
f 589 541 583
f 584 583 541
f 590 589 583
f 591 590 583
f 592 591 583
f 593 592 583
f 594 593 583
f 595 594 583
f 596 595 583
f 597 596 583
f 598 597 583
f 599 598 583
f 600 599 583
f 601 600 583
f 602 601 583
f 603 602 583
f 604 603 583
f 605 604 583
f 606 605 583
f 607 606 583
f 608 607 583
f 609 608 583
f 582 609 583
f 610 611 541
f 612 541 611
f 613 540 541
f 614 613 541
f 615 614 541
f 616 615 541
f 617 616 541
f 618 617 541
f 619 618 541
f 620 619 541
f 621 620 541
f 589 621 541
f 622 610 541
f 623 622 541
f 624 623 541
f 625 624 541
f 626 625 541
f 627 626 541
f 628 627 541
f 629 628 541
f 630 629 541
f 631 630 541
f 632 631 541
f 633 632 541
f 634 633 541
f 635 634 541
f 636 635 541
f 637 636 541
f 560 637 541
f 584 541 612
f 543 638 611
f 639 611 638
f 640 543 611
f 641 640 611
f 642 641 611
f 643 642 611
f 644 643 611
f 645 644 611
f 646 645 611
f 647 646 611
f 648 647 611
f 649 648 611
f 650 649 611
f 651 650 611
f 610 651 611
f 652 611 639
f 612 611 652
f 653 638 543
f 639 638 653
f 523 543 513
f 654 544 543
f 640 654 543
f 653 543 523
f 524 523 513
f 655 524 513
f 655 513 515
f 487 488 545
f 112 488 483
f 495 494 488
f 492 495 488
f 254 492 488
f 240 254 488
f 230 240 488
f 233 230 488
f 205 233 488
f 193 205 488
f 181 193 488
f 185 181 488
f 163 185 488
f 159 163 488
f 146 159 488
f 133 146 488
f 138 133 488
f 121 138 488
f 117 121 488
f 112 117 488
f 656 545 538
f 657 487 545
f 658 657 545
f 656 658 545
f 659 538 578
f 656 538 659
f 660 578 579
f 659 578 660
f 661 579 580
f 660 579 661
f 662 580 581
f 661 580 662
f 663 540 613
f 664 546 540
f 664 540 663
f 665 613 614
f 663 613 665
f 666 614 615
f 665 614 666
f 667 615 616
f 666 615 667
f 668 616 617
f 667 616 668
f 669 617 618
f 668 617 669
f 670 618 619
f 669 618 670
f 671 619 620
f 670 619 671
f 672 620 621
f 671 620 672
f 673 621 589
f 672 621 673
f 674 589 590
f 673 589 674
f 675 590 591
f 674 590 675
f 676 591 592
f 675 591 676
f 677 592 593
f 676 592 677
f 678 593 594
f 677 593 678
f 679 594 595
f 678 594 679
f 680 595 596
f 679 595 680
f 681 596 597
f 680 596 681
f 682 597 598
f 681 597 682
f 683 598 599
f 682 598 683
f 684 599 600
f 683 599 684
f 685 600 601
f 684 600 685
f 686 601 602
f 685 601 686
f 687 602 603
f 686 602 687
f 688 603 604
f 687 603 688
f 689 604 605
f 688 604 689
f 690 605 606
f 690 689 605
f 691 606 607
f 690 606 691
f 692 607 608
f 691 607 692
f 693 608 609
f 692 608 693
f 694 609 582
f 693 609 694
f 695 582 585
f 694 582 695
f 696 585 586
f 695 585 696
f 697 586 587
f 696 586 697
f 698 587 588
f 697 587 698
f 699 588 539
f 698 588 699
f 700 539 547
f 699 539 700
f 701 547 548
f 700 547 701
f 702 548 549
f 701 548 702
f 703 549 550
f 702 549 703
f 704 550 551
f 703 550 704
f 705 551 552
f 704 551 705
f 706 552 553
f 705 552 706
f 707 553 554
f 706 553 707
f 708 554 555
f 707 554 708
f 709 555 556
f 708 555 709
f 710 556 557
f 709 556 710
f 711 557 558
f 710 557 711
f 712 558 546
f 711 558 712
f 712 546 664
f 713 544 654
f 714 559 544
f 714 544 713
f 715 654 640
f 713 654 715
f 716 640 641
f 715 640 716
f 717 641 642
f 716 641 717
f 718 642 643
f 717 642 718
f 719 643 644
f 718 643 719
f 720 644 645
f 719 644 720
f 721 645 646
f 720 645 721
f 722 646 647
f 721 646 722
f 723 647 648
f 722 647 723
f 724 648 649
f 723 648 724
f 725 649 650
f 724 649 725
f 726 650 651
f 725 650 726
f 727 651 610
f 726 651 727
f 728 610 622
f 727 610 728
f 729 622 623
f 728 622 729
f 730 623 624
f 729 623 730
f 731 624 625
f 730 624 731
f 732 625 626
f 731 625 732
f 733 626 627
f 732 626 733
f 734 627 628
f 733 627 734
f 735 628 629
f 734 628 735
f 736 629 630
f 735 629 736
f 737 630 631
f 736 630 737
f 738 631 632
f 737 631 738
f 739 632 633
f 738 632 739
f 740 633 634
f 740 739 633
f 741 634 635
f 740 634 741
f 742 635 636
f 741 635 742
f 743 636 637
f 742 636 743
f 744 637 560
f 743 637 744
f 745 560 542
f 744 560 745
f 746 542 561
f 745 542 746
f 747 561 562
f 746 561 747
f 748 562 563
f 747 562 748
f 749 563 564
f 748 563 749
f 750 564 565
f 749 564 750
f 751 565 566
f 750 565 751
f 752 566 567
f 751 566 752
f 753 567 568
f 752 567 753
f 754 568 569
f 753 568 754
f 755 569 570
f 754 569 755
f 756 570 571
f 755 570 756
f 757 571 572
f 756 571 757
f 758 572 573
f 757 572 758
f 759 573 574
f 758 573 759
f 760 574 575
f 759 574 760
f 761 575 576
f 760 575 761
f 762 576 559
f 761 576 762
f 762 559 714
f 487 662 581
f 487 581 577
f 763 662 487
f 763 764 662
f 765 662 764
f 661 662 765
f 689 487 577
f 688 689 577
f 687 688 577
f 686 687 577
f 685 686 577
f 684 685 577
f 584 684 577
f 657 763 487
f 766 487 739
f 767 739 487
f 768 487 766
f 769 526 487
f 770 769 487
f 771 770 487
f 772 771 487
f 773 772 487
f 774 773 487
f 775 774 487
f 776 775 487
f 777 776 487
f 778 777 487
f 779 778 487
f 768 779 487
f 780 487 781
f 689 781 487
f 782 767 487
f 783 782 487
f 784 783 487
f 785 784 487
f 786 785 487
f 787 786 487
f 788 787 487
f 789 788 487
f 790 789 487
f 791 790 487
f 792 791 487
f 793 792 487
f 794 793 487
f 795 794 487
f 796 795 487
f 780 796 487
f 765 764 525
f 797 525 764
f 798 765 525
f 524 798 525
f 799 525 797
f 799 521 525
f 657 764 763
f 800 764 657
f 801 797 764
f 802 801 764
f 803 802 764
f 804 803 764
f 805 804 764
f 806 805 764
f 807 806 764
f 808 807 764
f 809 808 764
f 810 809 764
f 811 810 764
f 800 811 764
f 612 738 739
f 766 739 740
f 812 813 739
f 612 739 813
f 814 812 739
f 815 814 739
f 816 815 739
f 767 816 739
f 652 737 738
f 612 652 738
f 652 736 737
f 652 735 736
f 652 734 735
f 652 733 734
f 652 732 733
f 652 731 732
f 652 730 731
f 652 729 730
f 652 728 729
f 652 727 728
f 639 726 727
f 652 639 727
f 639 725 726
f 639 724 725
f 639 723 724
f 639 722 723
f 639 721 722
f 639 720 721
f 639 719 720
f 639 718 719
f 639 717 718
f 639 716 717
f 639 715 716
f 639 713 715
f 817 714 713
f 818 817 713
f 639 818 713
f 819 762 714
f 817 819 714
f 819 761 762
f 820 760 761
f 819 820 761
f 821 759 760
f 820 821 760
f 822 758 759
f 821 822 759
f 823 757 758
f 822 823 758
f 824 756 757
f 823 824 757
f 825 755 756
f 824 825 756
f 826 754 755
f 825 826 755
f 827 753 754
f 826 827 754
f 828 752 753
f 827 828 753
f 829 751 752
f 828 829 752
f 830 750 751
f 829 830 751
f 831 749 750
f 830 831 750
f 832 748 749
f 831 832 749
f 833 747 748
f 832 833 748
f 834 746 747
f 833 834 747
f 835 745 746
f 834 835 746
f 836 744 745
f 835 836 745
f 837 743 744
f 836 837 744
f 838 742 743
f 837 838 743
f 839 741 742
f 838 839 742
f 840 740 741
f 841 840 741
f 839 841 741
f 840 766 740
f 842 766 840
f 843 768 766
f 843 766 842
f 844 840 841
f 844 842 840
f 845 841 839
f 845 844 841
f 846 839 838
f 846 845 839
f 847 838 837
f 847 846 838
f 848 837 836
f 848 847 837
f 849 836 835
f 849 848 836
f 850 835 834
f 850 849 835
f 851 834 833
f 851 850 834
f 852 833 832
f 852 851 833
f 853 832 831
f 853 852 832
f 854 831 830
f 854 853 831
f 855 830 829
f 855 854 830
f 856 829 828
f 856 855 829
f 857 828 827
f 857 856 828
f 858 827 826
f 858 857 827
f 859 826 825
f 859 858 826
f 860 825 824
f 860 859 825
f 861 824 823
f 861 860 824
f 862 823 822
f 862 861 823
f 863 822 821
f 863 862 822
f 864 821 820
f 864 863 821
f 865 820 819
f 865 864 820
f 866 819 817
f 866 865 819
f 867 817 818
f 867 866 817
f 639 868 818
f 869 818 868
f 867 818 869
f 639 870 868
f 871 868 870
f 871 869 868
f 653 872 870
f 873 870 872
f 639 653 870
f 871 870 873
f 653 528 872
f 874 872 528
f 873 872 874
f 875 528 527
f 653 523 528
f 874 528 875
f 876 527 529
f 875 527 876
f 877 529 530
f 876 529 877
f 878 530 531
f 877 530 878
f 879 531 532
f 878 531 879
f 880 532 533
f 879 532 880
f 881 533 534
f 880 533 881
f 882 534 526
f 881 534 882
f 883 526 769
f 882 526 883
f 884 769 770
f 883 769 884
f 885 770 771
f 884 770 885
f 886 771 772
f 885 771 886
f 887 772 773
f 886 772 887
f 888 773 774
f 887 773 888
f 889 774 775
f 888 774 889
f 890 775 776
f 889 775 890
f 891 776 777
f 890 776 891
f 892 777 778
f 891 777 892
f 893 778 779
f 892 778 893
f 894 779 768
f 893 779 894
f 894 768 843
f 690 895 781
f 896 781 895
f 897 780 781
f 690 781 689
f 897 781 896
f 691 898 895
f 899 895 898
f 690 691 895
f 899 896 895
f 691 900 898
f 901 898 900
f 901 899 898
f 692 902 900
f 903 900 902
f 691 692 900
f 903 901 900
f 693 904 902
f 905 902 904
f 692 693 902
f 905 903 902
f 694 906 904
f 907 904 906
f 693 694 904
f 907 905 904
f 695 908 906
f 909 906 908
f 694 695 906
f 909 907 906
f 696 910 908
f 911 908 910
f 695 696 908
f 911 909 908
f 697 912 910
f 913 910 912
f 696 697 910
f 913 911 910
f 698 914 912
f 915 912 914
f 697 698 912
f 915 913 912
f 699 916 914
f 917 914 916
f 698 699 914
f 917 915 914
f 700 918 916
f 919 916 918
f 699 700 916
f 919 917 916
f 701 920 918
f 921 918 920
f 700 701 918
f 921 919 918
f 702 922 920
f 923 920 922
f 701 702 920
f 923 921 920
f 703 924 922
f 925 922 924
f 702 703 922
f 925 923 922
f 704 926 924
f 927 924 926
f 703 704 924
f 927 925 924
f 705 928 926
f 929 926 928
f 704 705 926
f 929 927 926
f 706 930 928
f 931 928 930
f 705 706 928
f 931 929 928
f 707 932 930
f 933 930 932
f 706 707 930
f 933 931 930
f 708 934 932
f 935 932 934
f 707 708 932
f 935 933 932
f 709 936 934
f 937 934 936
f 708 709 934
f 937 935 934
f 710 938 936
f 939 936 938
f 709 710 936
f 939 937 936
f 711 940 938
f 941 938 940
f 710 711 938
f 941 939 938
f 664 942 940
f 943 940 942
f 712 664 940
f 711 712 940
f 943 941 940
f 663 944 942
f 945 942 944
f 664 663 942
f 945 943 942
f 612 946 944
f 947 944 946
f 612 944 663
f 945 944 947
f 612 948 946
f 949 946 948
f 949 947 946
f 612 813 948
f 950 948 813
f 949 948 950
f 951 813 812
f 950 813 951
f 952 812 814
f 951 812 952
f 953 814 815
f 952 814 953
f 954 815 816
f 953 815 954
f 955 816 767
f 954 816 955
f 956 767 782
f 955 767 956
f 957 782 783
f 956 782 957
f 958 783 784
f 957 783 958
f 959 784 785
f 958 784 959
f 960 785 786
f 959 785 960
f 961 786 787
f 960 786 961
f 962 787 788
f 961 787 962
f 963 788 789
f 962 788 963
f 964 789 790
f 963 789 964
f 965 790 791
f 964 790 965
f 966 791 792
f 965 791 966
f 967 792 793
f 966 792 967
f 968 793 794
f 967 793 968
f 969 794 795
f 968 794 969
f 970 795 796
f 969 795 970
f 971 796 780
f 970 796 971
f 971 780 897
f 584 683 684
f 584 682 683
f 612 681 682
f 584 612 682
f 612 680 681
f 612 679 680
f 612 678 679
f 612 677 678
f 612 676 677
f 612 675 676
f 612 674 675
f 612 673 674
f 612 672 673
f 612 671 672
f 612 670 671
f 612 669 670
f 612 668 669
f 612 667 668
f 612 666 667
f 612 665 666
f 612 663 665
f 972 765 798
f 973 765 972
f 974 661 765
f 973 974 765
f 655 798 524
f 972 798 655
f 975 657 658
f 976 800 657
f 977 657 975
f 978 657 977
f 979 657 978
f 980 657 979
f 981 657 980
f 976 657 981
f 982 658 656
f 982 975 658
f 98 112 483
f 89 98 483
f 983 797 801
f 984 799 797
f 985 984 797
f 983 985 797
f 986 801 802
f 987 983 801
f 986 987 801
f 988 802 803
f 988 986 802
f 989 803 804
f 989 988 803
f 990 804 805
f 990 989 804
f 991 805 806
f 991 990 805
f 992 806 807
f 992 991 806
f 993 807 808
f 993 992 807
f 994 808 809
f 994 993 808
f 995 809 810
f 995 994 809
f 996 810 811
f 996 995 810
f 997 811 800
f 997 996 811
f 998 800 976
f 999 800 998
f 997 800 999
f 522 521 799
f 522 799 984
f 518 522 984
f 1000 518 984
f 1001 984 985
f 1002 984 1001
f 1003 984 1002
f 1004 984 1003
f 1005 984 1004
f 1006 984 1005
f 1007 984 1006
f 1000 984 1007
f 1008 1009 519
f 1010 519 1009
f 1011 1008 519
f 1012 1011 519
f 1013 1012 519
f 1014 1013 519
f 1015 1014 519
f 1016 1015 519
f 1017 1016 519
f 518 1017 519
f 1018 514 519
f 1019 1018 519
f 1019 519 1010
f 1020 1009 1008
f 1021 1010 1009
f 1020 1021 1009
f 1022 1008 1011
f 1020 1008 1022
f 1023 1011 1012
f 1022 1011 1023
f 1024 1012 1013
f 1023 1012 1024
f 1025 1013 1014
f 1024 1013 1025
f 1026 1014 1015
f 1025 1014 1026
f 1027 1015 1016
f 1026 1015 1027
f 1028 1016 1017
f 1027 1016 1028
f 1000 1017 518
f 1000 1028 1017
f 516 514 1018
f 1029 516 1018
f 1019 1029 1018
f 1030 515 516
f 1029 1030 516
f 1031 515 1030
f 1031 655 515
f 1029 1032 1030
f 1033 1030 1032
f 1034 1031 1030
f 1035 1030 1033
f 1034 1030 1035
f 1036 1037 1032
f 1038 1032 1037
f 1029 1036 1032
f 1033 1032 1038
f 1039 1040 1037
f 1041 1037 1040
f 1036 1039 1037
f 1042 1037 1041
f 1043 1037 1042
f 1038 1037 1043
f 1044 1040 1039
f 1045 1040 1044
f 1045 1041 1040
f 1036 1046 1039
f 1047 1039 1046
f 1044 1039 1047
f 1019 1046 1036
f 1010 1048 1046
f 1049 1046 1048
f 1019 1010 1046
f 1047 1046 1049
f 1019 1036 1029
f 1031 1050 655
f 1051 655 1050
f 1051 972 655
f 1052 1050 1031
f 1053 1051 1050
f 1054 1053 1050
f 1055 1054 1050
f 1056 1055 1050
f 1052 1056 1050
f 1034 1052 1031
f 1051 973 972
f 1057 1058 661
f 1059 661 1058
f 974 1057 661
f 1060 660 661
f 1061 1060 661
f 1059 1061 661
f 1062 1058 1057
f 1059 1058 1062
f 1063 1057 974
f 1064 1057 1063
f 1065 1057 1064
f 1065 1066 1057
f 1067 1057 1066
f 1068 1062 1057
f 1069 1068 1057
f 1070 1069 1057
f 1067 1070 1057
f 1053 974 973
f 1054 974 1053
f 1063 974 1054
f 1053 973 1051
f 659 660 1060
f 1071 1072 1060
f 1073 1060 1072
f 1074 1071 1060
f 1075 1074 1060
f 1076 1075 1060
f 1077 1076 1060
f 1078 1077 1060
f 1079 1078 1060
f 1080 1079 1060
f 1081 1080 1060
f 1082 1081 1060
f 1083 1082 1060
f 1084 1083 1060
f 1085 1084 1060
f 1086 1085 1060
f 1061 1086 1060
f 656 659 1060
f 1087 656 1060
f 1087 1060 1073
f 1088 1072 1071
f 1089 1072 1090
f 1091 1090 1072
f 1092 1072 1089
f 1093 1091 1072
f 1093 1072 1094
f 1088 1094 1072
f 1095 1072 1092
f 1096 1073 1072
f 1095 1096 1072
f 1097 1071 1074
f 1088 1071 1097
f 1097 1074 1075
f 1097 1075 1076
f 1097 1076 1077
f 1098 1077 1078
f 1097 1077 1098
f 1099 1078 1079
f 1098 1078 1099
f 1100 1079 1080
f 1099 1079 1100
f 1101 1080 1081
f 1100 1080 1101
f 1102 1081 1082
f 1101 1081 1102
f 1103 1082 1083
f 1102 1082 1103
f 1104 1083 1084
f 1103 1083 1104
f 1105 1084 1085
f 1104 1084 1105
f 1106 1085 1086
f 1105 1085 1106
f 1059 1086 1061
f 1106 1086 1059
f 1087 982 656
f 1107 1108 975
f 977 975 1108
f 982 1107 975
f 1107 1109 1108
f 1096 1108 1109
f 1110 977 1108
f 1111 1110 1108
f 1096 1111 1108
f 1107 1112 1109
f 1073 1109 1112
f 1096 1109 1073
f 1113 1112 1107
f 1113 1073 1112
f 1087 1107 982
f 1113 1107 1087
f 978 977 1110
f 978 1110 1114
f 1111 1114 1110
f 1115 978 1114
f 1116 1115 1114
f 1117 1116 1114
f 1118 1117 1114
f 1119 1118 1114
f 1120 1119 1114
f 1111 1121 1114
f 1120 1114 1121
f 979 978 1115
f 1122 1115 1116
f 1123 979 1115
f 1122 1123 1115
f 1124 1116 1117
f 1124 1122 1116
f 1125 1117 1118
f 1125 1124 1117
f 1126 1118 1119
f 1126 1125 1118
f 1127 1119 1120
f 1126 1119 1127
f 1010 1128 1048
f 1049 1048 1128
f 1120 1121 1128
f 1129 1128 1121
f 1130 1120 1128
f 1131 1130 1128
f 1010 1131 1128
f 1132 1049 1128
f 1133 1132 1128
f 1134 1133 1128
f 1135 1134 1128
f 1136 1135 1128
f 1137 1136 1128
f 1138 1137 1128
f 1139 1138 1128
f 1129 1139 1128
f 1140 1121 1111
f 1141 1129 1121
f 1142 1121 1065
f 1143 1065 1121
f 1144 1141 1121
f 1145 1144 1121
f 1146 1145 1121
f 1147 1146 1121
f 1148 1147 1121
f 1149 1148 1121
f 1142 1149 1121
f 1150 1143 1121
f 1151 1150 1121
f 1152 1151 1121
f 1153 1152 1121
f 1154 1153 1121
f 1140 1154 1121
f 1155 1140 1111
f 1156 1111 1157
f 1092 1157 1111
f 1158 1111 1156
f 1159 1111 1158
f 1155 1111 1159
f 1095 1092 1111
f 1095 1111 1096
f 1160 1120 1130
f 1161 1120 1160
f 1162 1127 1120
f 1163 1162 1120
f 1164 1163 1120
f 1165 1164 1120
f 1166 1165 1120
f 1167 1166 1120
f 1168 1167 1120
f 1169 1168 1120
f 1170 1169 1120
f 1171 1170 1120
f 1172 1171 1120
f 1173 1172 1120
f 1174 1173 1120
f 1175 1174 1120
f 1161 1175 1120
f 985 1130 1131
f 1160 1130 985
f 1176 1131 1010
f 1177 1131 1176
f 1178 985 1131
f 1179 1178 1131
f 1180 1179 1131
f 1181 1180 1131
f 1182 1181 1131
f 1183 1182 1131
f 1184 1183 1131
f 1177 1184 1131
f 1185 1176 1010
f 1186 1185 1010
f 1187 1186 1010
f 1188 1187 1010
f 1189 1188 1010
f 1190 1189 1010
f 1191 1190 1010
f 1021 1191 1010
f 1047 1049 1132
f 1192 1132 1133
f 1063 1047 1132
f 1193 1063 1132
f 1192 1193 1132
f 1194 1133 1134
f 1194 1192 1133
f 1195 1134 1135
f 1194 1134 1195
f 1196 1135 1136
f 1195 1135 1196
f 1197 1136 1137
f 1196 1136 1197
f 1198 1137 1138
f 1197 1137 1198
f 1199 1138 1139
f 1198 1138 1199
f 1141 1139 1129
f 1199 1139 1141
f 1054 1044 1047
f 1063 1054 1047
f 1200 1044 1054
f 1045 1044 1200
f 1201 1200 1054
f 1202 1201 1054
f 1055 1202 1054
f 1203 1063 1193
f 1203 1064 1063
f 1204 1205 1193
f 1203 1193 1205
f 1206 1204 1193
f 1207 1206 1193
f 1208 1207 1193
f 1209 1208 1193
f 1210 1209 1193
f 1192 1210 1193
f 1203 1205 1204
f 1211 1204 1206
f 1203 1204 1211
f 1212 1206 1207
f 1213 1211 1206
f 1212 1213 1206
f 1208 1209 1212
f 1212 1207 1208
f 1214 1209 1210
f 1214 1212 1209
f 1215 1210 1192
f 1215 1214 1210
f 1194 1215 1192
f 1045 1200 1201
f 1216 1201 1202
f 1045 1201 1216
f 1217 1202 1055
f 1217 1216 1202
f 1217 1055 1056
f 1034 1056 1052
f 1218 1217 1056
f 1034 1218 1056
f 1142 1065 1064
f 1219 1142 1064
f 1220 1064 1203
f 1221 1064 1220
f 1222 1064 1221
f 1219 1064 1222
f 1223 1066 1065
f 1223 1067 1066
f 1224 1223 1065
f 1225 1224 1065
f 1226 1225 1065
f 1227 1226 1065
f 1228 1227 1065
f 1229 1228 1065
f 1230 1229 1065
f 1231 1230 1065
f 1232 1231 1065
f 1233 1232 1065
f 1234 1233 1065
f 1235 1234 1065
f 1143 1235 1065
f 1236 1062 1068
f 1059 1062 1236
f 1237 1068 1069
f 1236 1068 1237
f 1237 1069 1070
f 1238 1070 1067
f 1237 1070 1238
f 1238 1067 1223
f 1199 1141 1144
f 1239 1144 1145
f 1199 1144 1239
f 1240 1145 1146
f 1239 1145 1240
f 1240 1146 1147
f 1241 1147 1148
f 1240 1147 1241
f 1242 1148 1149
f 1241 1148 1242
f 1243 1149 1142
f 1242 1149 1243
f 1219 1243 1142
f 1244 1223 1224
f 1244 1238 1223
f 1244 1224 1225
f 1245 1225 1226
f 1244 1225 1245
f 1246 1226 1227
f 1245 1226 1246
f 1247 1227 1228
f 1246 1227 1247
f 1248 1228 1229
f 1247 1228 1248
f 1249 1229 1230
f 1248 1229 1249
f 1249 1230 1231
f 1250 1231 1232
f 1249 1231 1251
f 1250 1251 1231
f 1250 1232 1233
f 1252 1233 1234
f 1250 1233 1252
f 1253 1234 1235
f 1252 1234 1253
f 1254 1235 1143
f 1253 1235 1254
f 1255 1143 1150
f 1254 1143 1256
f 1255 1256 1143
f 1257 1150 1151
f 1255 1150 1257
f 1258 1151 1152
f 1257 1151 1258
f 1258 1152 1153
f 1259 1153 1154
f 1258 1153 1259
f 1155 1154 1140
f 1155 1259 1154
f 1219 1260 1243
f 1261 1243 1260
f 1261 1242 1243
f 1222 1262 1260
f 1263 1260 1262
f 1219 1222 1260
f 1263 1261 1260
f 1221 1264 1262
f 1265 1262 1264
f 1222 1221 1262
f 1265 1263 1262
f 1220 1211 1264
f 1213 1264 1211
f 1221 1220 1264
f 1213 1265 1264
f 1220 1203 1211
f 1266 1242 1261
f 1266 1241 1242
f 1267 1261 1263
f 1267 1266 1261
f 1268 1263 1265
f 1268 1267 1263
f 1269 1265 1213
f 1269 1268 1265
f 1212 1269 1213
f 1270 1241 1266
f 1270 1240 1241
f 1271 1266 1267
f 1271 1270 1266
f 1272 1267 1268
f 1272 1271 1267
f 1273 1268 1269
f 1273 1272 1268
f 1214 1269 1212
f 1214 1273 1269
f 1274 1240 1270
f 1274 1239 1240
f 1275 1270 1271
f 1275 1274 1270
f 1276 1271 1272
f 1276 1275 1271
f 1277 1272 1273
f 1277 1276 1272
f 1215 1273 1214
f 1215 1277 1273
f 1198 1239 1274
f 1198 1199 1239
f 1197 1274 1275
f 1197 1198 1274
f 1196 1275 1276
f 1196 1197 1275
f 1195 1276 1277
f 1195 1196 1276
f 1194 1277 1215
f 1194 1195 1277
f 1244 1278 1238
f 1237 1238 1278
f 1245 1279 1278
f 1280 1278 1279
f 1244 1245 1278
f 1280 1237 1278
f 1246 1281 1279
f 1282 1279 1281
f 1245 1246 1279
f 1282 1280 1279
f 1247 1283 1281
f 1284 1281 1283
f 1246 1247 1281
f 1284 1282 1281
f 1248 1285 1283
f 1286 1283 1285
f 1247 1248 1283
f 1286 1284 1283
f 1249 1287 1285
f 1288 1285 1287
f 1248 1249 1285
f 1288 1286 1285
f 1251 1289 1287
f 1290 1287 1289
f 1249 1251 1287
f 1290 1288 1287
f 1291 1292 1289
f 1293 1289 1292
f 1251 1291 1289
f 1293 1290 1289
f 1294 1295 1292
f 1296 1292 1295
f 1291 1294 1292
f 1296 1293 1292
f 1297 1298 1295
f 1299 1295 1298
f 1300 1297 1295
f 1294 1300 1295
f 1299 1296 1295
f 1301 1298 1297
f 1302 1299 1298
f 1303 1302 1298
f 1303 1298 1301
f 1256 1297 1300
f 1255 1297 1256
f 1301 1297 1255
f 1253 1300 1294
f 1254 1256 1300
f 1253 1254 1300
f 1252 1294 1291
f 1252 1253 1294
f 1250 1291 1251
f 1250 1252 1291
f 1236 1237 1280
f 1304 1280 1282
f 1304 1236 1280
f 1305 1282 1284
f 1305 1304 1282
f 1306 1284 1286
f 1306 1305 1284
f 1307 1286 1288
f 1307 1306 1286
f 1308 1288 1290
f 1308 1307 1288
f 1309 1290 1293
f 1309 1308 1290
f 1310 1293 1296
f 1310 1309 1293
f 1311 1296 1299
f 1311 1310 1296
f 1302 1312 1299
f 1313 1299 1312
f 1313 1311 1299
f 1303 1312 1302
f 1314 1313 1312
f 1303 1314 1312
f 1059 1236 1304
f 1106 1304 1305
f 1106 1059 1304
f 1105 1305 1306
f 1105 1106 1305
f 1104 1306 1307
f 1104 1105 1306
f 1103 1307 1308
f 1103 1104 1307
f 1102 1308 1309
f 1102 1103 1308
f 1101 1309 1310
f 1101 1102 1309
f 1100 1310 1311
f 1100 1101 1310
f 1099 1311 1313
f 1099 1100 1311
f 1098 1313 1314
f 1098 1099 1313
f 1097 1098 1314
f 1315 1097 1314
f 1315 1314 1303
f 1088 1097 1315
f 1159 1316 1259
f 1258 1259 1316
f 1155 1159 1259
f 1158 1317 1316
f 1318 1316 1317
f 1159 1158 1316
f 1318 1258 1316
f 1156 1319 1317
f 1320 1317 1319
f 1158 1156 1317
f 1320 1318 1317
f 1089 1090 1319
f 1321 1319 1090
f 1157 1089 1319
f 1156 1157 1319
f 1321 1320 1319
f 1091 1321 1090
f 1092 1089 1157
f 1257 1258 1318
f 1322 1318 1320
f 1322 1257 1318
f 1323 1320 1321
f 1323 1322 1320
f 1324 1321 1091
f 1324 1323 1321
f 1093 1324 1091
f 1255 1257 1322
f 1301 1322 1323
f 1301 1255 1322
f 1303 1323 1324
f 1303 1301 1323
f 1093 1094 1324
f 1315 1324 1094
f 1315 1303 1324
f 1088 1315 1094
f 1113 1087 1073
f 1045 1216 1041
f 1217 1041 1216
f 1043 1042 1041
f 1217 1043 1041
f 1038 1043 1217
f 1218 1038 1217
f 1218 1033 1038
f 1218 1035 1033
f 1034 1035 1218
f 1177 1176 1185
f 1325 1185 1186
f 1326 1177 1185
f 1326 1185 1325
f 1327 1186 1187
f 1325 1186 1327
f 1328 1187 1188
f 1327 1187 1328
f 1329 1188 1189
f 1328 1188 1329
f 1330 1189 1190
f 1329 1189 1330
f 1331 1190 1191
f 1330 1190 1331
f 1332 1191 1021
f 1331 1191 1332
f 1332 1021 1020
f 1333 985 1178
f 1001 985 1333
f 1334 1160 985
f 1335 1334 985
f 1336 1335 985
f 1337 1336 985
f 1338 1337 985
f 1339 1338 985
f 1340 1339 985
f 1341 1340 985
f 983 1341 985
f 1342 1178 1179
f 1342 1333 1178
f 1343 1179 1180
f 1343 1342 1179
f 1344 1180 1181
f 1344 1343 1180
f 1345 1181 1182
f 1345 1344 1181
f 1346 1182 1183
f 1346 1345 1182
f 1347 1183 1184
f 1347 1346 1183
f 1326 1184 1177
f 1326 1347 1184
f 1000 1348 1028
f 1027 1028 1348
f 1007 1349 1348
f 1350 1348 1349
f 1000 1007 1348
f 1350 1027 1348
f 1006 1351 1349
f 1352 1349 1351
f 1007 1006 1349
f 1352 1350 1349
f 1005 1353 1351
f 1354 1351 1353
f 1006 1005 1351
f 1354 1352 1351
f 1004 1355 1353
f 1356 1353 1355
f 1005 1004 1353
f 1356 1354 1353
f 1003 1357 1355
f 1358 1355 1357
f 1004 1003 1355
f 1358 1356 1355
f 1002 1359 1357
f 1360 1357 1359
f 1003 1002 1357
f 1360 1358 1357
f 1001 1333 1359
f 1361 1359 1333
f 1002 1001 1359
f 1361 1360 1359
f 1342 1361 1333
f 1026 1027 1350
f 1362 1350 1352
f 1362 1026 1350
f 1363 1352 1354
f 1363 1362 1352
f 1364 1354 1356
f 1364 1363 1354
f 1365 1356 1358
f 1365 1364 1356
f 1366 1358 1360
f 1366 1365 1358
f 1367 1360 1361
f 1367 1366 1360
f 1368 1361 1342
f 1368 1367 1361
f 1343 1368 1342
f 1025 1026 1362
f 1369 1362 1363
f 1369 1025 1362
f 1370 1363 1364
f 1370 1369 1363
f 1371 1364 1365
f 1371 1370 1364
f 1372 1365 1366
f 1372 1371 1365
f 1373 1366 1367
f 1373 1372 1366
f 1374 1367 1368
f 1374 1373 1367
f 1375 1368 1343
f 1375 1374 1368
f 1344 1375 1343
f 1024 1025 1369
f 1376 1369 1370
f 1376 1024 1369
f 1377 1370 1371
f 1377 1376 1370
f 1378 1371 1372
f 1378 1377 1371
f 1379 1372 1373
f 1379 1378 1372
f 1380 1373 1374
f 1380 1379 1373
f 1381 1374 1375
f 1381 1380 1374
f 1382 1375 1344
f 1382 1381 1375
f 1345 1382 1344
f 1023 1024 1376
f 1383 1376 1377
f 1383 1023 1376
f 1384 1377 1378
f 1384 1383 1377
f 1385 1378 1379
f 1385 1384 1378
f 1386 1379 1380
f 1386 1385 1379
f 1387 1380 1381
f 1387 1386 1380
f 1388 1381 1382
f 1388 1387 1381
f 1389 1382 1345
f 1389 1388 1382
f 1346 1389 1345
f 1022 1023 1383
f 1390 1383 1384
f 1390 1022 1383
f 1391 1384 1385
f 1391 1390 1384
f 1392 1385 1386
f 1392 1391 1385
f 1393 1386 1387
f 1393 1392 1386
f 1394 1387 1388
f 1394 1393 1387
f 1395 1388 1389
f 1395 1394 1388
f 1396 1389 1346
f 1396 1395 1389
f 1347 1396 1346
f 1020 1022 1390
f 1332 1390 1391
f 1332 1020 1390
f 1331 1391 1392
f 1331 1332 1391
f 1330 1392 1393
f 1330 1331 1392
f 1329 1393 1394
f 1329 1330 1393
f 1328 1394 1395
f 1328 1329 1394
f 1327 1395 1396
f 1327 1328 1395
f 1325 1396 1347
f 1325 1327 1396
f 1326 1325 1347
f 1397 1160 1334
f 1397 1161 1160
f 1398 1334 1335
f 1398 1397 1334
f 1399 1335 1336
f 1399 1398 1335
f 1400 1336 1337
f 1400 1399 1336
f 1401 1337 1338
f 1401 1400 1337
f 1402 1338 1339
f 1402 1401 1338
f 1403 1339 1340
f 1403 1402 1339
f 1404 1340 1341
f 1404 1403 1340
f 987 1341 983
f 1404 1341 987
f 1405 1127 1162
f 1405 1126 1127
f 1406 1162 1163
f 1406 1405 1162
f 1407 1163 1164
f 1407 1406 1163
f 1408 1164 1165
f 1408 1407 1164
f 1408 1165 1166
f 1409 1166 1167
f 1410 1408 1166
f 1409 1410 1166
f 1411 1167 1168
f 1411 1409 1167
f 1412 1168 1169
f 1412 1411 1168
f 1413 1169 1170
f 1413 1412 1169
f 1414 1170 1171
f 1414 1413 1170
f 1415 1171 1172
f 1415 1414 1171
f 1416 1172 1173
f 1416 1415 1172
f 1417 1173 1174
f 1417 1416 1173
f 1418 1174 1175
f 1418 1417 1174
f 1419 1175 1161
f 1419 1418 1175
f 1397 1419 1161
f 980 979 1123
f 1420 1123 1122
f 1420 980 1123
f 1421 1122 1124
f 1421 1420 1122
f 1422 1124 1125
f 1422 1421 1124
f 1423 1125 1126
f 1423 1422 1125
f 1405 1423 1126
f 981 980 1420
f 1424 1420 1421
f 1424 981 1420
f 1425 1421 1422
f 1425 1424 1421
f 1426 1422 1423
f 1426 1425 1422
f 1427 1423 1405
f 1427 1426 1423
f 1406 1427 1405
f 976 981 1424
f 998 1424 1425
f 998 976 1424
f 1428 1425 1426
f 1428 998 1425
f 1429 1426 1427
f 1429 1428 1426
f 1430 1427 1406
f 1430 1429 1427
f 1407 1430 1406
f 1431 998 1428
f 1431 999 998
f 1432 1428 1429
f 1433 1431 1428
f 1432 1433 1428
f 1434 1429 1430
f 1434 1432 1429
f 1435 1430 1407
f 1436 1434 1430
f 1435 1436 1430
f 1437 1435 1407
f 1408 1437 1407
f 1438 999 1431
f 1438 997 999
f 1439 1431 1433
f 1438 1431 1439
f 1440 1433 1432
f 1439 1433 1440
f 1441 1432 1434
f 1440 1432 1441
f 1442 1434 1436
f 1441 1434 1442
f 1443 1436 1435
f 1442 1436 1443
f 1444 1435 1437
f 1443 1435 1444
f 1410 1437 1408
f 1444 1437 1410
f 1404 987 986
f 1445 986 988
f 1404 986 1445
f 1446 988 989
f 1445 988 1446
f 1447 989 990
f 1446 989 1447
f 1448 990 991
f 1447 990 1448
f 1449 991 992
f 1448 991 1449
f 1450 992 993
f 1449 992 1450
f 1451 993 994
f 1450 993 1451
f 1452 994 995
f 1451 994 1452
f 1453 995 996
f 1452 995 1453
f 1454 996 997
f 1453 996 1454
f 1454 997 1438
f 1444 1410 1409
f 1455 1409 1411
f 1455 1444 1409
f 1456 1411 1412
f 1456 1455 1411
f 1457 1412 1413
f 1457 1456 1412
f 1458 1413 1414
f 1458 1457 1413
f 1459 1414 1415
f 1459 1458 1414
f 1460 1415 1416
f 1460 1459 1415
f 1461 1416 1417
f 1461 1460 1416
f 1462 1417 1418
f 1462 1461 1417
f 1463 1418 1419
f 1463 1462 1418
f 1464 1419 1397
f 1464 1463 1419
f 1398 1464 1397
f 1443 1444 1455
f 1465 1455 1456
f 1465 1443 1455
f 1466 1456 1457
f 1466 1465 1456
f 1467 1457 1458
f 1467 1466 1457
f 1468 1458 1459
f 1468 1467 1458
f 1469 1459 1460
f 1469 1468 1459
f 1470 1460 1461
f 1470 1469 1460
f 1471 1461 1462
f 1471 1470 1461
f 1472 1462 1463
f 1472 1471 1462
f 1473 1463 1464
f 1473 1472 1463
f 1474 1464 1398
f 1474 1473 1464
f 1399 1474 1398
f 1442 1443 1465
f 1475 1465 1466
f 1475 1442 1465
f 1476 1466 1467
f 1476 1475 1466
f 1477 1467 1468
f 1477 1476 1467
f 1478 1468 1469
f 1478 1477 1468
f 1479 1469 1470
f 1479 1478 1469
f 1480 1470 1471
f 1480 1479 1470
f 1481 1471 1472
f 1481 1480 1471
f 1482 1472 1473
f 1482 1481 1472
f 1483 1473 1474
f 1483 1482 1473
f 1484 1474 1399
f 1484 1483 1474
f 1400 1484 1399
f 1441 1442 1475
f 1485 1475 1476
f 1485 1441 1475
f 1486 1476 1477
f 1486 1485 1476
f 1487 1477 1478
f 1487 1486 1477
f 1488 1478 1479
f 1488 1487 1478
f 1489 1479 1480
f 1489 1488 1479
f 1490 1480 1481
f 1490 1489 1480
f 1491 1481 1482
f 1491 1490 1481
f 1492 1482 1483
f 1492 1491 1482
f 1493 1483 1484
f 1493 1492 1483
f 1494 1484 1400
f 1494 1493 1484
f 1401 1494 1400
f 1440 1441 1485
f 1495 1485 1486
f 1495 1440 1485
f 1496 1486 1487
f 1496 1495 1486
f 1497 1487 1488
f 1497 1496 1487
f 1498 1488 1489
f 1498 1497 1488
f 1499 1489 1490
f 1499 1498 1489
f 1500 1490 1491
f 1500 1499 1490
f 1501 1491 1492
f 1501 1500 1491
f 1502 1492 1493
f 1502 1501 1492
f 1503 1493 1494
f 1503 1502 1493
f 1504 1494 1401
f 1504 1503 1494
f 1402 1504 1401
f 1439 1440 1495
f 1505 1495 1496
f 1505 1439 1495
f 1506 1496 1497
f 1506 1505 1496
f 1507 1497 1498
f 1507 1506 1497
f 1508 1498 1499
f 1508 1507 1498
f 1509 1499 1500
f 1509 1508 1499
f 1510 1500 1501
f 1510 1509 1500
f 1511 1501 1502
f 1511 1510 1501
f 1512 1502 1503
f 1512 1511 1502
f 1513 1503 1504
f 1513 1512 1503
f 1514 1504 1402
f 1514 1513 1504
f 1403 1514 1402
f 1438 1439 1505
f 1454 1505 1506
f 1454 1438 1505
f 1453 1506 1507
f 1453 1454 1506
f 1452 1507 1508
f 1452 1453 1507
f 1451 1508 1509
f 1451 1452 1508
f 1450 1509 1510
f 1450 1451 1509
f 1449 1510 1511
f 1449 1450 1510
f 1448 1511 1512
f 1448 1449 1511
f 1447 1512 1513
f 1447 1448 1512
f 1446 1513 1514
f 1446 1447 1513
f 1445 1514 1403
f 1445 1446 1514
f 1404 1445 1403
f 1515 505 535
f 1516 506 505
f 1515 1516 505
f 1517 535 494
f 1518 1515 535
f 1519 1518 535
f 1520 1519 535
f 1521 1520 535
f 1522 1521 535
f 1523 1522 535
f 1517 1523 535
f 1524 1525 494
f 1526 494 1525
f 1527 1524 494
f 1528 1527 494
f 1529 1528 494
f 1530 1529 494
f 1531 1530 494
f 1532 1531 494
f 1533 1532 494
f 1534 1533 494
f 1535 1534 494
f 1536 1535 494
f 1537 1536 494
f 1538 1537 494
f 1539 1538 494
f 1540 1539 494
f 1541 1540 494
f 1542 1541 494
f 499 1542 494
f 1543 1517 494
f 1544 1543 494
f 1526 1544 494
f 1545 496 495
f 492 1545 495
f 493 496 1545
f 1546 497 496
f 1547 496 1548
f 493 1548 496
f 1549 1546 496
f 1550 1549 496
f 1551 1550 496
f 1552 1551 496
f 1553 1552 496
f 1554 1553 496
f 1555 1554 496
f 1556 1555 496
f 1557 1556 496
f 1558 1557 496
f 1559 1558 496
f 1560 1559 496
f 1561 1560 496
f 1562 1561 496
f 1563 1562 496
f 1564 1563 496
f 1565 1564 496
f 1566 1565 496
f 1567 1566 496
f 1547 1567 496
f 493 1545 492
f 254 259 492
f 254 264 259
f 210 215 233
f 205 210 233
f 210 216 215
f 205 214 210
f 163 169 185
f 163 171 169
f 159 166 163
f 117 122 121
f 112 118 117
f 89 82 98
f 89 90 82
f 498 506 1516
f 1515 498 1516
f 1568 498 1515
f 1568 500 498
f 1569 1568 1515
f 1570 1569 1515
f 1571 1570 1515
f 1572 1571 1515
f 1573 1572 1515
f 1574 1573 1515
f 1575 1574 1515
f 1576 1575 1515
f 1577 1576 1515
f 1578 1577 1515
f 1579 1578 1515
f 1580 1579 1515
f 1581 1580 1515
f 1582 1581 1515
f 1583 1582 1515
f 1584 1583 1515
f 1585 1584 1515
f 1518 1585 1515
f 1586 1525 1524
f 1587 1526 1525
f 1587 1525 1586
f 1588 1524 1527
f 1588 1586 1524
f 1589 1527 1528
f 1589 1588 1527
f 1590 1528 1529
f 1590 1589 1528
f 1591 1529 1530
f 1591 1590 1529
f 1592 1530 1531
f 1592 1591 1530
f 1593 1531 1532
f 1593 1592 1531
f 1594 1532 1533
f 1594 1593 1532
f 1595 1533 1534
f 1595 1594 1533
f 1596 1534 1535
f 1596 1595 1534
f 1597 1535 1536
f 1597 1596 1535
f 1598 1536 1537
f 1598 1597 1536
f 1599 1537 1538
f 1599 1598 1537
f 1600 1538 1539
f 1600 1599 1538
f 1601 1539 1540
f 1601 1600 1539
f 1602 1540 1541
f 1602 1601 1540
f 1603 1541 1542
f 1603 1602 1541
f 1604 1542 499
f 1604 1603 1542
f 1605 499 501
f 1605 1604 499
f 1606 501 502
f 1606 1605 501
f 1607 502 503
f 1607 1606 502
f 1608 503 500
f 1608 1607 503
f 1609 500 1568
f 1609 1608 500
f 1610 1568 1569
f 1610 1609 1568
f 1611 1569 1570
f 1611 1610 1569
f 1612 1570 1571
f 1612 1611 1570
f 1613 1571 1572
f 1613 1612 1571
f 1614 1572 1573
f 1614 1613 1572
f 1615 1573 1574
f 1615 1614 1573
f 1616 1574 1575
f 1616 1615 1574
f 1617 1575 1576
f 1617 1616 1575
f 1618 1576 1577
f 1618 1617 1576
f 1619 1577 1578
f 1619 1618 1577
f 1620 1578 1579
f 1620 1619 1578
f 1621 1579 1580
f 1621 1620 1579
f 1622 1580 1581
f 1622 1621 1580
f 1623 1581 1582
f 1623 1622 1581
f 1624 1582 1583
f 1624 1623 1582
f 1625 1583 1584
f 1625 1624 1583
f 1626 1584 1585
f 1626 1625 1584
f 1627 1585 1518
f 1627 1626 1585
f 1628 1518 1519
f 1628 1627 1518
f 1629 1519 1520
f 1629 1628 1519
f 1630 1520 1521
f 1630 1629 1520
f 1631 1521 1522
f 1631 1630 1521
f 1632 1522 1523
f 1632 1631 1522
f 1633 1523 1517
f 1633 1632 1523
f 1634 1517 1543
f 1634 1633 1517
f 1635 1543 1544
f 1635 1634 1543
f 1636 1544 1526
f 1636 1635 1544
f 1587 1636 1526
f 1637 1548 497
f 491 497 1548
f 1638 1639 497
f 1637 497 1639
f 1640 1638 497
f 1641 1640 497
f 1642 1641 497
f 1643 1642 497
f 1644 1643 497
f 1645 1644 497
f 1646 1645 497
f 1647 1646 497
f 1648 1647 497
f 1649 1648 497
f 1650 1649 497
f 1651 1650 497
f 1652 1651 497
f 1653 1652 497
f 1654 1653 497
f 1655 1654 497
f 1656 1655 497
f 1657 1656 497
f 1546 1657 497
f 1658 1547 1548
f 1659 1658 1548
f 1660 1659 1548
f 1661 1660 1548
f 1662 1661 1548
f 1663 1662 1548
f 1664 1663 1548
f 1665 1664 1548
f 1666 1665 1548
f 1637 1666 1548
f 493 491 1548
f 1667 1639 1638
f 1668 1637 1639
f 1668 1639 1667
f 1669 1638 1640
f 1669 1667 1638
f 1670 1640 1641
f 1670 1669 1640
f 1671 1641 1642
f 1671 1670 1641
f 1672 1642 1643
f 1672 1671 1642
f 1673 1643 1644
f 1673 1672 1643
f 1674 1644 1645
f 1674 1673 1644
f 1675 1645 1646
f 1675 1674 1645
f 1676 1646 1647
f 1676 1675 1646
f 1677 1647 1648
f 1677 1676 1647
f 1678 1648 1649
f 1678 1677 1648
f 1679 1649 1650
f 1679 1678 1649
f 1680 1650 1651
f 1680 1679 1650
f 1681 1651 1652
f 1681 1680 1651
f 1682 1652 1653
f 1682 1681 1652
f 1683 1653 1654
f 1683 1682 1653
f 1684 1654 1655
f 1684 1683 1654
f 1685 1655 1656
f 1685 1684 1655
f 1686 1656 1657
f 1686 1685 1656
f 1687 1657 1546
f 1687 1686 1657
f 1688 1546 1549
f 1688 1687 1546
f 1689 1549 1550
f 1689 1688 1549
f 1690 1550 1551
f 1690 1689 1550
f 1691 1551 1552
f 1691 1690 1551
f 1692 1552 1553
f 1692 1691 1552
f 1693 1553 1554
f 1693 1692 1553
f 1694 1554 1555
f 1694 1693 1554
f 1695 1555 1556
f 1695 1694 1555
f 1696 1556 1557
f 1696 1695 1556
f 1697 1557 1558
f 1697 1696 1557
f 1698 1558 1559
f 1698 1697 1558
f 1699 1559 1560
f 1699 1698 1559
f 1700 1560 1561
f 1700 1699 1560
f 1701 1561 1562
f 1701 1700 1561
f 1702 1562 1563
f 1702 1701 1562
f 1703 1563 1564
f 1703 1702 1563
f 1704 1564 1565
f 1704 1703 1564
f 1705 1565 1566
f 1705 1704 1565
f 1706 1566 1567
f 1706 1705 1566
f 1707 1567 1547
f 1707 1706 1567
f 1708 1547 1658
f 1708 1707 1547
f 1709 1658 1659
f 1709 1708 1658
f 1710 1659 1660
f 1710 1709 1659
f 1711 1660 1661
f 1711 1710 1660
f 1712 1661 1662
f 1712 1711 1661
f 1713 1662 1663
f 1713 1712 1662
f 1714 1663 1664
f 1714 1713 1663
f 1715 1664 1665
f 1715 1714 1664
f 1716 1665 1666
f 1716 1715 1665
f 1717 1666 1637
f 1717 1716 1666
f 1668 1717 1637
f 1668 1667 1669
f 1668 1669 1670
f 1717 1670 1671
f 1668 1670 1717
f 1716 1671 1672
f 1717 1671 1716
f 1715 1672 1673
f 1716 1672 1715
f 1714 1673 1674
f 1715 1673 1714
f 1718 1674 1675
f 1714 1674 1713
f 1718 1713 1674
f 1719 1675 1676
f 1720 1718 1675
f 1721 1720 1675
f 1719 1721 1675
f 1722 1676 1677
f 1723 1719 1676
f 1722 1723 1676
f 1724 1677 1678
f 1725 1722 1677
f 1724 1725 1677
f 1726 1678 1679
f 1726 1724 1678
f 1727 1679 1680
f 1728 1726 1679
f 1727 1728 1679
f 1729 1680 1681
f 1729 1727 1680
f 1730 1681 1682
f 1729 1681 1730
f 1731 1682 1683
f 1732 1730 1682
f 1731 1732 1682
f 1733 1683 1684
f 1733 1731 1683
f 1734 1684 1685
f 1735 1733 1684
f 1734 1735 1684
f 1736 1685 1686
f 1736 1734 1685
f 1737 1686 1687
f 1738 1736 1686
f 1737 1738 1686
f 1739 1687 1688
f 1740 1737 1687
f 1739 1740 1687
f 1699 1688 1689
f 1700 1688 1699
f 1741 1688 1700
f 1742 1739 1688
f 1743 1742 1688
f 1741 1743 1688
f 1698 1689 1690
f 1699 1689 1698
f 1697 1690 1691
f 1698 1690 1697
f 1696 1691 1692
f 1697 1691 1696
f 1695 1692 1693
f 1696 1692 1695
f 1695 1693 1694
f 1741 1700 1701
f 1744 1701 1702
f 1745 1741 1701
f 1746 1745 1701
f 1747 1746 1701
f 1744 1747 1701
f 1748 1702 1703
f 1749 1744 1702
f 1748 1749 1702
f 1750 1703 1704
f 1751 1748 1703
f 1750 1751 1703
f 1752 1704 1705
f 1752 1750 1704
f 1753 1705 1706
f 1753 1752 1705
f 1754 1706 1707
f 1755 1753 1706
f 1754 1755 1706
f 1756 1707 1708
f 1756 1754 1707
f 1757 1708 1709
f 1758 1756 1708
f 1757 1758 1708
f 1759 1709 1710
f 1759 1757 1709
f 1760 1710 1711
f 1761 1759 1710
f 1760 1761 1710
f 1762 1711 1712
f 1762 1760 1711
f 1763 1712 1713
f 1764 1762 1712
f 1763 1764 1712
f 1765 1763 1713
f 1766 1765 1713
f 1767 1766 1713
f 1718 1767 1713
f 1768 1730 1732
f 1769 1729 1730
f 1769 1730 1768
f 1770 1732 1731
f 1770 1768 1732
f 1771 1731 1733
f 1771 1770 1731
f 1772 1733 1735
f 1772 1771 1733
f 1773 1735 1734
f 1773 1772 1735
f 1774 1734 1736
f 1774 1773 1734
f 1775 1736 1738
f 1775 1774 1736
f 1776 1738 1737
f 1776 1775 1738
f 1777 1737 1740
f 1777 1776 1737
f 1778 1740 1739
f 1778 1777 1740
f 1779 1739 1742
f 1779 1778 1739
f 1780 1742 1743
f 1780 1779 1742
f 1781 1743 1741
f 1781 1780 1743
f 1782 1741 1745
f 1782 1781 1741
f 1783 1745 1746
f 1783 1782 1745
f 1784 1746 1747
f 1784 1783 1746
f 1785 1747 1744
f 1785 1784 1747
f 1786 1744 1749
f 1786 1785 1744
f 1787 1749 1748
f 1787 1786 1749
f 1788 1748 1751
f 1788 1787 1748
f 1789 1751 1750
f 1789 1788 1751
f 1790 1750 1752
f 1790 1789 1750
f 1791 1752 1753
f 1791 1790 1752
f 1792 1753 1755
f 1792 1791 1753
f 1793 1755 1754
f 1793 1792 1755
f 1794 1754 1756
f 1794 1793 1754
f 1795 1756 1758
f 1795 1794 1756
f 1796 1758 1757
f 1796 1795 1758
f 1797 1757 1759
f 1797 1796 1757
f 1798 1759 1761
f 1798 1797 1759
f 1799 1761 1760
f 1799 1798 1761
f 1800 1760 1762
f 1800 1799 1760
f 1801 1762 1764
f 1801 1800 1762
f 1802 1764 1763
f 1802 1801 1764
f 1803 1763 1765
f 1803 1802 1763
f 1804 1765 1766
f 1804 1803 1765
f 1805 1766 1767
f 1805 1804 1766
f 1806 1767 1718
f 1806 1805 1767
f 1807 1718 1720
f 1807 1806 1718
f 1808 1720 1721
f 1808 1807 1720
f 1809 1721 1719
f 1809 1808 1721
f 1810 1719 1723
f 1810 1809 1719
f 1811 1723 1722
f 1811 1810 1723
f 1812 1722 1725
f 1812 1811 1722
f 1813 1725 1724
f 1813 1812 1725
f 1814 1724 1726
f 1814 1813 1724
f 1815 1726 1728
f 1815 1814 1726
f 1816 1728 1727
f 1816 1815 1728
f 1817 1727 1729
f 1817 1816 1727
f 1769 1817 1729
f 1794 1768 1770
f 1795 1768 1794
f 1769 1768 1795
f 1792 1770 1771
f 1793 1770 1792
f 1794 1770 1793
f 1791 1771 1772
f 1792 1771 1791
f 1790 1772 1773
f 1791 1772 1790
f 1789 1773 1774
f 1790 1773 1789
f 1788 1774 1775
f 1789 1774 1788
f 1787 1775 1776
f 1788 1775 1787
f 1786 1776 1777
f 1787 1776 1786
f 1785 1777 1778
f 1786 1777 1785
f 1784 1778 1779
f 1785 1778 1784
f 1783 1779 1780
f 1784 1779 1783
f 1782 1780 1781
f 1783 1780 1782
f 1817 1795 1796
f 1769 1795 1817
f 1816 1796 1797
f 1817 1796 1816
f 1815 1797 1798
f 1816 1797 1815
f 1814 1798 1799
f 1815 1798 1814
f 1813 1799 1800
f 1814 1799 1813
f 1812 1800 1801
f 1813 1800 1812
f 1811 1801 1802
f 1812 1801 1811
f 1810 1802 1803
f 1811 1802 1810
f 1809 1803 1804
f 1810 1803 1809
f 1808 1804 1805
f 1809 1804 1808
f 1807 1805 1806
f 1808 1805 1807
f 1587 1586 1588
f 1587 1588 1589
f 1636 1589 1590
f 1587 1589 1636
f 1635 1590 1591
f 1636 1590 1635
f 1634 1591 1592
f 1635 1591 1634
f 1633 1592 1593
f 1634 1592 1633
f 1818 1593 1594
f 1633 1593 1632
f 1818 1632 1593
f 1819 1594 1595
f 1820 1818 1594
f 1821 1820 1594
f 1819 1821 1594
f 1822 1595 1596
f 1823 1819 1595
f 1822 1823 1595
f 1824 1596 1597
f 1825 1822 1596
f 1824 1825 1596
f 1826 1597 1598
f 1826 1824 1597
f 1827 1598 1599
f 1828 1826 1598
f 1827 1828 1598
f 1829 1599 1600
f 1829 1827 1599
f 1830 1600 1601
f 1830 1829 1600
f 1831 1601 1602
f 1832 1830 1601
f 1831 1832 1601
f 1833 1602 1603
f 1833 1831 1602
f 1834 1603 1604
f 1835 1833 1603
f 1834 1835 1603
f 1836 1604 1605
f 1836 1834 1604
f 1837 1605 1606
f 1838 1836 1605
f 1837 1838 1605
f 1839 1606 1607
f 1840 1837 1606
f 1839 1840 1606
f 1618 1607 1608
f 1619 1607 1618
f 1841 1607 1619
f 1842 1839 1607
f 1843 1842 1607
f 1841 1843 1607
f 1617 1608 1609
f 1618 1608 1617
f 1616 1609 1610
f 1617 1609 1616
f 1615 1610 1611
f 1616 1610 1615
f 1614 1611 1612
f 1615 1611 1614
f 1614 1612 1613
f 1841 1619 1620
f 1844 1620 1621
f 1845 1841 1620
f 1846 1845 1620
f 1847 1846 1620
f 1844 1847 1620
f 1848 1621 1622
f 1849 1844 1621
f 1848 1849 1621
f 1850 1622 1623
f 1851 1848 1622
f 1850 1851 1622
f 1852 1623 1624
f 1852 1850 1623
f 1853 1624 1625
f 1853 1852 1624
f 1854 1625 1626
f 1855 1625 1854
f 1855 1853 1625
f 1856 1626 1627
f 1856 1854 1626
f 1857 1627 1628
f 1858 1856 1627
f 1857 1858 1627
f 1859 1628 1629
f 1859 1857 1628
f 1860 1629 1630
f 1861 1859 1629
f 1860 1861 1629
f 1862 1630 1631
f 1862 1860 1630
f 1863 1631 1632
f 1864 1862 1631
f 1863 1864 1631
f 1865 1863 1632
f 1866 1865 1632
f 1867 1866 1632
f 1818 1867 1632
f 1868 1854 1856
f 1869 1855 1854
f 1869 1854 1868
f 1870 1856 1858
f 1870 1868 1856
f 1871 1858 1857
f 1871 1870 1858
f 1872 1857 1859
f 1872 1871 1857
f 1873 1859 1861
f 1873 1872 1859
f 1874 1861 1860
f 1874 1873 1861
f 1875 1860 1862
f 1875 1874 1860
f 1876 1862 1864
f 1876 1875 1862
f 1877 1864 1863
f 1877 1876 1864
f 1878 1863 1865
f 1878 1877 1863
f 1879 1865 1866
f 1879 1878 1865
f 1880 1866 1867
f 1880 1879 1866
f 1881 1867 1818
f 1881 1880 1867
f 1882 1818 1820
f 1882 1881 1818
f 1883 1820 1821
f 1883 1882 1820
f 1884 1821 1819
f 1884 1883 1821
f 1885 1819 1823
f 1885 1884 1819
f 1886 1823 1822
f 1886 1885 1823
f 1887 1822 1825
f 1887 1886 1822
f 1888 1825 1824
f 1888 1887 1825
f 1889 1824 1826
f 1889 1888 1824
f 1890 1826 1828
f 1890 1889 1826
f 1891 1828 1827
f 1891 1890 1828
f 1892 1827 1829
f 1892 1891 1827
f 1893 1829 1830
f 1893 1892 1829
f 1894 1830 1832
f 1894 1893 1830
f 1895 1832 1831
f 1895 1894 1832
f 1896 1831 1833
f 1896 1895 1831
f 1897 1833 1835
f 1897 1896 1833
f 1898 1835 1834
f 1898 1897 1835
f 1899 1834 1836
f 1899 1898 1834
f 1900 1836 1838
f 1900 1899 1836
f 1901 1838 1837
f 1901 1900 1838
f 1902 1837 1840
f 1902 1901 1837
f 1903 1840 1839
f 1903 1902 1840
f 1904 1839 1842
f 1904 1903 1839
f 1905 1842 1843
f 1905 1904 1842
f 1906 1843 1841
f 1906 1905 1843
f 1907 1841 1845
f 1907 1906 1841
f 1908 1845 1846
f 1908 1907 1845
f 1909 1846 1847
f 1909 1908 1846
f 1910 1847 1844
f 1910 1909 1847
f 1911 1844 1849
f 1911 1910 1844
f 1912 1849 1848
f 1912 1911 1849
f 1913 1848 1851
f 1913 1912 1848
f 1914 1851 1850
f 1914 1913 1851
f 1915 1850 1852
f 1915 1914 1850
f 1916 1852 1853
f 1916 1915 1852
f 1917 1853 1855
f 1917 1916 1853
f 1869 1917 1855
f 1894 1868 1870
f 1895 1868 1894
f 1869 1868 1895
f 1892 1870 1871
f 1893 1870 1892
f 1894 1870 1893
f 1891 1871 1872
f 1892 1871 1891
f 1890 1872 1873
f 1891 1872 1890
f 1889 1873 1874
f 1890 1873 1889
f 1888 1874 1875
f 1889 1874 1888
f 1887 1875 1876
f 1888 1875 1887
f 1886 1876 1877
f 1887 1876 1886
f 1885 1877 1878
f 1886 1877 1885
f 1884 1878 1879
f 1885 1878 1884
f 1883 1879 1880
f 1884 1879 1883
f 1882 1880 1881
f 1883 1880 1882
f 1917 1895 1896
f 1869 1895 1917
f 1916 1896 1897
f 1917 1896 1916
f 1915 1897 1898
f 1916 1897 1915
f 1914 1898 1899
f 1915 1898 1914
f 1913 1899 1900
f 1914 1899 1913
f 1912 1900 1901
f 1913 1900 1912
f 1911 1901 1902
f 1912 1901 1911
f 1910 1902 1903
f 1911 1902 1910
f 1909 1903 1904
f 1910 1903 1909
f 1908 1904 1905
f 1909 1904 1908
f 1907 1905 1906
f 1908 1905 1907
f 844 869 842
f 871 842 869
f 867 869 844
f 871 843 842
f 866 844 845
f 867 844 866
f 865 845 846
f 866 845 865
f 864 846 847
f 865 846 864
f 863 847 848
f 864 847 863
f 862 848 849
f 863 848 862
f 861 849 850
f 862 849 861
f 860 850 851
f 861 850 860
f 859 851 852
f 860 851 859
f 858 852 853
f 859 852 858
f 857 853 854
f 858 853 857
f 856 854 855
f 857 854 856
f 871 894 843
f 873 893 894
f 871 873 894
f 874 892 893
f 873 874 893
f 875 891 892
f 874 875 892
f 876 890 891
f 875 876 891
f 877 889 890
f 876 877 890
f 878 888 889
f 877 878 889
f 879 887 888
f 878 879 888
f 880 886 887
f 879 880 887
f 881 885 886
f 880 881 886
f 882 884 885
f 881 882 885
f 882 883 884
f 899 947 896
f 949 896 947
f 945 947 899
f 949 897 896
f 943 899 901
f 945 899 943
f 941 901 903
f 943 901 941
f 939 903 905
f 941 903 939
f 937 905 907
f 939 905 937
f 935 907 909
f 937 907 935
f 933 909 911
f 935 909 933
f 931 911 913
f 933 911 931
f 929 913 915
f 931 913 929
f 927 915 917
f 929 915 927
f 925 917 919
f 927 917 925
f 923 919 921
f 925 919 923
f 949 971 897
f 950 970 971
f 949 950 971
f 951 969 970
f 950 951 970
f 952 968 969
f 951 952 969
f 953 967 968
f 952 953 968
f 954 966 967
f 953 954 967
f 955 965 966
f 954 955 966
f 956 964 965
f 955 956 965
f 957 963 964
f 956 957 964
f 958 962 963
f 957 958 963
f 959 961 962
f 958 959 962
f 959 960 961
f 281 280 282
f 329 282 283
f 281 282 329
f 328 283 284
f 329 283 328
f 327 284 285
f 328 284 327
f 326 285 286
f 327 285 326
f 325 286 287
f 326 286 325
f 324 287 288
f 325 287 324
f 323 288 289
f 324 288 323
f 322 289 290
f 323 289 322
f 321 290 291
f 322 290 321
f 320 291 292
f 321 291 320
f 319 292 293
f 320 292 319
f 318 293 294
f 319 293 318
f 317 294 295
f 318 294 317
f 316 295 296
f 317 295 316
f 315 296 297
f 316 296 315
f 314 297 298
f 315 297 314
f 313 298 299
f 314 298 313
f 312 299 300
f 313 299 312
f 311 300 301
f 312 300 311
f 310 301 302
f 311 301 310
f 309 302 303
f 310 302 309
f 308 303 304
f 309 303 308
f 307 304 305
f 308 304 307
f 307 305 306
f 331 330 332
f 379 332 333
f 331 332 379
f 378 333 334
f 379 333 378
f 377 334 335
f 378 334 377
f 376 335 336
f 377 335 376
f 375 336 337
f 376 336 375
f 374 337 338
f 375 337 374
f 373 338 339
f 374 338 373
f 372 339 340
f 373 339 372
f 371 340 341
f 372 340 371
f 370 341 342
f 371 341 370
f 369 342 343
f 370 342 369
f 368 343 344
f 369 343 368
f 367 344 345
f 368 344 367
f 366 345 346
f 367 345 366
f 365 346 347
f 366 346 365
f 364 347 348
f 365 347 364
f 363 348 349
f 364 348 363
f 362 349 350
f 363 349 362
f 361 350 351
f 362 350 361
f 360 351 352
f 361 351 360
f 359 352 353
f 360 352 359
f 358 353 354
f 359 353 358
f 357 354 355
f 358 354 357
f 357 355 356
f 381 380 382
f 429 382 383
f 381 382 429
f 428 383 384
f 429 383 428
f 427 384 385
f 428 384 427
f 426 385 386
f 427 385 426
f 425 386 387
f 426 386 425
f 424 387 388
f 425 387 424
f 423 388 389
f 424 388 423
f 422 389 390
f 423 389 422
f 421 390 391
f 422 390 421
f 420 391 392
f 421 391 420
f 419 392 393
f 420 392 419
f 418 393 394
f 419 393 418
f 417 394 395
f 418 394 417
f 416 395 396
f 417 395 416
f 415 396 397
f 416 396 415
f 414 397 398
f 415 397 414
f 413 398 399
f 414 398 413
f 412 399 400
f 413 399 412
f 411 400 401
f 412 400 411
f 410 401 402
f 411 401 410
f 409 402 403
f 410 402 409
f 408 403 404
f 409 403 408
f 407 404 405
f 408 404 407
f 407 405 406
f 431 430 432
f 479 432 433
f 431 432 479
f 478 433 434
f 479 433 478
f 477 434 435
f 478 434 477
f 476 435 436
f 477 435 476
f 475 436 437
f 476 436 475
f 474 437 438
f 475 437 474
f 473 438 439
f 474 438 473
f 472 439 440
f 473 439 472
f 471 440 441
f 472 440 471
f 470 441 442
f 471 441 470
f 469 442 443
f 470 442 469
f 468 443 444
f 469 443 468
f 467 444 445
f 468 444 467
f 466 445 446
f 467 445 466
f 465 446 447
f 466 446 465
f 464 447 448
f 465 447 464
f 463 448 449
f 464 448 463
f 462 449 450
f 463 449 462
f 461 450 451
f 462 450 461
f 460 451 452
f 461 451 460
f 459 452 453
f 460 452 459
f 458 453 454
f 459 453 458
f 457 454 455
f 458 454 457
f 457 455 456
f 1918 1919 1920
f 1921 1920 1919
f 1922 1918 1920
f 1923 1922 1920
f 1924 1920 1921
f 1925 1923 1920
f 1926 1925 1920
f 1927 1926 1920
f 1928 1927 1920
f 1929 1928 1920
f 1930 1929 1920
f 1931 1930 1920
f 1924 1931 1920
f 1918 1932 1919
f 1933 1919 1932
f 1934 1921 1919
f 1933 1934 1919
f 1918 1935 1932
f 1936 1932 1935
f 1936 1933 1932
f 1918 1937 1935
f 1938 1935 1937
f 1938 1936 1935
f 1918 1939 1937
f 1940 1937 1939
f 1940 1938 1937
f 1941 1942 1939
f 1943 1939 1942
f 1918 1941 1939
f 1943 1940 1939
f 1944 1945 1942
f 1943 1942 1945
f 1941 1944 1942
f 1946 1947 1945
f 1948 1945 1947
f 1944 1946 1945
f 1948 1943 1945
f 1949 1950 1947
f 1951 1947 1950
f 1952 1949 1947
f 1946 1952 1947
f 1951 1948 1947
f 1953 1954 1950
f 1955 1950 1954
f 1956 1953 1950
f 1957 1956 1950
f 1958 1957 1950
f 1949 1958 1950
f 1955 1951 1950
f 1959 1960 1954
f 1961 1954 1960
f 1962 1959 1954
f 1963 1962 1954
f 1953 1963 1954
f 1961 1955 1954
f 1964 1965 1960
f 1966 1960 1965
f 1959 1964 1960
f 1966 1961 1960
f 1967 1968 1965
f 1969 1965 1968
f 1964 1967 1965
f 1969 1966 1965
f 1970 1971 1968
f 1972 1968 1971
f 1967 1970 1968
f 1973 1969 1968
f 1974 1973 1968
f 1972 1974 1968
f 1975 1976 1971
f 1977 1971 1976
f 1970 1975 1971
f 1977 1972 1971
f 1978 1979 1976
f 1980 1976 1979
f 1975 1978 1976
f 1980 1977 1976
f 1981 1982 1979
f 1983 1979 1982
f 1978 1981 1979
f 1983 1980 1979
f 1984 1985 1982
f 1986 1982 1985
f 1981 1984 1982
f 1987 1983 1982
f 1988 1987 1982
f 1989 1988 1982
f 1986 1990 1982
f 1991 1982 1990
f 1992 1989 1982
f 1993 1992 1982
f 1994 1993 1982
f 1995 1994 1982
f 1996 1995 1982
f 1991 1996 1982
f 1984 1997 1985
f 1986 1985 1997
f 1984 1998 1997
f 1999 1997 1998
f 2000 1986 1997
f 1999 2000 1997
f 1984 2001 1998
f 2002 1998 2001
f 2002 1999 1998
f 1984 2003 2001
f 2004 2001 2003
f 2004 2002 2001
f 1984 2005 2003
f 2006 2003 2005
f 2006 2004 2003
f 2007 2008 2005
f 2006 2005 2008
f 1984 2007 2005
f 2009 2010 2008
f 2011 2008 2010
f 2007 2009 2008
f 2011 2006 2008
f 2012 2013 2010
f 2014 2010 2013
f 2009 2012 2010
f 2014 2011 2010
f 2015 2016 2013
f 2017 2013 2016
f 2018 2015 2013
f 2012 2018 2013
f 2017 2014 2013
f 2019 2020 2016
f 2021 2016 2020
f 2022 2019 2016
f 2023 2022 2016
f 2015 2023 2016
f 2021 2017 2016
f 2024 2025 2020
f 2026 2020 2025
f 2027 2024 2020
f 2028 2027 2020
f 2029 2028 2020
f 2030 2029 2020
f 2031 2030 2020
f 2032 2033 2034
f 2035 2031 2020
f 2036 2037 2038
f 2039 2035 2020
f 2019 2039 2020
f 2026 2021 2020
f 2040 2041 2025
f 2042 2025 2041
f 2024 2040 2025
f 2026 2025 2042
f 2043 2044 2041
f 2045 2041 2044
f 2040 2043 2041
f 2046 2042 2041
f 2047 2046 2041
f 2045 2047 2041
f 2048 2049 2044
f 2050 2044 2049
f 2043 2048 2044
f 2050 2045 2044
f 2051 2052 2049
f 2053 2049 2052
f 2048 2051 2049
f 2053 2050 2049
f 2054 2055 2052
f 2056 2052 2055
f 2051 2054 2052
f 2056 2053 2052
f 2057 2058 2055
f 2059 2055 2058
f 2054 2057 2055
f 2059 2056 2055
f 2060 2061 2058
f 2062 2058 2061
f 2057 2060 2058
f 2062 2059 2058
f 2060 2063 2061
f 2064 2061 2063
f 2064 2062 2061
f 2065 2063 2060
f 2065 2064 2063
f 2066 2060 2057
f 2066 2065 2060
f 2067 2057 2054
f 2067 2066 2057
f 2068 2054 2051
f 2068 2067 2054
f 2069 2051 2048
f 2069 2068 2051
f 2070 2048 2043
f 2070 2069 2048
f 2071 2043 2040
f 2071 2070 2043
f 2072 2040 2024
f 2072 2071 2040
f 2073 2024 2027
f 2073 2072 2024
f 2074 2027 2028
f 2074 2073 2027
f 2075 2028 2029
f 2075 2074 2028
f 2075 2029 2030
f 2076 2030 2031
f 2075 2030 2076
f 2033 2036 2034
f 2077 2076 2031
f 2036 2038 2034
f 2078 2031 2035
f 2077 2031 2078
f 2037 2079 2038
f 2078 2035 2080
f 2080 2035 2039
f 2081 2039 2019
f 2080 2039 2081
f 2082 2019 2022
f 2083 2019 2082
f 2084 2019 2083
f 2019 2084 2085
f 2086 2022 2023
f 2082 2022 2086
f 2087 2023 2015
f 2086 2023 2087
f 2088 2015 2018
f 2087 2015 2088
f 2089 2018 2012
f 2088 2018 2089
f 2090 2012 2009
f 2089 2012 2090
f 2091 2009 2007
f 2090 2009 2091
f 2092 2007 1984
f 2091 2007 2092
f 2093 1984 1981
f 2094 1984 2093
f 2092 1984 2094
f 2093 1981 1978
f 2095 1978 1975
f 2096 2093 1978
f 2095 2096 1978
f 2097 1975 1970
f 2097 2095 1975
f 2098 1970 1967
f 2098 2097 1970
f 2099 1967 1964
f 2099 2098 1967
f 2100 1964 1959
f 2100 2099 1964
f 2101 1959 1962
f 2101 2100 1959
f 2102 1962 1963
f 2102 2101 1962
f 2102 1963 1953
f 2103 1953 1956
f 2103 2102 1953
f 2104 1956 1957
f 2105 1956 2106
f 2107 2106 1956
f 2103 1956 2105
f 2104 2107 1956
f 2108 1957 1958
f 2108 2104 1957
f 2109 1958 1949
f 2109 2108 1958
f 2110 1949 1952
f 2110 2109 1949
f 2111 1952 1946
f 2111 2110 1952
f 2112 1946 1944
f 2112 2111 1946
f 2113 1944 1941
f 2113 2112 1944
f 2113 1941 1918
f 1922 2114 1918
f 2115 1918 2114
f 2115 2113 1918
f 2116 2117 2114
f 2118 2114 2117
f 1922 2116 2114
f 2118 2115 2114
f 2119 2120 2117
f 2121 2117 2120
f 2116 2119 2117
f 2122 2118 2117
f 2121 2122 2117
f 2123 2124 2120
f 2125 2120 2124
f 2119 2123 2120
f 2125 2121 2120
f 2126 2127 2124
f 2128 2124 2127
f 2123 2126 2124
f 2128 2125 2124
f 2129 2130 2127
f 2131 2127 2130
f 2132 2129 2127
f 2126 2132 2127
f 2131 2128 2127
f 2133 2134 2130
f 2135 2130 2134
f 2136 2133 2130
f 2137 2136 2130
f 2129 2137 2130
f 2135 2131 2130
f 2138 2139 2134
f 2140 2134 2139
f 2133 2138 2134
f 2140 2135 2134
f 2138 2141 2139
f 2142 2139 2141
f 2142 2140 2139
f 2138 2143 2141
f 2144 2141 2143
f 2142 2141 2144
f 2138 2145 2143
f 2146 2143 2145
f 2146 2144 2143
f 2147 2148 2145
f 2149 2145 2148
f 2138 2147 2145
f 2146 2145 2144
f 2150 2144 2145
f 2150 2145 2151
f 2149 2151 2145
f 2147 2152 2148
f 2153 2148 2152
f 2153 2149 2148
f 2147 2154 2152
f 2155 2152 2154
f 2155 2153 2152
f 2156 2157 2154
f 2158 2154 2157
f 2147 2156 2154
f 2158 2155 2154
f 2156 2159 2157
f 2160 2157 2159
f 2160 2158 2157
f 2161 2162 2159
f 2163 2159 2162
f 2156 2161 2159
f 2163 2160 2159
f 2164 2165 2162
f 2166 2162 2165
f 2161 2164 2162
f 2166 2163 2162
f 2167 2168 2165
f 2169 2165 2168
f 2164 2167 2165
f 2169 2166 2165
f 2170 2171 2168
f 2172 2168 2171
f 2173 2170 2168
f 2174 2173 2168
f 2175 2174 2168
f 2176 2175 2168
f 2177 2176 2168
f 2167 2177 2168
f 2178 2168 2172
f 2179 2180 2168
f 2181 2168 2180
f 2182 2168 2178
f 2183 2168 2182
f 2184 2168 2183
f 2185 2168 2184
f 2186 2168 2185
f 2187 2168 2186
f 2179 2168 2187
f 2188 2189 2168
f 2169 2168 2189
f 2190 2188 2168
f 2181 2190 2168
f 2191 2192 2171
f 2172 2171 2192
f 2170 2191 2171
f 2191 2193 2192
f 2194 2192 2193
f 2195 2172 2192
f 2196 2195 2192
f 2194 2196 2192
f 2197 2198 2193
f 2199 2193 2198
f 2191 2197 2193
f 2200 2194 2193
f 2199 2200 2193
f 2201 2202 2198
f 2203 2198 2202
f 2197 2201 2198
f 2204 2199 2198
f 2205 2204 2198
f 2203 2205 2198
f 2206 2207 2202
f 2208 2202 2207
f 2201 2206 2202
f 2208 2209 2202
f 2210 2202 2209
f 2211 2203 2202
f 2212 2211 2202
f 2210 2212 2202
f 2213 2214 2207
f 2215 2207 2214
f 2206 2213 2207
f 2215 2208 2207
f 2216 2217 2214
f 2218 2214 2217
f 2213 2216 2214
f 2218 2215 2214
f 2219 2220 2217
f 2221 2217 2220
f 2216 2219 2217
f 2221 2218 2217
f 2222 2223 2220
f 2224 2220 2223
f 2219 2222 2220
f 2224 2221 2220
f 2225 2223 2222
f 2225 2224 2223
f 2226 2222 2219
f 2226 2225 2222
f 2227 2219 2216
f 2227 2226 2219
f 2228 2216 2213
f 2228 2227 2216
f 2229 2213 2206
f 2229 2228 2213
f 2230 2206 2201
f 2230 2231 2206
f 2232 2206 2231
f 2232 2229 2206
f 2233 2201 2197
f 2234 2201 2233
f 2235 2201 2234
f 2236 2201 2235
f 2237 2201 2236
f 2230 2201 2237
f 2238 2197 2191
f 2239 2197 2238
f 2240 2197 2239
f 2233 2197 2240
f 2241 2191 2170
f 2242 2191 2241
f 2238 2191 2242
f 2243 2170 2173
f 2244 2170 2243
f 2245 2170 2244
f 2241 2170 2245
f 2243 2173 2174
f 2246 2174 2175
f 2247 2243 2174
f 2246 2247 2174
f 2248 2175 2176
f 2248 2246 2175
f 2249 2176 2177
f 2249 2248 2176
f 2250 2177 2167
f 2250 2249 2177
f 2250 2167 2164
f 2251 2164 2161
f 2251 2250 2164
f 2252 2161 2156
f 2252 2251 2161
f 2253 2156 2147
f 2253 2252 2156
f 2254 2147 2138
f 2254 2253 2147
f 2255 2138 2133
f 2255 2254 2138
f 2256 2133 2136
f 2256 2257 2133
f 2255 2133 2257
f 2258 2136 2137
f 2258 2256 2136
f 2259 2137 2129
f 2259 2258 2137
f 2260 2129 2132
f 2260 2261 2129
f 2259 2129 2261
f 2260 2132 2126
f 2262 2126 2123
f 2263 2261 2126
f 2260 2126 2261
f 2264 2263 2126
f 2262 2264 2126
f 2265 2123 2119
f 2266 2262 2123
f 2265 2266 2123
f 2267 2119 2116
f 2268 2265 2119
f 2267 2268 2119
f 2269 2116 1922
f 2270 2267 2116
f 2269 2270 2116
f 2269 1922 1923
f 2271 1921 1934
f 2272 1921 2271
f 2272 1924 1921
f 2273 1934 1933
f 2273 2271 1934
f 2274 1933 1936
f 2274 2273 1933
f 2275 1936 1938
f 2275 2274 1936
f 2276 1938 1940
f 2277 2275 1938
f 2276 2277 1938
f 2278 1940 1943
f 2276 1940 2278
f 2279 1943 1948
f 2280 1943 2279
f 2278 1943 2280
f 2281 1948 1951
f 2282 1948 2281
f 2279 1948 2282
f 2283 1951 1955
f 2284 1951 2283
f 2281 1951 2284
f 2285 1955 1961
f 2283 1955 2285
f 2286 1961 1966
f 2287 1961 2286
f 2285 1961 2287
f 2288 1966 1969
f 2289 1966 2288
f 2286 1966 2289
f 1973 2290 1969
f 2291 1969 2290
f 2292 1969 2291
f 2288 1969 2292
f 1987 2093 2096
f 1988 2093 1987
f 2293 2094 2093
f 2294 2293 2093
f 2295 2294 2093
f 2296 2295 2093
f 2297 2296 2093
f 1988 2297 2093
f 1980 2096 2095
f 1983 2096 1980
f 1987 2096 1983
f 1977 2095 2097
f 1980 2095 1977
f 1972 2097 2098
f 1977 2097 1972
f 1974 2098 2099
f 1972 2098 1974
f 2298 2099 2100
f 2298 1974 2099
f 2298 2100 2101
f 2298 2101 2102
f 2105 2106 2102
f 2299 2102 2106
f 2103 2105 2102
f 2299 2298 2102
f 2299 2106 2107
f 2300 2301 2105
f 2302 2105 2301
f 2103 2300 2105
f 2302 2103 2105
f 2300 2303 2301
f 2304 2301 2303
f 2302 2301 2304
f 2305 2306 2303
f 2307 2303 2306
f 2300 2305 2303
f 2308 2303 2307
f 2304 2303 2308
f 2309 2290 2306
f 2310 2306 2290
f 2305 2309 2306
f 2307 2306 2310
f 2310 2290 1973
f 2309 2291 2290
f 2298 1973 1974
f 2310 1973 2311
f 2312 2311 1973
f 2312 1973 2298
f 2313 2291 2309
f 2292 2291 2313
f 2314 2309 2305
f 2313 2309 2314
f 2315 2305 2300
f 2314 2305 2315
f 2316 2300 2103
f 2317 2300 2316
f 2315 2300 2317
f 2302 2316 2103
f 2304 2317 2316
f 2302 2304 2316
f 2308 2315 2317
f 2304 2308 2317
f 2307 2314 2315
f 2308 2307 2315
f 2310 2313 2314
f 2307 2310 2314
f 2311 2292 2313
f 2310 2311 2313
f 2318 2288 2292
f 2311 2318 2292
f 2319 2289 2288
f 2318 2319 2288
f 2320 2286 2289
f 2319 2320 2289
f 2321 2287 2286
f 2320 2321 2286
f 2322 2285 2287
f 2321 2322 2287
f 2323 2283 2285
f 2322 2323 2285
f 2324 2284 2283
f 2323 2324 2283
f 2325 2281 2284
f 2324 2325 2284
f 2326 2282 2281
f 2325 2326 2281
f 2327 2279 2282
f 2326 2327 2282
f 2328 2280 2279
f 2327 2328 2279
f 2329 2278 2280
f 2328 2329 2280
f 2330 2278 2329
f 2330 2276 2278
f 2331 2329 2328
f 2331 2330 2329
f 2332 2328 2327
f 2331 2328 2332
f 2332 2327 2326
f 2333 2326 2325
f 2332 2326 2333
f 2333 2325 2324
f 2334 2324 2323
f 2333 2324 2334
f 2335 2323 2322
f 2334 2323 2335
f 2335 2322 2321
f 2336 2321 2320
f 2335 2321 2336
f 2336 2320 2319
f 2312 2319 2318
f 2336 2319 2312
f 2312 2318 2311
f 2299 2107 2104
f 2299 2104 2108
f 2337 2108 2109
f 2337 2299 2108
f 2337 2109 2110
f 2338 2110 2111
f 2338 2337 2110
f 2339 2111 2112
f 2339 2338 2111
f 2340 2112 2113
f 2340 2339 2112
f 2340 2113 2115
f 2341 2115 2118
f 2341 2340 2115
f 2342 2271 2273
f 2342 2272 2271
f 2343 2273 2274
f 2343 2342 2273
f 2344 2274 2275
f 2345 2343 2274
f 2344 2345 2274
f 2346 2275 2277
f 2346 2344 2275
f 2330 2277 2276
f 2330 2346 2277
f 2347 1923 1925
f 2348 2269 1923
f 2348 1923 2347
f 2349 1925 1926
f 2350 1925 2349
f 2347 1925 2350
f 2351 1926 1927
f 2349 1926 2351
f 2352 1927 1928
f 2353 1927 2352
f 2351 1927 2353
f 2354 1928 1929
f 2355 1928 2354
f 2352 1928 2355
f 2356 1929 1930
f 2354 1929 2356
f 2357 2358 1930
f 2356 1930 2358
f 1931 2357 1930
f 2359 2358 2357
f 2360 2358 2359
f 2361 2358 2360
f 2362 2356 2358
f 2363 2362 2358
f 2361 2363 2358
f 2364 2357 1931
f 2365 2359 2357
f 2364 2365 2357
f 2366 1931 1924
f 2367 2364 1931
f 2368 2367 1931
f 2369 2368 1931
f 2370 2369 1931
f 2366 2370 1931
f 2371 2372 1924
f 2366 1924 2372
f 2272 2371 1924
f 2371 2373 2372
f 2370 2372 2373
f 2366 2372 2370
f 2371 2374 2373
f 2375 2373 2374
f 2376 2373 2375
f 2370 2373 2376
f 2371 2377 2374
f 2378 2374 2377
f 2379 2374 2378
f 2375 2374 2379
f 2371 2380 2377
f 2381 2377 2380
f 2378 2377 2381
f 2382 2380 2371
f 2383 2380 2382
f 2384 2380 2383
f 2385 2380 2384
f 2381 2380 2385
f 2272 2386 2371
f 2118 2371 2386
f 2122 2371 2118
f 2382 2371 2122
f 2387 2386 2272
f 2388 2118 2386
f 2387 2388 2386
f 2387 2272 2342
f 2387 2342 2343
f 2389 2343 2345
f 2387 2343 2389
f 2390 2345 2344
f 2389 2345 2390
f 2390 2344 2346
f 2391 2346 2330
f 2390 2346 2391
f 2391 2330 2331
f 2392 2393 2261
f 2394 2261 2393
f 2395 2392 2261
f 2263 2395 2261
f 2394 2259 2261
f 2396 2397 2393
f 2398 2393 2397
f 2399 2396 2393
f 2392 2399 2393
f 2398 2394 2393
f 2400 2401 2397
f 2402 2397 2401
f 2396 2400 2397
f 2402 2398 2397
f 2403 2404 2401
f 2405 2401 2404
f 2406 2403 2401
f 2400 2406 2401
f 2405 2402 2401
f 2407 2408 2404
f 2409 2404 2408
f 2410 2407 2404
f 2403 2410 2404
f 2411 2405 2404
f 2409 2411 2404
f 2412 2413 2414
f 2079 2414 2038
f 2415 2416 2417
f 2418 2408 2407
f 2418 2409 2408
f 2419 2420 2419
f 2407 2420 2407
f 2420 2419 2420
f 2420 2420 2407
f 2407 2408 2407
f 2421 2150 2144
f 2421 2422 2423
f 2424 2150 2421
f 2144 2422 2421
f 2144 2424 2423
f 2150 2142 2144
f 2424 2144 2150
f 2425 2341 2118
f 2426 2425 2118
f 2427 2426 2118
f 2388 2427 2118
f 2428 2122 2121
f 2382 2122 2428
f 2429 2121 2125
f 2428 2121 2429
f 2430 2125 2128
f 2429 2125 2430
f 2431 2128 2131
f 2430 2128 2431
f 2432 2131 2135
f 2433 2431 2131
f 2432 2433 2131
f 2434 2135 2140
f 2435 2135 2434
f 2435 2432 2135
f 2434 2140 2142
f 2150 2151 2142
f 2434 2142 2151
f 2436 2151 2149
f 2434 2151 2436
f 2413 2415 2417
f 2437 2438 2437
f 2419 2437 2419
f 2437 2437 2419
f 2439 2440 2438
f 2441 2438 2440
f 2437 2439 2438
f 2441 2437 2438
f 2442 2443 2440
f 2444 2440 2443
f 2445 2442 2440
f 2439 2445 2440
f 2441 2440 2444
f 2446 2447 2443
f 2448 2443 2447
f 2442 2446 2443
f 2449 2443 2448
f 2444 2443 2449
f 2450 2451 2447
f 2452 2447 2451
f 2453 2450 2447
f 2446 2453 2447
f 2448 2447 2452
f 2454 2455 2451
f 2452 2451 2455
f 2456 2454 2451
f 2450 2456 2451
f 2457 2455 2458
f 2433 2455 2457
f 2458 2431 2457
f 2454 2458 2455
f 2452 2455 2459
f 2460 2459 2455
f 2433 2460 2455
f 2433 2457 2431
f 2461 2430 2431
f 2458 2461 2431
f 2462 2429 2430
f 2463 2462 2430
f 2461 2463 2430
f 2464 2428 2429
f 2465 2464 2429
f 2462 2465 2429
f 2466 2382 2428
f 2467 2466 2428
f 2464 2467 2428
f 2466 2383 2382
f 2468 2383 2466
f 2384 2383 2468
f 2469 2466 2467
f 2468 2466 2469
f 2470 2467 2464
f 2469 2467 2470
f 2471 2464 2465
f 2470 2464 2471
f 2472 2465 2462
f 2471 2465 2472
f 2473 2462 2463
f 2472 2462 2473
f 2474 2463 2461
f 2473 2463 2474
f 2475 2461 2458
f 2474 2461 2475
f 2476 2458 2454
f 2475 2458 2476
f 2477 2454 2456
f 2476 2454 2477
f 2478 2456 2450
f 2477 2456 2478
f 2479 2450 2453
f 2478 2450 2479
f 2480 2453 2446
f 2479 2453 2480
f 2481 2446 2442
f 2480 2446 2481
f 2482 2442 2445
f 2481 2442 2482
f 2483 2445 2439
f 2482 2445 2483
f 2483 2439 2437
f 2483 2437 2441
f 2484 2485 2419
f 2485 2486 2487
f 2420 2484 2419
f 2487 2420 2419
f 2487 2419 2485
f 2484 2488 2485
f 2486 2485 2488
f 2489 2490 2488
f 2491 2488 2490
f 2484 2489 2488
f 2491 2486 2488
f 2492 2493 2490
f 2491 2490 2493
f 2489 2492 2490
f 2494 2495 2493
f 2496 2493 2495
f 2492 2494 2493
f 2496 2491 2493
f 2497 2498 2495
f 2499 2495 2498
f 2494 2497 2495
f 2499 2496 2495
f 2500 2501 2498
f 2502 2498 2501
f 2497 2500 2498
f 2502 2499 2498
f 2503 2359 2501
f 2365 2501 2359
f 2500 2503 2501
f 2365 2502 2501
f 2503 2360 2359
f 2504 2360 2503
f 2504 2361 2360
f 2505 2503 2500
f 2505 2504 2503
f 2417 2500 2497
f 2417 2505 2500
f 2414 2497 2494
f 2414 2417 2497
f 2414 2494 2492
f 2038 2492 2489
f 2038 2414 2492
f 2038 2489 2484
f 2506 2484 2420
f 2038 2484 2506
f 2506 2420 2487
f 2418 2407 2410
f 2418 2410 2403
f 2507 2403 2406
f 2418 2403 2507
f 2507 2406 2400
f 2508 2400 2396
f 2507 2400 2508
f 2509 2396 2399
f 2508 2396 2510
f 2509 2510 2396
f 2032 2399 2392
f 2509 2399 2032
f 2033 2392 2395
f 2032 2392 2033
f 2036 2395 2263
f 2033 2395 2036
f 2037 2263 2264
f 2036 2263 2037
f 2079 2264 2262
f 2037 2264 2079
f 2412 2262 2266
f 2079 2262 2412
f 2413 2266 2265
f 2412 2266 2413
f 2415 2265 2268
f 2413 2265 2415
f 2416 2268 2267
f 2415 2268 2416
f 2511 2267 2270
f 2416 2267 2511
f 2512 2270 2269
f 2511 2270 2512
f 2512 2269 2348
f 2256 2513 2257
f 2255 2257 2513
f 2514 2513 2256
f 2515 2255 2513
f 2514 2515 2513
f 2516 2256 2258
f 2516 2514 2256
f 2516 2258 2259
f 2394 2516 2259
f 2517 2243 2247
f 2244 2243 2517
f 2518 2247 2246
f 2518 2517 2247
f 2519 2246 2248
f 2519 2518 2246
f 2520 2248 2249
f 2520 2519 2248
f 2521 2249 2250
f 2522 2520 2249
f 2521 2522 2249
f 2523 2250 2251
f 2523 2521 2250
f 2524 2251 2252
f 2525 2523 2251
f 2524 2525 2251
f 2526 2252 2253
f 2527 2524 2252
f 2526 2527 2252
f 2528 2253 2254
f 2529 2526 2253
f 2528 2529 2253
f 2530 2254 2255
f 2530 2528 2254
f 2531 2530 2255
f 2515 2531 2255
f 2244 2517 2518
f 2244 2518 2519
f 2244 2519 2520
f 2244 2520 2522
f 2244 2522 2521
f 2244 2521 2523
f 2532 2523 2525
f 2533 2244 2523
f 2534 2533 2523
f 2535 2534 2523
f 2536 2535 2523
f 2537 2536 2523
f 2532 2537 2523
f 2538 2525 2524
f 2538 2532 2525
f 2539 2524 2527
f 2539 2538 2524
f 2540 2527 2526
f 2540 2539 2527
f 2541 2526 2529
f 2541 2540 2526
f 2542 2529 2528
f 2542 2541 2529
f 2543 2528 2530
f 2543 2542 2528
f 2544 2530 2531
f 2544 2543 2530
f 2545 2531 2515
f 2545 2544 2531
f 2546 2515 2514
f 2546 2545 2515
f 2547 2514 2516
f 2547 2546 2514
f 2510 2516 2394
f 2548 2547 2516
f 2510 2548 2516
f 2510 2394 2398
f 2508 2398 2402
f 2508 2510 2398
f 2507 2402 2405
f 2507 2508 2402
f 2507 2405 2411
f 2418 2411 2409
f 2418 2507 2411
f 2549 2244 2533
f 2549 2550 2244
f 2245 2244 2550
f 2551 2533 2534
f 2551 2549 2533
f 2552 2534 2535
f 2552 2551 2534
f 2553 2535 2536
f 2553 2552 2535
f 2554 2536 2537
f 2554 2553 2536
f 2532 2555 2537
f 2556 2537 2555
f 2556 2554 2537
f 2532 2557 2555
f 2558 2555 2557
f 2558 2556 2555
f 2532 2559 2557
f 2560 2557 2559
f 2560 2558 2557
f 2532 2561 2559
f 2562 2559 2561
f 2562 2560 2559
f 2532 2563 2561
f 2564 2561 2563
f 2564 2562 2561
f 2532 2565 2563
f 2566 2563 2565
f 2566 2564 2563
f 2532 2567 2565
f 2568 2565 2567
f 2568 2566 2565
f 2532 2569 2567
f 2570 2567 2569
f 2570 2568 2567
f 2532 2571 2569
f 2572 2569 2571
f 2572 2570 2569
f 2532 2573 2571
f 2574 2571 2573
f 2574 2572 2571
f 2532 2575 2573
f 2576 2573 2575
f 2576 2574 2573
f 2532 2577 2575
f 2578 2575 2577
f 2578 2576 2575
f 2532 2579 2577
f 2580 2577 2579
f 2580 2578 2577
f 2581 2582 2579
f 2583 2579 2582
f 2584 2581 2579
f 2585 2584 2579
f 2586 2585 2579
f 2587 2586 2579
f 2588 2587 2579
f 2589 2588 2579
f 2590 2589 2579
f 2532 2590 2579
f 2591 2579 2583
f 2592 2579 2591
f 2592 2580 2579
f 2593 2582 2581
f 2594 2582 2593
f 2583 2582 2594
f 2595 2581 2584
f 2596 2593 2581
f 2596 2581 2595
f 2595 2584 2585
f 2595 2585 2586
f 2597 2586 2587
f 2597 2595 2586
f 2598 2587 2588
f 2598 2597 2587
f 2598 2588 2589
f 2599 2589 2590
f 2599 2598 2589
f 2600 2590 2532
f 2600 2599 2590
f 2600 2532 2538
f 2230 2601 2231
f 2602 2231 2601
f 2603 2232 2231
f 2602 2603 2231
f 2230 2604 2601
f 2602 2601 2604
f 2236 2605 2604
f 2606 2604 2605
f 2237 2236 2604
f 2230 2237 2604
f 2602 2604 2606
f 2235 2607 2605
f 2608 2605 2607
f 2236 2235 2605
f 2606 2605 2608
f 2233 2609 2607
f 2610 2607 2609
f 2234 2233 2607
f 2235 2234 2607
f 2608 2607 2610
f 2240 2611 2609
f 2612 2609 2611
f 2233 2240 2609
f 2610 2609 2612
f 2239 2613 2611
f 2614 2611 2613
f 2240 2239 2611
f 2612 2611 2614
f 2242 2615 2613
f 2616 2613 2615
f 2238 2242 2613
f 2239 2238 2613
f 2614 2613 2616
f 2241 2550 2615
f 2617 2615 2550
f 2242 2241 2615
f 2616 2615 2617
f 2592 2550 2549
f 2241 2245 2550
f 2617 2550 2592
f 2580 2549 2551
f 2592 2549 2580
f 2578 2551 2552
f 2580 2551 2578
f 2576 2552 2553
f 2578 2552 2576
f 2574 2553 2554
f 2576 2553 2574
f 2572 2554 2556
f 2574 2554 2572
f 2570 2556 2558
f 2572 2556 2570
f 2568 2558 2560
f 2570 2558 2568
f 2566 2560 2562
f 2568 2560 2566
f 2566 2562 2564
f 2208 2618 2209
f 2619 2209 2618
f 2620 2210 2209
f 2619 2620 2209
f 2621 2622 2618
f 2623 2618 2622
f 2208 2621 2618
f 2623 2619 2618
f 2621 2624 2622
f 2625 2622 2624
f 2625 2623 2622
f 2621 2626 2624
f 2627 2624 2626
f 2627 2625 2624
f 2621 2628 2626
f 2627 2626 2628
f 2629 2630 2628
f 2631 2628 2630
f 2621 2629 2628
f 2631 2627 2628
f 2629 2632 2630
f 2633 2630 2632
f 2633 2631 2630
f 2629 2634 2632
f 2635 2632 2634
f 2635 2633 2632
f 2594 2636 2634
f 2635 2634 2636
f 2629 2594 2634
f 2594 2637 2636
f 2638 2636 2637
f 2638 2635 2636
f 2593 2639 2637
f 2640 2637 2639
f 2594 2593 2637
f 2640 2638 2637
f 2593 2641 2639
f 2640 2639 2641
f 2642 2641 2593
f 2643 2641 2642
f 2643 2640 2641
f 2644 2593 2189
f 2645 2189 2593
f 2646 2642 2593
f 2647 2646 2593
f 2648 2647 2593
f 2644 2648 2593
f 2649 2593 2596
f 2650 2593 2649
f 2651 2593 2650
f 2645 2593 2651
f 2652 2594 2629
f 2583 2594 2652
f 2653 2629 2621
f 2652 2629 2653
f 2232 2621 2208
f 2653 2621 2232
f 2229 2208 2215
f 2232 2208 2229
f 2228 2215 2218
f 2229 2215 2228
f 2227 2218 2221
f 2228 2218 2227
f 2226 2221 2224
f 2227 2221 2226
f 2226 2224 2225
f 2654 2653 2232
f 2655 2654 2232
f 2656 2655 2232
f 2603 2656 2232
f 2657 2652 2653
f 2658 2657 2653
f 2659 2658 2653
f 2654 2659 2653
f 2660 2583 2652
f 2661 2660 2652
f 2657 2661 2652
f 2662 2591 2583
f 2660 2662 2583
f 2617 2591 2662
f 2617 2592 2591
f 2616 2662 2660
f 2616 2617 2662
f 2614 2660 2661
f 2614 2616 2660
f 2614 2661 2657
f 2612 2657 2658
f 2612 2614 2657
f 2610 2658 2659
f 2610 2612 2658
f 2608 2659 2654
f 2608 2610 2659
f 2608 2654 2655
f 2606 2655 2656
f 2606 2608 2655
f 2602 2656 2603
f 2602 2606 2656
f 2663 2172 2195
f 2663 2664 2172
f 2178 2172 2664
f 2665 2195 2196
f 2665 2663 2195
f 2666 2196 2194
f 2666 2665 2196
f 2667 2194 2200
f 2667 2666 2194
f 2667 2200 2199
f 2668 2199 2204
f 2668 2667 2199
f 2669 2204 2205
f 2669 2668 2204
f 2670 2205 2203
f 2670 2669 2205
f 2670 2203 2211
f 2671 2211 2212
f 2671 2670 2211
f 2620 2212 2210
f 2620 2671 2212
f 2179 2672 2180
f 2673 2180 2672
f 2673 2181 2180
f 2179 2674 2672
f 2673 2672 2674
f 2187 2675 2674
f 2676 2674 2675
f 2179 2187 2674
f 2673 2674 2676
f 2186 2677 2675
f 2678 2675 2677
f 2187 2186 2675
f 2676 2675 2678
f 2185 2679 2677
f 2680 2677 2679
f 2186 2185 2677
f 2678 2677 2680
f 2184 2681 2679
f 2682 2679 2681
f 2185 2184 2679
f 2680 2679 2682
f 2183 2683 2681
f 2684 2681 2683
f 2184 2183 2681
f 2682 2681 2684
f 2182 2685 2683
f 2686 2683 2685
f 2183 2182 2683
f 2684 2683 2686
f 2178 2664 2685
f 2687 2685 2664
f 2182 2178 2685
f 2686 2685 2687
f 2643 2664 2663
f 2687 2664 2643
f 2640 2663 2665
f 2643 2663 2640
f 2638 2665 2666
f 2640 2665 2638
f 2635 2666 2667
f 2638 2666 2635
f 2633 2667 2668
f 2635 2667 2633
f 2631 2668 2669
f 2633 2668 2631
f 2627 2669 2670
f 2631 2669 2627
f 2625 2670 2671
f 2627 2670 2625
f 2623 2671 2620
f 2625 2671 2623
f 2623 2620 2619
f 2188 2644 2189
f 2688 2169 2189
f 2688 2189 2645
f 2687 2642 2646
f 2687 2643 2642
f 2686 2646 2647
f 2686 2687 2646
f 2684 2647 2648
f 2684 2686 2647
f 2682 2648 2644
f 2682 2684 2648
f 2680 2644 2188
f 2680 2682 2644
f 2678 2188 2190
f 2678 2680 2188
f 2676 2190 2181
f 2676 2678 2190
f 2673 2676 2181
f 2689 2538 2539
f 2689 2600 2538
f 2689 2539 2540
f 2690 2540 2541
f 2690 2689 2540
f 2690 2541 2542
f 2691 2542 2543
f 2691 2690 2542
f 2692 2543 2544
f 2692 2691 2543
f 2692 2544 2545
f 2693 2545 2546
f 2693 2692 2545
f 2693 2546 2547
f 2694 2547 2548
f 2694 2693 2547
f 2480 2459 2548
f 2695 2548 2459
f 2696 2480 2548
f 2697 2696 2548
f 2510 2697 2548
f 2698 2694 2548
f 2695 2698 2548
f 2481 2452 2459
f 2480 2481 2459
f 2460 2695 2459
f 2481 2448 2452
f 2482 2449 2448
f 2481 2482 2448
f 2483 2444 2449
f 2482 2483 2449
f 2483 2441 2444
f 2436 2149 2153
f 2436 2153 2155
f 2699 2155 2158
f 2436 2155 2699
f 2699 2158 2160
f 2700 2160 2163
f 2699 2160 2700
f 2701 2163 2166
f 2700 2163 2701
f 2688 2166 2169
f 2701 2166 2688
f 2486 2480 2696
f 2479 2480 2486
f 2702 2703 2696
f 2486 2696 2703
f 2697 2702 2696
f 2704 2705 2703
f 2486 2703 2705
f 2702 2704 2703
f 2506 2487 2705
f 2486 2705 2487
f 2704 2506 2705
f 2038 2506 2704
f 2034 2704 2702
f 2034 2038 2704
f 2034 2702 2697
f 2509 2697 2510
f 2032 2034 2697
f 2509 2032 2697
f 2596 2595 2597
f 2649 2597 2598
f 2649 2596 2597
f 2650 2598 2599
f 2650 2649 2598
f 2651 2599 2600
f 2651 2650 2599
f 2645 2600 2689
f 2645 2651 2600
f 2701 2689 2690
f 2688 2645 2689
f 2701 2688 2689
f 2700 2690 2691
f 2700 2701 2690
f 2699 2691 2692
f 2699 2700 2691
f 2436 2692 2693
f 2436 2699 2692
f 2434 2693 2694
f 2434 2436 2693
f 2435 2694 2698
f 2706 2434 2694
f 2435 2706 2694
f 2432 2698 2695
f 2435 2698 2432
f 2432 2695 2460
f 2432 2460 2433
f 2435 2434 2706
f 2707 2092 2094
f 2293 2707 2094
f 2707 2091 2092
f 2708 2090 2091
f 2707 2708 2091
f 2709 2089 2090
f 2708 2709 2090
f 2710 2088 2089
f 2709 2710 2089
f 2710 2087 2088
f 2711 2086 2087
f 2710 2711 2087
f 2711 2082 2086
f 2711 2083 2082
f 2437 2437 2419
f 2437 2438 2437
f 2712 2713 2083
f 2714 2083 2713
f 2711 2712 2083
f 2715 2083 2714
f 2084 2083 2715
f 2437 2438 2437
f 2437 2419 2437
f 2423 2422 2144
f 2712 2716 2713
f 2717 2713 2716
f 2717 2714 2713
f 2407 2408 2407
f 2407 2420 2407
f 2712 2718 2716
f 2719 2716 2718
f 2719 2717 2716
f 2712 2720 2718
f 2721 2718 2720
f 2722 2718 2721
f 2719 2718 2722
f 2712 2723 2720
f 2724 2720 2723
f 2721 2720 2724
f 2712 2725 2723
f 2726 2723 2725
f 2727 2723 2726
f 2724 2723 2727
f 2712 2728 2725
f 2729 2725 2728
f 2726 2725 2729
f 2730 2731 2728
f 2732 2728 2731
f 2712 2730 2728
f 2729 2728 2732
f 2733 2734 2731
f 2735 2731 2734
f 2730 2733 2731
f 2732 2731 2735
f 2736 2737 2734
f 2738 2734 2737
f 2733 2736 2734
f 2735 2734 2738
f 2739 2740 2737
f 2741 2737 2740
f 2736 2739 2737
f 2738 2737 2741
f 2742 2743 2740
f 2741 2740 2743
f 2739 2742 2740
f 2744 2745 2743
f 2746 2743 2745
f 2742 2744 2743
f 2741 2743 2746
f 2747 2748 2745
f 2749 2745 2748
f 2744 2747 2745
f 2746 2745 2749
f 2750 2748 2747
f 2749 2748 2750
f 2751 2747 2744
f 2750 2747 2751
f 2752 2744 2742
f 2751 2744 2752
f 2753 2742 2739
f 2752 2742 2753
f 2754 2739 2736
f 2753 2739 2754
f 2755 2736 2733
f 2754 2736 2755
f 2756 2733 2730
f 2755 2733 2756
f 2757 2730 2712
f 2756 2730 2757
f 2758 2712 2711
f 2759 2760 2712
f 2757 2712 2760
f 2758 2759 2712
f 2761 2711 2710
f 2761 2758 2711
f 2762 2710 2709
f 2762 2761 2710
f 2763 2709 2708
f 2763 2762 2709
f 2764 2708 2707
f 2764 2763 2708
f 2764 2707 2293
f 2765 2293 2294
f 2765 2764 2293
f 2766 2294 2295
f 2766 2765 2294
f 2767 2295 2296
f 2767 2766 2295
f 2768 2296 2297
f 2768 2767 2296
f 2769 2297 1988
f 2769 2768 2297
f 2769 1988 1989
f 2336 2298 2299
f 2336 2312 2298
f 2335 2299 2337
f 2335 2336 2299
f 2334 2337 2338
f 2334 2335 2337
f 2333 2338 2339
f 2333 2334 2338
f 2332 2339 2340
f 2332 2333 2339
f 2332 2340 2341
f 2331 2341 2425
f 2331 2332 2341
f 2391 2425 2426
f 2391 2331 2425
f 2390 2426 2427
f 2390 2391 2426
f 2389 2427 2388
f 2389 2390 2427
f 2387 2389 2388
f 2080 2081 2085
f 2085 2081 2019
f 2084 2715 2085
f 2715 2080 2085
f 2714 2078 2080
f 2423 2424 2421
f 2715 2714 2080
f 2770 2771 2078
f 2077 2078 2771
f 2714 2770 2078
f 2772 2773 2771
f 2073 2771 2773
f 2770 2772 2771
f 2079 2412 2414
f 2075 2077 2771
f 2074 2771 2073
f 2075 2771 2074
f 2774 2775 2773
f 2070 2773 2775
f 2772 2774 2773
f 2071 2773 2070
f 2072 2773 2071
f 2073 2773 2072
f 2776 2777 2775
f 2067 2775 2777
f 2774 2776 2775
f 2068 2775 2067
f 2069 2775 2068
f 2070 2775 2069
f 2778 2779 2777
f 2065 2777 2779
f 2776 2778 2777
f 2066 2777 2065
f 2067 2777 2066
f 2780 2781 2779
f 2059 2779 2781
f 2778 2780 2779
f 2062 2779 2059
f 2064 2779 2062
f 2065 2779 2064
f 2782 2783 2781
f 2050 2781 2783
f 2780 2782 2781
f 2053 2781 2050
f 2056 2781 2053
f 2059 2781 2056
f 2784 2785 2783
f 2047 2783 2785
f 2782 2784 2783
f 2045 2783 2047
f 2050 2783 2045
f 2786 2787 2785
f 2046 2785 2787
f 2784 2786 2785
f 2047 2785 2046
f 2788 2789 2787
f 2026 2787 2789
f 2786 2788 2787
f 2026 2046 2787
f 2790 2791 2789
f 2026 2789 2791
f 2788 2790 2789
f 2792 2793 2791
f 2021 2791 2793
f 2790 2792 2791
f 2026 2791 2021
f 2794 2795 2793
f 2017 2793 2795
f 2792 2794 2793
f 2021 2793 2017
f 2796 2797 2795
f 2017 2795 2797
f 2794 2796 2795
f 2798 2799 2797
f 2014 2797 2799
f 2796 2798 2797
f 2017 2797 2014
f 2800 2801 2799
f 2014 2799 2801
f 2798 2800 2799
f 2802 2803 2801
f 2011 2801 2803
f 2800 2802 2801
f 2014 2801 2011
f 1990 2804 2803
f 2011 2803 2804
f 2802 1990 2803
f 2805 2804 1990
f 2011 2804 2006
f 2805 2006 2804
f 2765 1990 2802
f 2806 1990 1986
f 2807 1990 2806
f 2808 1990 2807
f 2809 1990 2808
f 2810 1990 2809
f 2805 1990 2810
f 2765 1991 1990
f 2764 2802 2800
f 2765 2802 2764
f 2764 2800 2798
f 2763 2798 2796
f 2764 2798 2763
f 2763 2796 2794
f 2762 2794 2792
f 2763 2794 2762
f 2761 2792 2790
f 2762 2792 2761
f 2761 2790 2788
f 2758 2788 2786
f 2761 2788 2758
f 2758 2786 2784
f 2759 2784 2782
f 2758 2784 2759
f 2756 2782 2780
f 2757 2759 2782
f 2756 2757 2782
f 2754 2780 2778
f 2755 2756 2780
f 2754 2755 2780
f 2751 2778 2776
f 2753 2754 2778
f 2752 2753 2778
f 2751 2752 2778
f 2749 2776 2774
f 2750 2751 2776
f 2749 2750 2776
f 2738 2774 2772
f 2746 2749 2774
f 2741 2746 2774
f 2738 2741 2774
f 2729 2772 2770
f 2735 2738 2772
f 2732 2735 2772
f 2729 2732 2772
f 2722 2770 2714
f 2726 2729 2770
f 2727 2726 2770
f 2724 2727 2770
f 2722 2724 2770
f 2717 2722 2714
f 2075 2076 2077
f 2026 2042 2046
f 2806 1986 2000
f 2807 2000 1999
f 2807 2806 2000
f 2808 1999 2002
f 2808 2807 1999
f 2809 2002 2004
f 2809 2808 2002
f 2805 2004 2006
f 2810 2809 2004
f 2805 2810 2004
f 2769 1989 1992
f 2769 1992 1993
f 2768 1993 1994
f 2769 1993 2768
f 2767 1994 1995
f 2768 1994 2767
f 2767 1995 1996
f 2766 1996 1991
f 2767 1996 2766
f 2766 1991 2765
f 2757 2760 2759
f 2722 2721 2724
f 2719 2722 2717
f 2477 2486 2491
f 2478 2479 2486
f 2477 2478 2486
f 2475 2491 2496
f 2476 2477 2491
f 2475 2476 2491
f 2473 2496 2499
f 2474 2475 2496
f 2473 2474 2496
f 2471 2499 2502
f 2472 2473 2499
f 2471 2472 2499
f 2469 2502 2365
f 2470 2471 2502
f 2469 2470 2502
f 2468 2365 2364
f 2468 2469 2365
f 2385 2364 2367
f 2384 2468 2364
f 2385 2384 2364
f 2378 2367 2368
f 2381 2385 2367
f 2378 2381 2367
f 2375 2368 2369
f 2379 2378 2368
f 2375 2379 2368
f 2376 2375 2369
f 2370 2376 2369
f 2352 2356 2362
f 2355 2354 2356
f 2352 2355 2356
f 2351 2362 2363
f 2353 2352 2362
f 2351 2353 2362
f 2350 2363 2361
f 2349 2351 2363
f 2350 2349 2363
f 2348 2361 2504
f 2347 2350 2361
f 2348 2347 2361
f 2511 2504 2505
f 2512 2348 2504
f 2511 2512 2504
f 2416 2505 2417
f 2416 2511 2505
f 2413 2417 2414
f 2419 2420 2419
f 2420 2407 2420
f 2407 2420 2407
f 2407 2408 2407
f 2419 2437 2419
f 2419 2420 2420
f 2811 2812 2813
f 2814 2813 2812
f 2815 2811 2813
f 2816 2815 2813
f 2817 2813 2814
f 2818 2816 2813
f 2819 2818 2813
f 2820 2819 2813
f 2821 2820 2813
f 2822 2821 2813
f 2823 2822 2813
f 2824 2823 2813
f 2817 2824 2813
f 2811 2825 2812
f 2826 2812 2825
f 2827 2814 2812
f 2826 2827 2812
f 2811 2828 2825
f 2829 2825 2828
f 2829 2826 2825
f 2811 2830 2828
f 2831 2828 2830
f 2831 2829 2828
f 2811 2832 2830
f 2833 2830 2832
f 2833 2831 2830
f 2834 2835 2832
f 2836 2832 2835
f 2811 2834 2832
f 2836 2833 2832
f 2837 2838 2835
f 2836 2835 2838
f 2834 2837 2835
f 2839 2840 2838
f 2841 2838 2840
f 2837 2839 2838
f 2841 2836 2838
f 2842 2843 2840
f 2844 2840 2843
f 2845 2842 2840
f 2839 2845 2840
f 2844 2841 2840
f 2846 2847 2843
f 2848 2843 2847
f 2849 2846 2843
f 2850 2849 2843
f 2851 2850 2843
f 2842 2851 2843
f 2848 2844 2843
f 2852 2853 2847
f 2854 2847 2853
f 2855 2852 2847
f 2856 2855 2847
f 2846 2856 2847
f 2854 2848 2847
f 2857 2858 2853
f 2859 2853 2858
f 2852 2857 2853
f 2859 2854 2853
f 2860 2861 2858
f 2862 2858 2861
f 2857 2860 2858
f 2862 2859 2858
f 2863 2864 2861
f 2865 2861 2864
f 2860 2863 2861
f 2866 2862 2861
f 2867 2866 2861
f 2865 2867 2861
f 2868 2869 2864
f 2870 2864 2869
f 2863 2868 2864
f 2870 2865 2864
f 2871 2872 2869
f 2873 2869 2872
f 2868 2871 2869
f 2873 2870 2869
f 2874 2875 2872
f 2876 2872 2875
f 2871 2874 2872
f 2876 2873 2872
f 2877 2878 2875
f 2879 2875 2878
f 2874 2877 2875
f 2880 2876 2875
f 2881 2880 2875
f 2882 2881 2875
f 2879 2883 2875
f 2884 2875 2883
f 2885 2882 2875
f 2886 2885 2875
f 2887 2886 2875
f 2888 2887 2875
f 2889 2888 2875
f 2884 2889 2875
f 2877 2890 2878
f 2879 2878 2890
f 2877 2891 2890
f 2892 2890 2891
f 2893 2879 2890
f 2892 2893 2890
f 2877 2894 2891
f 2895 2891 2894
f 2895 2892 2891
f 2877 2896 2894
f 2897 2894 2896
f 2897 2895 2894
f 2877 2898 2896
f 2899 2896 2898
f 2899 2897 2896
f 2900 2901 2898
f 2899 2898 2901
f 2877 2900 2898
f 2902 2903 2901
f 2904 2901 2903
f 2900 2902 2901
f 2904 2899 2901
f 2905 2906 2903
f 2907 2903 2906
f 2902 2905 2903
f 2907 2904 2903
f 2908 2909 2906
f 2910 2906 2909
f 2911 2908 2906
f 2905 2911 2906
f 2910 2907 2906
f 2912 2913 2909
f 2914 2909 2913
f 2915 2912 2909
f 2916 2915 2909
f 2908 2916 2909
f 2914 2910 2909
f 2917 2918 2913
f 2919 2913 2918
f 2920 2917 2913
f 2921 2920 2913
f 2922 2921 2913
f 2923 2922 2913
f 2924 2923 2913
f 2925 2924 2913
f 2926 2925 2913
f 2912 2926 2913
f 2919 2914 2913
f 2927 2928 2918
f 2929 2918 2928
f 2917 2927 2918
f 2919 2918 2929
f 2927 2930 2928
f 2931 2928 2930
f 2932 2929 2928
f 2933 2932 2928
f 2931 2933 2928
f 2934 2935 2930
f 2936 2930 2935
f 2927 2934 2930
f 2936 2931 2930
f 2934 2937 2935
f 2938 2935 2937
f 2938 2936 2935
f 2939 2940 2937
f 2941 2937 2940
f 2934 2939 2937
f 2941 2938 2937
f 2939 2942 2940
f 2943 2940 2942
f 2943 2941 2940
f 2944 2942 2939
f 2944 2943 2942
f 2945 2939 2934
f 2945 2944 2939
f 2946 2934 2927
f 2946 2945 2934
f 2947 2927 2917
f 2947 2946 2927
f 2948 2917 2920
f 2948 2947 2917
f 2949 2920 2921
f 2949 2948 2920
f 2950 2921 2922
f 2950 2949 2921
f 2950 2922 2923
f 2951 2923 2924
f 2950 2923 2951
f 2952 2924 2925
f 2953 2924 2952
f 2953 2951 2924
f 2954 2955 2956
f 2957 2925 2926
f 2952 2925 2957
f 2958 2926 2912
f 2957 2926 2958
f 2959 2912 2915
f 2960 2912 2959
f 2961 2912 2960
f 2912 2961 2962
f 2963 2915 2916
f 2959 2915 2963
f 2964 2916 2908
f 2963 2916 2964
f 2965 2908 2911
f 2964 2908 2965
f 2966 2911 2905
f 2965 2911 2966
f 2967 2905 2902
f 2966 2905 2967
f 2968 2902 2900
f 2967 2902 2968
f 2969 2900 2877
f 2968 2900 2969
f 2970 2877 2874
f 2971 2877 2970
f 2969 2877 2971
f 2970 2874 2871
f 2972 2871 2868
f 2973 2970 2871
f 2972 2973 2871
f 2974 2868 2863
f 2974 2972 2868
f 2975 2863 2860
f 2975 2974 2863
f 2976 2860 2857
f 2976 2975 2860
f 2977 2857 2852
f 2977 2976 2857
f 2978 2852 2855
f 2978 2977 2852
f 2979 2855 2856
f 2979 2978 2855
f 2979 2856 2846
f 2980 2846 2849
f 2980 2979 2846
f 2981 2849 2850
f 2982 2849 2983
f 2984 2983 2849
f 2980 2849 2982
f 2981 2984 2849
f 2985 2850 2851
f 2985 2981 2850
f 2986 2851 2842
f 2986 2985 2851
f 2987 2842 2845
f 2987 2986 2842
f 2988 2845 2839
f 2988 2987 2845
f 2989 2839 2837
f 2989 2988 2839
f 2990 2837 2834
f 2990 2989 2837
f 2990 2834 2811
f 2815 2991 2811
f 2992 2811 2991
f 2992 2990 2811
f 2993 2994 2991
f 2995 2991 2994
f 2815 2993 2991
f 2995 2992 2991
f 2996 2997 2994
f 2998 2994 2997
f 2993 2996 2994
f 2999 2995 2994
f 2998 2999 2994
f 3000 3001 2997
f 3002 2997 3001
f 2996 3000 2997
f 3002 2998 2997
f 3003 3004 3001
f 3005 3001 3004
f 3000 3003 3001
f 3005 3002 3001
f 3006 3007 3004
f 3008 3004 3007
f 3009 3006 3004
f 3003 3009 3004
f 3008 3005 3004
f 3010 3011 3007
f 3012 3007 3011
f 3013 3010 3007
f 3014 3013 3007
f 3006 3014 3007
f 3012 3008 3007
f 3015 3016 3011
f 3017 3011 3016
f 3010 3015 3011
f 3017 3012 3011
f 3015 3018 3016
f 3019 3016 3018
f 3019 3017 3016
f 3015 3020 3018
f 3021 3018 3020
f 3019 3018 3021
f 3015 3022 3020
f 3023 3020 3022
f 3023 3021 3020
f 3024 3025 3022
f 3026 3022 3025
f 3015 3024 3022
f 3023 3022 3021
f 3027 3021 3022
f 3027 3022 3028
f 3026 3028 3022
f 3024 3029 3025
f 3030 3025 3029
f 3030 3026 3025
f 3024 3031 3029
f 3032 3029 3031
f 3032 3030 3029
f 3033 3034 3031
f 3035 3031 3034
f 3024 3033 3031
f 3035 3032 3031
f 3033 3036 3034
f 3037 3034 3036
f 3037 3035 3034
f 3038 3039 3036
f 3040 3036 3039
f 3033 3038 3036
f 3040 3037 3036
f 3041 3042 3039
f 3043 3039 3042
f 3038 3041 3039
f 3043 3040 3039
f 3044 3045 3042
f 3046 3042 3045
f 3041 3044 3042
f 3046 3043 3042
f 3047 3048 3045
f 3049 3045 3048
f 3050 3047 3045
f 3051 3050 3045
f 3052 3051 3045
f 3053 3052 3045
f 3054 3053 3045
f 3044 3054 3045
f 3055 3045 3049
f 3056 3057 3045
f 3058 3045 3057
f 3059 3045 3055
f 3060 3045 3059
f 3061 3045 3060
f 3062 3045 3061
f 3063 3045 3062
f 3064 3045 3063
f 3056 3045 3064
f 3065 3066 3045
f 3046 3045 3066
f 3067 3065 3045
f 3058 3067 3045
f 3068 3069 3048
f 3049 3048 3069
f 3047 3068 3048
f 3068 3070 3069
f 3071 3069 3070
f 3072 3049 3069
f 3073 3072 3069
f 3071 3073 3069
f 3074 3075 3070
f 3076 3070 3075
f 3068 3074 3070
f 3077 3071 3070
f 3076 3077 3070
f 3078 3079 3075
f 3080 3075 3079
f 3074 3078 3075
f 3081 3076 3075
f 3082 3081 3075
f 3080 3082 3075
f 3083 3084 3079
f 3085 3079 3084
f 3078 3083 3079
f 3085 3086 3079
f 3087 3079 3086
f 3088 3080 3079
f 3089 3088 3079
f 3087 3089 3079
f 3090 3091 3084
f 3092 3084 3091
f 3083 3090 3084
f 3092 3085 3084
f 3093 3094 3091
f 3095 3091 3094
f 3090 3093 3091
f 3095 3092 3091
f 3096 3097 3094
f 3098 3094 3097
f 3093 3096 3094
f 3098 3095 3094
f 3099 3100 3097
f 3101 3097 3100
f 3096 3099 3097
f 3101 3098 3097
f 3102 3100 3099
f 3102 3101 3100
f 3103 3099 3096
f 3103 3102 3099
f 3104 3096 3093
f 3104 3103 3096
f 3105 3093 3090
f 3105 3104 3093
f 3106 3090 3083
f 3106 3105 3090
f 3107 3083 3078
f 3107 3108 3083
f 3109 3083 3108
f 3109 3106 3083
f 3110 3078 3074
f 3111 3078 3110
f 3112 3078 3111
f 3113 3078 3112
f 3107 3078 3113
f 3114 3074 3068
f 3115 3074 3114
f 3116 3074 3115
f 3110 3074 3116
f 3117 3068 3047
f 3118 3068 3117
f 3114 3068 3118
f 3119 3047 3050
f 3120 3047 3119
f 3121 3047 3120
f 3117 3047 3121
f 3119 3050 3051
f 3122 3051 3052
f 3123 3119 3051
f 3122 3123 3051
f 3124 3052 3053
f 3124 3122 3052
f 3125 3053 3054
f 3125 3124 3053
f 3126 3054 3044
f 3126 3125 3054
f 3126 3044 3041
f 3127 3041 3038
f 3127 3126 3041
f 3128 3038 3033
f 3128 3127 3038
f 3129 3033 3024
f 3129 3128 3033
f 3130 3024 3015
f 3130 3129 3024
f 3131 3015 3010
f 3131 3130 3015
f 3132 3010 3013
f 3132 3133 3010
f 3131 3010 3133
f 3134 3013 3014
f 3134 3132 3013
f 3135 3014 3006
f 3135 3134 3014
f 3136 3006 3009
f 3136 3137 3006
f 3135 3006 3137
f 3136 3009 3003
f 3138 3003 3000
f 3139 3137 3003
f 3136 3003 3137
f 3140 3139 3003
f 3138 3140 3003
f 3141 3000 2996
f 3142 3138 3000
f 3141 3142 3000
f 3143 2996 2993
f 3144 3141 2996
f 3143 3144 2996
f 3145 2993 2815
f 3146 3143 2993
f 3145 3146 2993
f 3145 2815 2816
f 3147 2814 2827
f 3148 2814 3147
f 3148 2817 2814
f 3149 2827 2826
f 3149 3147 2827
f 3150 2826 2829
f 3150 3149 2826
f 3151 2829 2831
f 3151 3150 2829
f 3152 2831 2833
f 3153 3151 2831
f 3152 3153 2831
f 3154 2833 2836
f 3152 2833 3154
f 3155 2836 2841
f 3156 2836 3155
f 3154 2836 3156
f 3157 2841 2844
f 3158 2841 3157
f 3155 2841 3158
f 3159 2844 2848
f 3160 2844 3159
f 3157 2844 3160
f 3161 2848 2854
f 3159 2848 3161
f 3162 2854 2859
f 3163 2854 3162
f 3161 2854 3163
f 3164 2859 2862
f 3165 2859 3164
f 3162 2859 3165
f 2866 3166 2862
f 3167 2862 3166
f 3168 2862 3167
f 3164 2862 3168
f 2880 2970 2973
f 2881 2970 2880
f 3169 2971 2970
f 3170 3169 2970
f 3171 3170 2970
f 3172 3171 2970
f 3173 3172 2970
f 2881 3173 2970
f 2873 2973 2972
f 2876 2973 2873
f 2880 2973 2876
f 2870 2972 2974
f 2873 2972 2870
f 2865 2974 2975
f 2870 2974 2865
f 2867 2975 2976
f 2865 2975 2867
f 3174 2976 2977
f 3174 2867 2976
f 3174 2977 2978
f 3174 2978 2979
f 2982 2983 2979
f 3175 2979 2983
f 2980 2982 2979
f 3175 3174 2979
f 3175 2983 2984
f 3176 3177 2982
f 3178 2982 3177
f 2980 3176 2982
f 3178 2980 2982
f 3176 3179 3177
f 3180 3177 3179
f 3178 3177 3180
f 3181 3182 3179
f 3183 3179 3182
f 3176 3181 3179
f 3184 3179 3183
f 3180 3179 3184
f 3185 3166 3182
f 3186 3182 3166
f 3181 3185 3182
f 3183 3182 3186
f 3186 3166 2866
f 3185 3167 3166
f 3174 2866 2867
f 3186 2866 3187
f 3188 3187 2866
f 3188 2866 3174
f 3189 3167 3185
f 3168 3167 3189
f 3190 3185 3181
f 3189 3185 3190
f 3191 3181 3176
f 3190 3181 3191
f 3192 3176 2980
f 3193 3176 3192
f 3191 3176 3193
f 3178 3192 2980
f 3180 3193 3192
f 3178 3180 3192
f 3184 3191 3193
f 3180 3184 3193
f 3183 3190 3191
f 3184 3183 3191
f 3186 3189 3190
f 3183 3186 3190
f 3187 3168 3189
f 3186 3187 3189
f 3194 3164 3168
f 3187 3194 3168
f 3195 3165 3164
f 3194 3195 3164
f 3196 3162 3165
f 3195 3196 3165
f 3197 3163 3162
f 3196 3197 3162
f 3198 3161 3163
f 3197 3198 3163
f 3199 3159 3161
f 3198 3199 3161
f 3200 3160 3159
f 3199 3200 3159
f 3201 3157 3160
f 3200 3201 3160
f 3202 3158 3157
f 3201 3202 3157
f 3203 3155 3158
f 3202 3203 3158
f 3204 3156 3155
f 3203 3204 3155
f 3205 3154 3156
f 3204 3205 3156
f 3206 3154 3205
f 3206 3152 3154
f 3207 3205 3204
f 3207 3206 3205
f 3208 3204 3203
f 3207 3204 3208
f 3208 3203 3202
f 3209 3202 3201
f 3208 3202 3209
f 3209 3201 3200
f 3210 3200 3199
f 3209 3200 3210
f 3211 3199 3198
f 3210 3199 3211
f 3211 3198 3197
f 3212 3197 3196
f 3211 3197 3212
f 3212 3196 3195
f 3188 3195 3194
f 3212 3195 3188
f 3188 3194 3187
f 3175 2984 2981
f 3175 2981 2985
f 3213 2985 2986
f 3213 3175 2985
f 3213 2986 2987
f 3214 2987 2988
f 3214 3213 2987
f 3215 2988 2989
f 3215 3214 2988
f 3216 2989 2990
f 3216 3215 2989
f 3216 2990 2992
f 3217 2992 2995
f 3217 3216 2992
f 3218 3147 3149
f 3218 3148 3147
f 3219 3149 3150
f 3219 3218 3149
f 3220 3150 3151
f 3221 3219 3150
f 3220 3221 3150
f 3222 3151 3153
f 3222 3220 3151
f 3206 3153 3152
f 3206 3222 3153
f 3223 2816 2818
f 3224 3145 2816
f 3224 2816 3223
f 3225 2818 2819
f 3226 2818 3225
f 3223 2818 3226
f 3227 2819 2820
f 3225 2819 3227
f 3228 2820 2821
f 3229 2820 3228
f 3227 2820 3229
f 3230 2821 2822
f 3231 2821 3230
f 3228 2821 3231
f 3232 2822 2823
f 3230 2822 3232
f 3233 3234 2823
f 3232 2823 3234
f 2824 3233 2823
f 3235 3234 3233
f 3236 3234 3235
f 3237 3234 3236
f 3238 3232 3234
f 3239 3238 3234
f 3237 3239 3234
f 3240 3233 2824
f 3241 3235 3233
f 3240 3241 3233
f 3242 2824 2817
f 3243 3240 2824
f 3244 3243 2824
f 3245 3244 2824
f 3246 3245 2824
f 3242 3246 2824
f 3247 3248 2817
f 3242 2817 3248
f 3148 3247 2817
f 3247 3249 3248
f 3246 3248 3249
f 3242 3248 3246
f 3247 3250 3249
f 3251 3249 3250
f 3252 3249 3251
f 3246 3249 3252
f 3247 3253 3250
f 3254 3250 3253
f 3255 3250 3254
f 3251 3250 3255
f 3247 3256 3253
f 3257 3253 3256
f 3254 3253 3257
f 3258 3256 3247
f 3259 3256 3258
f 3260 3256 3259
f 3261 3256 3260
f 3257 3256 3261
f 3148 3262 3247
f 2995 3247 3262
f 2999 3247 2995
f 3258 3247 2999
f 3263 3262 3148
f 3264 2995 3262
f 3263 3264 3262
f 3263 3148 3218
f 3263 3218 3219
f 3265 3219 3221
f 3263 3219 3265
f 3266 3221 3220
f 3265 3221 3266
f 3266 3220 3222
f 3267 3222 3206
f 3266 3222 3267
f 3267 3206 3207
f 3268 3269 3137
f 3270 3137 3269
f 3271 3268 3137
f 3139 3271 3137
f 3270 3135 3137
f 3272 3273 3269
f 3274 3269 3273
f 3275 3272 3269
f 3268 3275 3269
f 3274 3270 3269
f 3276 3277 3273
f 3278 3273 3277
f 3272 3276 3273
f 3278 3274 3273
f 3279 3280 3277
f 3281 3277 3280
f 3282 3279 3277
f 3276 3282 3277
f 3281 3278 3277
f 3283 3284 3280
f 3285 3280 3284
f 3286 3283 3280
f 3279 3286 3280
f 3287 3281 3280
f 3285 3287 3280
f 3288 3289 3290
f 3289 3291 3290
f 3291 3292 3293
f 3294 3284 3283
f 3294 3285 3284
f 3295 3296 3295
f 3296 3295 3296
f 3296 3283 3296
f 3283 3296 3283
f 3283 3284 3283
f 3297 3027 3021
f 3297 3298 3299
f 3300 3027 3297
f 3021 3298 3297
f 3021 3300 3299
f 3027 3019 3021
f 3300 3021 3027
f 3301 3217 2995
f 3302 3301 2995
f 3303 3302 2995
f 3264 3303 2995
f 3304 2999 2998
f 3258 2999 3304
f 3305 2998 3002
f 3304 2998 3305
f 3306 3002 3005
f 3305 3002 3306
f 3307 3005 3008
f 3306 3005 3307
f 3308 3008 3012
f 3309 3307 3008
f 3308 3309 3008
f 3310 3012 3017
f 3311 3012 3310
f 3311 3308 3012
f 3310 3017 3019
f 3027 3028 3019
f 3310 3019 3028
f 3312 3028 3026
f 3310 3028 3312
f 3288 3290 2956
f 3313 3314 3313
f 3313 3295 3313
f 3295 3313 3295
f 3315 3316 3314
f 3317 3314 3316
f 3313 3315 3314
f 3317 3313 3314
f 3318 3319 3316
f 3320 3316 3319
f 3321 3318 3316
f 3315 3321 3316
f 3317 3316 3320
f 3322 3323 3319
f 3324 3319 3323
f 3318 3322 3319
f 3325 3319 3324
f 3320 3319 3325
f 3326 3327 3323
f 3328 3323 3327
f 3329 3326 3323
f 3322 3329 3323
f 3324 3323 3328
f 3330 3331 3327
f 3328 3327 3331
f 3332 3330 3327
f 3326 3332 3327
f 3333 3331 3334
f 3309 3331 3333
f 3334 3307 3333
f 3330 3334 3331
f 3328 3331 3335
f 3336 3335 3331
f 3309 3336 3331
f 3309 3333 3307
f 3337 3306 3307
f 3334 3337 3307
f 3338 3305 3306
f 3339 3338 3306
f 3337 3339 3306
f 3340 3304 3305
f 3341 3340 3305
f 3338 3341 3305
f 3342 3258 3304
f 3343 3342 3304
f 3340 3343 3304
f 3342 3259 3258
f 3344 3259 3342
f 3260 3259 3344
f 3345 3342 3343
f 3344 3342 3345
f 3346 3343 3340
f 3345 3343 3346
f 3347 3340 3341
f 3346 3340 3347
f 3348 3341 3338
f 3347 3341 3348
f 3349 3338 3339
f 3348 3338 3349
f 3350 3339 3337
f 3349 3339 3350
f 3351 3337 3334
f 3350 3337 3351
f 3352 3334 3330
f 3351 3334 3352
f 3353 3330 3332
f 3352 3330 3353
f 3354 3332 3326
f 3353 3332 3354
f 3355 3326 3329
f 3354 3326 3355
f 3356 3329 3322
f 3355 3329 3356
f 3357 3322 3318
f 3356 3322 3357
f 3358 3318 3321
f 3357 3318 3358
f 3359 3321 3315
f 3358 3321 3359
f 3359 3315 3313
f 3359 3313 3317
f 3360 3361 3295
f 3361 3362 3363
f 3296 3360 3295
f 3363 3296 3295
f 3363 3295 3361
f 3360 3364 3361
f 3362 3361 3364
f 3365 3366 3364
f 3367 3364 3366
f 3360 3365 3364
f 3367 3362 3364
f 3368 3369 3366
f 3367 3366 3369
f 3365 3368 3366
f 3370 3371 3369
f 3372 3369 3371
f 3368 3370 3369
f 3372 3367 3369
f 3373 3374 3371
f 3375 3371 3374
f 3370 3373 3371
f 3375 3372 3371
f 3376 3377 3374
f 3378 3374 3377
f 3373 3376 3374
f 3378 3375 3374
f 3379 3235 3377
f 3241 3377 3235
f 3376 3379 3377
f 3241 3378 3377
f 3379 3236 3235
f 3380 3236 3379
f 3380 3237 3236
f 3381 3379 3376
f 3381 3380 3379
f 3382 3376 3373
f 3382 3381 3376
f 3293 3373 3370
f 3293 3382 3373
f 3293 3370 3368
f 3290 3368 3365
f 3290 3293 3368
f 3290 3365 3360
f 3383 3360 3296
f 3290 3360 3383
f 3383 3296 3363
f 3294 3283 3286
f 3294 3286 3279
f 3384 3279 3282
f 3294 3279 3384
f 3384 3282 3276
f 3385 3276 3272
f 3384 3276 3385
f 3386 3272 3275
f 3385 3272 3387
f 3386 3387 3272
f 2954 3275 3268
f 3386 3275 2954
f 2955 3268 3271
f 2954 3268 2955
f 3288 3271 3139
f 2955 3271 3288
f 3289 3139 3140
f 3288 3139 3289
f 3291 3140 3138
f 3289 3140 3291
f 3292 3138 3142
f 3291 3138 3292
f 3388 3142 3141
f 3292 3142 3388
f 3389 3141 3144
f 3388 3141 3389
f 3390 3144 3143
f 3389 3144 3390
f 3391 3143 3146
f 3390 3143 3391
f 3392 3146 3145
f 3391 3146 3392
f 3392 3145 3224
f 3132 3393 3133
f 3131 3133 3393
f 3394 3393 3132
f 3395 3131 3393
f 3394 3395 3393
f 3396 3132 3134
f 3396 3394 3132
f 3396 3134 3135
f 3270 3396 3135
f 3397 3119 3123
f 3120 3119 3397
f 3398 3123 3122
f 3398 3397 3123
f 3399 3122 3124
f 3399 3398 3122
f 3400 3124 3125
f 3400 3399 3124
f 3401 3125 3126
f 3402 3400 3125
f 3401 3402 3125
f 3403 3126 3127
f 3403 3401 3126
f 3404 3127 3128
f 3405 3403 3127
f 3404 3405 3127
f 3406 3128 3129
f 3407 3404 3128
f 3406 3407 3128
f 3408 3129 3130
f 3409 3406 3129
f 3408 3409 3129
f 3410 3130 3131
f 3410 3408 3130
f 3411 3410 3131
f 3395 3411 3131
f 3120 3397 3398
f 3120 3398 3399
f 3120 3399 3400
f 3120 3400 3402
f 3120 3402 3401
f 3120 3401 3403
f 3412 3403 3405
f 3413 3120 3403
f 3414 3413 3403
f 3415 3414 3403
f 3416 3415 3403
f 3417 3416 3403
f 3412 3417 3403
f 3418 3405 3404
f 3418 3412 3405
f 3419 3404 3407
f 3419 3418 3404
f 3420 3407 3406
f 3420 3419 3407
f 3421 3406 3409
f 3421 3420 3406
f 3422 3409 3408
f 3422 3421 3409
f 3423 3408 3410
f 3423 3422 3408
f 3424 3410 3411
f 3424 3423 3410
f 3425 3411 3395
f 3425 3424 3411
f 3426 3395 3394
f 3426 3425 3395
f 3427 3394 3396
f 3427 3426 3394
f 3387 3396 3270
f 3428 3427 3396
f 3387 3428 3396
f 3387 3270 3274
f 3385 3274 3278
f 3385 3387 3274
f 3384 3278 3281
f 3384 3385 3278
f 3384 3281 3287
f 3294 3287 3285
f 3294 3384 3287
f 3429 3120 3413
f 3429 3430 3120
f 3121 3120 3430
f 3431 3413 3414
f 3431 3429 3413
f 3432 3414 3415
f 3432 3431 3414
f 3433 3415 3416
f 3433 3432 3415
f 3434 3416 3417
f 3434 3433 3416
f 3412 3435 3417
f 3436 3417 3435
f 3436 3434 3417
f 3412 3437 3435
f 3438 3435 3437
f 3438 3436 3435
f 3412 3439 3437
f 3440 3437 3439
f 3440 3438 3437
f 3412 3441 3439
f 3442 3439 3441
f 3442 3440 3439
f 3412 3443 3441
f 3444 3441 3443
f 3444 3442 3441
f 3412 3445 3443
f 3446 3443 3445
f 3446 3444 3443
f 3412 3447 3445
f 3448 3445 3447
f 3448 3446 3445
f 3412 3449 3447
f 3450 3447 3449
f 3450 3448 3447
f 3412 3451 3449
f 3452 3449 3451
f 3452 3450 3449
f 3412 3453 3451
f 3454 3451 3453
f 3454 3452 3451
f 3412 3455 3453
f 3456 3453 3455
f 3456 3454 3453
f 3412 3457 3455
f 3458 3455 3457
f 3458 3456 3455
f 3412 3459 3457
f 3460 3457 3459
f 3460 3458 3457
f 3461 3462 3459
f 3463 3459 3462
f 3464 3461 3459
f 3465 3464 3459
f 3466 3465 3459
f 3467 3466 3459
f 3468 3467 3459
f 3469 3468 3459
f 3470 3469 3459
f 3412 3470 3459
f 3471 3459 3463
f 3472 3459 3471
f 3472 3460 3459
f 3473 3462 3461
f 3474 3462 3473
f 3463 3462 3474
f 3475 3461 3464
f 3476 3473 3461
f 3476 3461 3475
f 3475 3464 3465
f 3475 3465 3466
f 3477 3466 3467
f 3477 3475 3466
f 3478 3467 3468
f 3478 3477 3467
f 3478 3468 3469
f 3479 3469 3470
f 3479 3478 3469
f 3480 3470 3412
f 3480 3479 3470
f 3480 3412 3418
f 3107 3481 3108
f 3482 3108 3481
f 3483 3109 3108
f 3482 3483 3108
f 3107 3484 3481
f 3482 3481 3484
f 3113 3485 3484
f 3486 3484 3485
f 3107 3113 3484
f 3482 3484 3486
f 3111 3487 3485
f 3488 3485 3487
f 3112 3111 3485
f 3113 3112 3485
f 3486 3485 3488
f 3110 3489 3487
f 3490 3487 3489
f 3111 3110 3487
f 3488 3487 3490
f 3116 3491 3489
f 3492 3489 3491
f 3110 3116 3489
f 3490 3489 3492
f 3114 3493 3491
f 3494 3491 3493
f 3115 3114 3491
f 3116 3115 3491
f 3492 3491 3494
f 3118 3495 3493
f 3496 3493 3495
f 3114 3118 3493
f 3494 3493 3496
f 3117 3430 3495
f 3497 3495 3430
f 3118 3117 3495
f 3496 3495 3497
f 3472 3430 3429
f 3117 3121 3430
f 3497 3430 3472
f 3460 3429 3431
f 3472 3429 3460
f 3458 3431 3432
f 3460 3431 3458
f 3456 3432 3433
f 3458 3432 3456
f 3454 3433 3434
f 3456 3433 3454
f 3452 3434 3436
f 3454 3434 3452
f 3450 3436 3438
f 3452 3436 3450
f 3448 3438 3440
f 3450 3438 3448
f 3446 3440 3442
f 3448 3440 3446
f 3446 3442 3444
f 3085 3498 3086
f 3499 3086 3498
f 3500 3087 3086
f 3499 3500 3086
f 3501 3502 3498
f 3503 3498 3502
f 3085 3501 3498
f 3503 3499 3498
f 3501 3504 3502
f 3505 3502 3504
f 3505 3503 3502
f 3501 3506 3504
f 3507 3504 3506
f 3507 3505 3504
f 3501 3508 3506
f 3507 3506 3508
f 3509 3510 3508
f 3511 3508 3510
f 3501 3509 3508
f 3511 3507 3508
f 3509 3512 3510
f 3513 3510 3512
f 3513 3511 3510
f 3509 3514 3512
f 3515 3512 3514
f 3515 3513 3512
f 3474 3516 3514
f 3515 3514 3516
f 3509 3474 3514
f 3474 3517 3516
f 3518 3516 3517
f 3518 3515 3516
f 3473 3519 3517
f 3520 3517 3519
f 3474 3473 3517
f 3520 3518 3517
f 3473 3521 3519
f 3520 3519 3521
f 3522 3521 3473
f 3523 3521 3522
f 3523 3520 3521
f 3524 3473 3066
f 3525 3066 3473
f 3526 3522 3473
f 3527 3526 3473
f 3528 3527 3473
f 3524 3528 3473
f 3529 3473 3476
f 3530 3473 3529
f 3531 3473 3530
f 3525 3473 3531
f 3532 3474 3509
f 3463 3474 3532
f 3533 3509 3501
f 3532 3509 3533
f 3109 3501 3085
f 3533 3501 3109
f 3106 3085 3092
f 3109 3085 3106
f 3105 3092 3095
f 3106 3092 3105
f 3104 3095 3098
f 3105 3095 3104
f 3103 3098 3101
f 3104 3098 3103
f 3103 3101 3102
f 3534 3533 3109
f 3535 3534 3109
f 3536 3535 3109
f 3483 3536 3109
f 3537 3532 3533
f 3538 3537 3533
f 3539 3538 3533
f 3534 3539 3533
f 3540 3463 3532
f 3541 3540 3532
f 3537 3541 3532
f 3542 3471 3463
f 3540 3542 3463
f 3497 3471 3542
f 3497 3472 3471
f 3496 3542 3540
f 3496 3497 3542
f 3494 3540 3541
f 3494 3496 3540
f 3494 3541 3537
f 3492 3537 3538
f 3492 3494 3537
f 3490 3538 3539
f 3490 3492 3538
f 3488 3539 3534
f 3488 3490 3539
f 3488 3534 3535
f 3486 3535 3536
f 3486 3488 3535
f 3482 3536 3483
f 3482 3486 3536
f 3543 3049 3072
f 3543 3544 3049
f 3055 3049 3544
f 3545 3072 3073
f 3545 3543 3072
f 3546 3073 3071
f 3546 3545 3073
f 3547 3071 3077
f 3547 3546 3071
f 3547 3077 3076
f 3548 3076 3081
f 3548 3547 3076
f 3549 3081 3082
f 3549 3548 3081
f 3550 3082 3080
f 3550 3549 3082
f 3550 3080 3088
f 3551 3088 3089
f 3551 3550 3088
f 3500 3089 3087
f 3500 3551 3089
f 3056 3552 3057
f 3553 3057 3552
f 3553 3058 3057
f 3056 3554 3552
f 3553 3552 3554
f 3064 3555 3554
f 3556 3554 3555
f 3056 3064 3554
f 3553 3554 3556
f 3063 3557 3555
f 3558 3555 3557
f 3064 3063 3555
f 3556 3555 3558
f 3062 3559 3557
f 3560 3557 3559
f 3063 3062 3557
f 3558 3557 3560
f 3061 3561 3559
f 3562 3559 3561
f 3062 3061 3559
f 3560 3559 3562
f 3060 3563 3561
f 3564 3561 3563
f 3061 3060 3561
f 3562 3561 3564
f 3059 3565 3563
f 3566 3563 3565
f 3060 3059 3563
f 3564 3563 3566
f 3055 3544 3565
f 3567 3565 3544
f 3059 3055 3565
f 3566 3565 3567
f 3523 3544 3543
f 3567 3544 3523
f 3520 3543 3545
f 3523 3543 3520
f 3518 3545 3546
f 3520 3545 3518
f 3515 3546 3547
f 3518 3546 3515
f 3513 3547 3548
f 3515 3547 3513
f 3511 3548 3549
f 3513 3548 3511
f 3507 3549 3550
f 3511 3549 3507
f 3505 3550 3551
f 3507 3550 3505
f 3503 3551 3500
f 3505 3551 3503
f 3503 3500 3499
f 3065 3524 3066
f 3568 3046 3066
f 3568 3066 3525
f 3567 3522 3526
f 3567 3523 3522
f 3566 3526 3527
f 3566 3567 3526
f 3564 3527 3528
f 3564 3566 3527
f 3562 3528 3524
f 3562 3564 3528
f 3560 3524 3065
f 3560 3562 3524
f 3558 3065 3067
f 3558 3560 3065
f 3556 3067 3058
f 3556 3558 3067
f 3553 3556 3058
f 3569 3418 3419
f 3569 3480 3418
f 3569 3419 3420
f 3570 3420 3421
f 3570 3569 3420
f 3570 3421 3422
f 3571 3422 3423
f 3571 3570 3422
f 3572 3423 3424
f 3572 3571 3423
f 3572 3424 3425
f 3573 3425 3426
f 3573 3572 3425
f 3573 3426 3427
f 3574 3427 3428
f 3574 3573 3427
f 3356 3335 3428
f 3575 3428 3335
f 3576 3356 3428
f 3577 3576 3428
f 3387 3577 3428
f 3578 3574 3428
f 3575 3578 3428
f 3357 3328 3335
f 3356 3357 3335
f 3336 3575 3335
f 3357 3324 3328
f 3358 3325 3324
f 3357 3358 3324
f 3359 3320 3325
f 3358 3359 3325
f 3359 3317 3320
f 3312 3026 3030
f 3312 3030 3032
f 3579 3032 3035
f 3312 3032 3579
f 3579 3035 3037
f 3580 3037 3040
f 3579 3037 3580
f 3581 3040 3043
f 3580 3040 3581
f 3568 3043 3046
f 3581 3043 3568
f 3362 3356 3576
f 3355 3356 3362
f 3582 3583 3576
f 3362 3576 3583
f 3577 3582 3576
f 3584 3585 3583
f 3362 3583 3585
f 3582 3584 3583
f 3383 3363 3585
f 3362 3585 3363
f 3584 3383 3585
f 3290 3383 3584
f 2956 3584 3582
f 2956 3290 3584
f 2956 3582 3577
f 3386 3577 3387
f 2954 2956 3577
f 3386 2954 3577
f 3476 3475 3477
f 3529 3477 3478
f 3529 3476 3477
f 3530 3478 3479
f 3530 3529 3478
f 3531 3479 3480
f 3531 3530 3479
f 3525 3480 3569
f 3525 3531 3480
f 3581 3569 3570
f 3568 3525 3569
f 3581 3568 3569
f 3580 3570 3571
f 3580 3581 3570
f 3579 3571 3572
f 3579 3580 3571
f 3312 3572 3573
f 3312 3579 3572
f 3310 3573 3574
f 3310 3312 3573
f 3311 3574 3578
f 3586 3310 3574
f 3311 3586 3574
f 3308 3578 3575
f 3311 3578 3308
f 3308 3575 3336
f 3308 3336 3309
f 3311 3310 3586
f 3587 2969 2971
f 3169 3587 2971
f 3587 2968 2969
f 3588 2967 2968
f 3587 3588 2968
f 3589 2966 2967
f 3588 3589 2967
f 3590 2965 2966
f 3589 3590 2966
f 3590 2964 2965
f 3591 2963 2964
f 3590 3591 2964
f 3591 2959 2963
f 3591 2960 2959
f 3591 3592 2960
f 2961 2960 3592
f 3593 3594 3592
f 3595 3592 3594
f 3591 3593 3592
f 3295 3296 3295
f 3596 3592 3595
f 2961 3592 3596
f 3593 3597 3594
f 3598 3594 3597
f 3598 3595 3594
f 3593 3599 3597
f 3600 3597 3599
f 3600 3598 3597
f 3593 3601 3599
f 3602 3599 3601
f 3603 3599 3602
f 3600 3599 3603
f 3593 3604 3601
f 3605 3601 3604
f 3602 3601 3605
f 3593 3606 3604
f 3607 3604 3606
f 3608 3604 3607
f 3605 3604 3608
f 3609 3610 3606
f 3611 3606 3610
f 3593 3609 3606
f 3607 3606 3611
f 3612 3613 3610
f 3614 3610 3613
f 3615 3612 3610
f 3609 3615 3610
f 3611 3610 3614
f 3616 3617 3613
f 3614 3613 3617
f 3612 3616 3613
f 3618 3619 3617
f 3620 3617 3619
f 3616 3618 3617
f 3614 3617 3620
f 3621 3619 3618
f 3620 3619 3621
f 3622 3618 3616
f 3621 3618 3622
f 3623 3616 3612
f 3622 3616 3623
f 3624 3612 3615
f 3623 3612 3624
f 3625 3615 3609
f 3624 3615 3625
f 3626 3609 3593
f 3625 3609 3626
f 3627 3593 3591
f 3628 3629 3593
f 3626 3593 3629
f 3627 3628 3593
f 3630 3591 3590
f 3630 3627 3591
f 3631 3590 3589
f 3631 3630 3590
f 3632 3589 3588
f 3632 3631 3589
f 3633 3588 3587
f 3633 3632 3588
f 3633 3587 3169
f 3634 3169 3170
f 3634 3633 3169
f 3635 3170 3171
f 3635 3634 3170
f 3636 3171 3172
f 3636 3635 3171
f 3637 3172 3173
f 3637 3636 3172
f 3638 3173 2881
f 3638 3637 3173
f 3638 2881 2882
f 3212 3174 3175
f 3212 3188 3174
f 3211 3175 3213
f 3211 3212 3175
f 3210 3213 3214
f 3210 3211 3213
f 3209 3214 3215
f 3209 3210 3214
f 3208 3215 3216
f 3208 3209 3215
f 3208 3216 3217
f 3207 3217 3301
f 3207 3208 3217
f 3267 3301 3302
f 3267 3207 3301
f 3266 3302 3303
f 3266 3267 3302
f 3265 3303 3264
f 3265 3266 3303
f 3263 3265 3264
f 2957 2958 2962
f 2962 2958 2912
f 2961 3596 2962
f 3596 2957 2962
f 3595 2952 2957
f 3295 3313 3295
f 3596 3595 2957
f 3639 3640 2952
f 2953 2952 3640
f 3595 3639 2952
f 3641 3642 3640
f 2948 3640 3642
f 3639 3641 3640
f 2955 3288 2956
f 2950 2953 3640
f 2949 3640 2948
f 2950 3640 2949
f 3643 3644 3642
f 2946 3642 3644
f 3641 3643 3642
f 2947 3642 2946
f 2948 3642 2947
f 3645 3646 3644
f 2944 3644 3646
f 3643 3645 3644
f 2945 3644 2944
f 2946 3644 2945
f 3647 3648 3646
f 2943 3646 3648
f 3645 3647 3646
f 2944 3646 2943
f 3649 3650 3648
f 2941 3648 3650
f 3647 3649 3648
f 2943 3648 2941
f 3651 3652 3650
f 2936 3650 3652
f 3649 3651 3650
f 2938 3650 2936
f 2941 3650 2938
f 3653 3654 3652
f 2933 3652 3654
f 3651 3653 3652
f 2931 3652 2933
f 2936 3652 2931
f 3655 3656 3654
f 2932 3654 3656
f 3653 3655 3654
f 2933 3654 2932
f 3657 3658 3656
f 2919 3656 3658
f 3655 3657 3656
f 2919 2932 3656
f 3659 3660 3658
f 2919 3658 3660
f 3657 3659 3658
f 3661 3662 3660
f 2914 3660 3662
f 3659 3661 3660
f 2919 3660 2914
f 3663 3664 3662
f 2910 3662 3664
f 3661 3663 3662
f 2914 3662 2910
f 3665 3666 3664
f 2910 3664 3666
f 3663 3665 3664
f 3667 3668 3666
f 2907 3666 3668
f 3665 3667 3666
f 2910 3666 2907
f 3669 3670 3668
f 2907 3668 3670
f 3667 3669 3668
f 3671 3672 3670
f 2904 3670 3672
f 3669 3671 3670
f 2907 3670 2904
f 2883 3673 3672
f 2904 3672 3673
f 3671 2883 3672
f 3674 3673 2883
f 2904 3673 2899
f 3674 2899 3673
f 3634 2883 3671
f 3675 2883 2879
f 3676 2883 3675
f 3677 2883 3676
f 3678 2883 3677
f 3679 2883 3678
f 3674 2883 3679
f 3634 2884 2883
f 3633 3671 3669
f 3634 3671 3633
f 3633 3669 3667
f 3632 3667 3665
f 3633 3667 3632
f 3632 3665 3663
f 3631 3663 3661
f 3632 3663 3631
f 3630 3661 3659
f 3631 3661 3630
f 3630 3659 3657
f 3627 3657 3655
f 3630 3657 3627
f 3627 3655 3653
f 3628 3653 3651
f 3627 3653 3628
f 3625 3651 3649
f 3626 3628 3651
f 3625 3626 3651
f 3623 3649 3647
f 3624 3625 3649
f 3623 3624 3649
f 3621 3647 3645
f 3622 3623 3647
f 3621 3622 3647
f 3620 3645 3643
f 3620 3621 3645
f 3614 3643 3641
f 3614 3620 3643
f 3607 3641 3639
f 3611 3614 3641
f 3607 3611 3641
f 3603 3639 3595
f 3608 3607 3639
f 3605 3608 3639
f 3603 3605 3639
f 3598 3603 3595
f 2950 2951 2953
f 2919 2929 2932
f 3675 2879 2893
f 3676 2893 2892
f 3676 3675 2893
f 3677 2892 2895
f 3677 3676 2892
f 3678 2895 2897
f 3678 3677 2895
f 3674 2897 2899
f 3679 3678 2897
f 3674 3679 2897
f 3638 2882 2885
f 3638 2885 2886
f 3637 2886 2887
f 3638 2886 3637
f 3636 2887 2888
f 3637 2887 3636
f 3636 2888 2889
f 3635 2889 2884
f 3636 2889 3635
f 3635 2884 3634
f 3626 3629 3628
f 3603 3602 3605
f 3600 3603 3598
f 3353 3362 3367
f 3354 3355 3362
f 3353 3354 3362
f 3351 3367 3372
f 3352 3353 3367
f 3351 3352 3367
f 3349 3372 3375
f 3350 3351 3372
f 3349 3350 3372
f 3347 3375 3378
f 3348 3349 3375
f 3347 3348 3375
f 3345 3378 3241
f 3346 3347 3378
f 3345 3346 3378
f 3344 3241 3240
f 3344 3345 3241
f 3261 3240 3243
f 3260 3344 3240
f 3261 3260 3240
f 3254 3243 3244
f 3257 3261 3243
f 3254 3257 3243
f 3251 3244 3245
f 3255 3254 3244
f 3251 3255 3244
f 3252 3251 3245
f 3246 3252 3245
f 3228 3232 3238
f 3231 3230 3232
f 3228 3231 3232
f 3227 3238 3239
f 3229 3228 3238
f 3227 3229 3238
f 3226 3239 3237
f 3225 3227 3239
f 3226 3225 3239
f 3224 3237 3380
f 3223 3226 3237
f 3224 3223 3237
f 3391 3380 3381
f 3392 3224 3380
f 3391 3392 3380
f 3390 3381 3382
f 3390 3391 3381
f 3388 3382 3293
f 3389 3390 3382
f 3388 3389 3382
f 3291 3293 3290
f 3292 3388 3293
f 3283 3284 3283
f 3296 3283 3296
f 3283 3296 3283
f 3283 3284 3283
f 3299 3298 3021
f 3299 3300 3297
f 3295 3296 3295
f 3313 3295 3313
f 3296 3283 3283
f 3296 3295 3296
f 3313 3295 3295
f 3313 3314 3313
f 3296 3295 3296
f 3296 3283 3296
f 3313 3295 3313
f 3313 3314 3313
f 3680 3681 3682
f 3683 3682 3681
f 3684 3680 3682
f 3685 3684 3682
f 3686 3682 3683
f 3687 3685 3682
f 3688 3687 3682
f 3689 3688 3682
f 3690 3689 3682
f 3691 3690 3682
f 3692 3691 3682
f 3693 3692 3682
f 3686 3693 3682
f 3680 3694 3681
f 3695 3681 3694
f 3696 3683 3681
f 3695 3696 3681
f 3680 3697 3694
f 3698 3694 3697
f 3698 3695 3694
f 3680 3699 3697
f 3700 3697 3699
f 3700 3698 3697
f 3680 3701 3699
f 3702 3699 3701
f 3702 3700 3699
f 3703 3704 3701
f 3705 3701 3704
f 3680 3703 3701
f 3705 3702 3701
f 3706 3707 3704
f 3705 3704 3707
f 3703 3706 3704
f 3708 3709 3707
f 3710 3707 3709
f 3706 3708 3707
f 3710 3705 3707
f 3711 3712 3709
f 3713 3709 3712
f 3714 3711 3709
f 3708 3714 3709
f 3713 3710 3709
f 3715 3716 3712
f 3717 3712 3716
f 3718 3715 3712
f 3719 3718 3712
f 3720 3719 3712
f 3711 3720 3712
f 3717 3713 3712
f 3721 3722 3716
f 3723 3716 3722
f 3724 3721 3716
f 3725 3724 3716
f 3715 3725 3716
f 3723 3717 3716
f 3726 3727 3722
f 3728 3722 3727
f 3721 3726 3722
f 3728 3723 3722
f 3729 3730 3727
f 3731 3727 3730
f 3726 3729 3727
f 3731 3728 3727
f 3732 3733 3730
f 3734 3730 3733
f 3729 3732 3730
f 3735 3731 3730
f 3736 3735 3730
f 3734 3736 3730
f 3737 3738 3733
f 3739 3733 3738
f 3732 3737 3733
f 3739 3734 3733
f 3740 3741 3738
f 3742 3738 3741
f 3737 3740 3738
f 3742 3739 3738
f 3743 3744 3741
f 3745 3741 3744
f 3740 3743 3741
f 3745 3742 3741
f 3746 3747 3744
f 3748 3744 3747
f 3743 3746 3744
f 3749 3745 3744
f 3750 3749 3744
f 3751 3750 3744
f 3748 3752 3744
f 3753 3744 3752
f 3754 3751 3744
f 3755 3754 3744
f 3756 3755 3744
f 3757 3756 3744
f 3758 3757 3744
f 3753 3758 3744
f 3746 3759 3747
f 3748 3747 3759
f 3746 3760 3759
f 3761 3759 3760
f 3762 3748 3759
f 3761 3762 3759
f 3746 3763 3760
f 3764 3760 3763
f 3764 3761 3760
f 3746 3765 3763
f 3766 3763 3765
f 3766 3764 3763
f 3746 3767 3765
f 3768 3765 3767
f 3768 3766 3765
f 3769 3770 3767
f 3768 3767 3770
f 3746 3769 3767
f 3771 3772 3770
f 3773 3770 3772
f 3769 3771 3770
f 3773 3768 3770
f 3774 3775 3772
f 3776 3772 3775
f 3771 3774 3772
f 3776 3773 3772
f 3777 3778 3775
f 3779 3775 3778
f 3780 3777 3775
f 3774 3780 3775
f 3779 3776 3775
f 3781 3782 3778
f 3783 3778 3782
f 3784 3781 3778
f 3785 3784 3778
f 3777 3785 3778
f 3783 3779 3778
f 3786 3787 3782
f 3788 3782 3787
f 3789 3786 3782
f 3790 3789 3782
f 3791 3790 3782
f 3792 3791 3782
f 3793 3792 3782
f 3794 3795 3796
f 3797 3793 3782
f 3798 3799 3800
f 3801 3797 3782
f 3781 3801 3782
f 3788 3783 3782
f 3802 3803 3787
f 3804 3787 3803
f 3786 3802 3787
f 3788 3787 3804
f 3805 3806 3803
f 3807 3803 3806
f 3802 3805 3803
f 3808 3804 3803
f 3809 3808 3803
f 3807 3809 3803
f 3810 3811 3806
f 3812 3806 3811
f 3805 3810 3806
f 3812 3807 3806
f 3813 3814 3811
f 3815 3811 3814
f 3810 3813 3811
f 3815 3812 3811
f 3816 3817 3814
f 3818 3814 3817
f 3813 3816 3814
f 3818 3815 3814
f 3819 3820 3817
f 3821 3817 3820
f 3816 3819 3817
f 3821 3818 3817
f 3822 3823 3820
f 3824 3820 3823
f 3819 3822 3820
f 3824 3821 3820
f 3822 3825 3823
f 3826 3823 3825
f 3826 3824 3823
f 3827 3825 3822
f 3827 3826 3825
f 3828 3822 3819
f 3828 3827 3822
f 3829 3819 3816
f 3829 3828 3819
f 3830 3816 3813
f 3830 3829 3816
f 3831 3813 3810
f 3831 3830 3813
f 3832 3810 3805
f 3832 3831 3810
f 3833 3805 3802
f 3833 3832 3805
f 3834 3802 3786
f 3834 3833 3802
f 3835 3786 3789
f 3835 3834 3786
f 3836 3789 3790
f 3836 3835 3789
f 3837 3790 3791
f 3837 3836 3790
f 3837 3791 3792
f 3838 3792 3793
f 3837 3792 3838
f 3795 3798 3796
f 3839 3838 3793
f 3798 3800 3796
f 3840 3793 3797
f 3839 3793 3840
f 3799 3841 3800
f 3840 3797 3842
f 3842 3797 3801
f 3843 3801 3781
f 3842 3801 3843
f 3844 3781 3784
f 3845 3781 3844
f 3846 3781 3845
f 3781 3846 3847
f 3848 3784 3785
f 3844 3784 3848
f 3849 3785 3777
f 3848 3785 3849
f 3850 3777 3780
f 3849 3777 3850
f 3851 3780 3774
f 3850 3780 3851
f 3852 3774 3771
f 3851 3774 3852
f 3853 3771 3769
f 3852 3771 3853
f 3854 3769 3746
f 3853 3769 3854
f 3855 3746 3743
f 3856 3746 3855
f 3854 3746 3856
f 3855 3743 3740
f 3857 3740 3737
f 3858 3855 3740
f 3857 3858 3740
f 3859 3737 3732
f 3859 3857 3737
f 3860 3732 3729
f 3860 3859 3732
f 3861 3729 3726
f 3861 3860 3729
f 3862 3726 3721
f 3862 3861 3726
f 3863 3721 3724
f 3863 3862 3721
f 3864 3724 3725
f 3864 3863 3724
f 3864 3725 3715
f 3865 3715 3718
f 3865 3864 3715
f 3866 3718 3719
f 3867 3718 3868
f 3869 3868 3718
f 3865 3718 3867
f 3866 3869 3718
f 3870 3719 3720
f 3870 3866 3719
f 3871 3720 3711
f 3871 3870 3720
f 3872 3711 3714
f 3872 3871 3711
f 3873 3714 3708
f 3873 3872 3714
f 3874 3708 3706
f 3874 3873 3708
f 3875 3706 3703
f 3875 3874 3706
f 3875 3703 3680
f 3684 3876 3680
f 3877 3680 3876
f 3877 3875 3680
f 3878 3879 3876
f 3880 3876 3879
f 3684 3878 3876
f 3880 3877 3876
f 3881 3882 3879
f 3883 3879 3882
f 3878 3881 3879
f 3884 3880 3879
f 3883 3884 3879
f 3885 3886 3882
f 3887 3882 3886
f 3881 3885 3882
f 3887 3883 3882
f 3888 3889 3886
f 3890 3886 3889
f 3885 3888 3886
f 3890 3887 3886
f 3891 3892 3889
f 3893 3889 3892
f 3894 3891 3889
f 3888 3894 3889
f 3893 3890 3889
f 3895 3896 3892
f 3897 3892 3896
f 3898 3895 3892
f 3899 3898 3892
f 3891 3899 3892
f 3897 3893 3892
f 3900 3901 3896
f 3902 3896 3901
f 3895 3900 3896
f 3902 3897 3896
f 3900 3903 3901
f 3904 3901 3903
f 3904 3902 3901
f 3900 3905 3903
f 3906 3903 3905
f 3904 3903 3906
f 3900 3907 3905
f 3908 3905 3907
f 3908 3906 3905
f 3909 3910 3907
f 3911 3907 3910
f 3900 3909 3907
f 3908 3907 3906
f 3912 3906 3907
f 3912 3907 3913
f 3911 3913 3907
f 3909 3914 3910
f 3915 3910 3914
f 3915 3911 3910
f 3909 3916 3914
f 3917 3914 3916
f 3917 3915 3914
f 3918 3919 3916
f 3920 3916 3919
f 3909 3918 3916
f 3920 3917 3916
f 3918 3921 3919
f 3922 3919 3921
f 3922 3920 3919
f 3923 3924 3921
f 3925 3921 3924
f 3918 3923 3921
f 3925 3922 3921
f 3926 3927 3924
f 3928 3924 3927
f 3923 3926 3924
f 3928 3925 3924
f 3929 3930 3927
f 3931 3927 3930
f 3926 3929 3927
f 3931 3928 3927
f 3932 3933 3930
f 3934 3930 3933
f 3935 3932 3930
f 3936 3935 3930
f 3937 3936 3930
f 3938 3937 3930
f 3939 3938 3930
f 3929 3939 3930
f 3940 3930 3934
f 3941 3942 3930
f 3943 3930 3942
f 3944 3930 3940
f 3945 3930 3944
f 3946 3930 3945
f 3947 3930 3946
f 3948 3930 3947
f 3949 3930 3948
f 3941 3930 3949
f 3950 3951 3930
f 3931 3930 3951
f 3952 3950 3930
f 3943 3952 3930
f 3953 3954 3933
f 3934 3933 3954
f 3932 3953 3933
f 3953 3955 3954
f 3956 3954 3955
f 3957 3934 3954
f 3958 3957 3954
f 3956 3958 3954
f 3959 3960 3955
f 3961 3955 3960
f 3953 3959 3955
f 3962 3956 3955
f 3961 3962 3955
f 3963 3964 3960
f 3965 3960 3964
f 3959 3963 3960
f 3966 3961 3960
f 3967 3966 3960
f 3965 3967 3960
f 3968 3969 3964
f 3970 3964 3969
f 3963 3968 3964
f 3970 3971 3964
f 3972 3964 3971
f 3973 3965 3964
f 3974 3973 3964
f 3972 3974 3964
f 3975 3976 3969
f 3977 3969 3976
f 3968 3975 3969
f 3977 3970 3969
f 3978 3979 3976
f 3980 3976 3979
f 3975 3978 3976
f 3980 3977 3976
f 3981 3982 3979
f 3983 3979 3982
f 3978 3981 3979
f 3983 3980 3979
f 3984 3985 3982
f 3986 3982 3985
f 3981 3984 3982
f 3986 3983 3982
f 3987 3985 3984
f 3987 3986 3985
f 3988 3984 3981
f 3988 3987 3984
f 3989 3981 3978
f 3989 3988 3981
f 3990 3978 3975
f 3990 3989 3978
f 3991 3975 3968
f 3991 3990 3975
f 3992 3968 3963
f 3992 3993 3968
f 3994 3968 3993
f 3994 3991 3968
f 3995 3963 3959
f 3996 3963 3995
f 3997 3963 3996
f 3998 3963 3997
f 3999 3963 3998
f 3992 3963 3999
f 4000 3959 3953
f 4001 3959 4000
f 4002 3959 4001
f 3995 3959 4002
f 4003 3953 3932
f 4004 3953 4003
f 4000 3953 4004
f 4005 3932 3935
f 4006 3932 4005
f 4007 3932 4006
f 4003 3932 4007
f 4005 3935 3936
f 4008 3936 3937
f 4009 4005 3936
f 4008 4009 3936
f 4010 3937 3938
f 4010 4008 3937
f 4011 3938 3939
f 4011 4010 3938
f 4012 3939 3929
f 4012 4011 3939
f 4012 3929 3926
f 4013 3926 3923
f 4013 4012 3926
f 4014 3923 3918
f 4014 4013 3923
f 4015 3918 3909
f 4015 4014 3918
f 4016 3909 3900
f 4016 4015 3909
f 4017 3900 3895
f 4017 4016 3900
f 4018 3895 3898
f 4018 4019 3895
f 4017 3895 4019
f 4020 3898 3899
f 4020 4018 3898
f 4021 3899 3891
f 4021 4020 3899
f 4022 3891 3894
f 4022 4023 3891
f 4021 3891 4023
f 4022 3894 3888
f 4024 3888 3885
f 4025 4023 3888
f 4022 3888 4023
f 4026 4025 3888
f 4024 4026 3888
f 4027 3885 3881
f 4028 4024 3885
f 4027 4028 3885
f 4029 3881 3878
f 4030 4027 3881
f 4029 4030 3881
f 4031 3878 3684
f 4032 4029 3878
f 4031 4032 3878
f 4031 3684 3685
f 4033 3683 3696
f 4034 3683 4033
f 4034 3686 3683
f 4035 3696 3695
f 4035 4033 3696
f 4036 3695 3698
f 4036 4035 3695
f 4037 3698 3700
f 4037 4036 3698
f 4038 3700 3702
f 4039 4037 3700
f 4038 4039 3700
f 4040 3702 3705
f 4038 3702 4040
f 4041 3705 3710
f 4042 3705 4041
f 4040 3705 4042
f 4043 3710 3713
f 4044 3710 4043
f 4041 3710 4044
f 4045 3713 3717
f 4046 3713 4045
f 4043 3713 4046
f 4047 3717 3723
f 4045 3717 4047
f 4048 3723 3728
f 4049 3723 4048
f 4047 3723 4049
f 4050 3728 3731
f 4051 3728 4050
f 4048 3728 4051
f 3735 4052 3731
f 4053 3731 4052
f 4054 3731 4053
f 4050 3731 4054
f 3749 3855 3858
f 3750 3855 3749
f 4055 3856 3855
f 4056 4055 3855
f 4057 4056 3855
f 4058 4057 3855
f 4059 4058 3855
f 3750 4059 3855
f 3742 3858 3857
f 3745 3858 3742
f 3749 3858 3745
f 3739 3857 3859
f 3742 3857 3739
f 3734 3859 3860
f 3739 3859 3734
f 3736 3860 3861
f 3734 3860 3736
f 4060 3861 3862
f 4060 3736 3861
f 4060 3862 3863
f 4060 3863 3864
f 3867 3868 3864
f 4061 3864 3868
f 3865 3867 3864
f 4061 4060 3864
f 4061 3868 3869
f 4062 4063 3867
f 4064 3867 4063
f 3865 4062 3867
f 4064 3865 3867
f 4062 4065 4063
f 4066 4063 4065
f 4064 4063 4066
f 4067 4068 4065
f 4069 4065 4068
f 4062 4067 4065
f 4070 4065 4069
f 4066 4065 4070
f 4071 4052 4068
f 4072 4068 4052
f 4067 4071 4068
f 4069 4068 4072
f 4072 4052 3735
f 4071 4053 4052
f 4060 3735 3736
f 4072 3735 4073
f 4074 4073 3735
f 4074 3735 4060
f 4075 4053 4071
f 4054 4053 4075
f 4076 4071 4067
f 4075 4071 4076
f 4077 4067 4062
f 4076 4067 4077
f 4078 4062 3865
f 4079 4062 4078
f 4077 4062 4079
f 4064 4078 3865
f 4066 4079 4078
f 4064 4066 4078
f 4070 4077 4079
f 4066 4070 4079
f 4069 4076 4077
f 4070 4069 4077
f 4072 4075 4076
f 4069 4072 4076
f 4073 4054 4075
f 4072 4073 4075
f 4080 4050 4054
f 4073 4080 4054
f 4081 4051 4050
f 4080 4081 4050
f 4082 4048 4051
f 4081 4082 4051
f 4083 4049 4048
f 4082 4083 4048
f 4084 4047 4049
f 4083 4084 4049
f 4085 4045 4047
f 4084 4085 4047
f 4086 4046 4045
f 4085 4086 4045
f 4087 4043 4046
f 4086 4087 4046
f 4088 4044 4043
f 4087 4088 4043
f 4089 4041 4044
f 4088 4089 4044
f 4090 4042 4041
f 4089 4090 4041
f 4091 4040 4042
f 4090 4091 4042
f 4092 4040 4091
f 4092 4038 4040
f 4093 4091 4090
f 4093 4092 4091
f 4094 4090 4089
f 4093 4090 4094
f 4094 4089 4088
f 4095 4088 4087
f 4094 4088 4095
f 4095 4087 4086
f 4096 4086 4085
f 4095 4086 4096
f 4097 4085 4084
f 4096 4085 4097
f 4097 4084 4083
f 4098 4083 4082
f 4097 4083 4098
f 4098 4082 4081
f 4074 4081 4080
f 4098 4081 4074
f 4074 4080 4073
f 4061 3869 3866
f 4061 3866 3870
f 4099 3870 3871
f 4099 4061 3870
f 4099 3871 3872
f 4100 3872 3873
f 4100 4099 3872
f 4101 3873 3874
f 4101 4100 3873
f 4102 3874 3875
f 4102 4101 3874
f 4102 3875 3877
f 4103 3877 3880
f 4103 4102 3877
f 4104 4033 4035
f 4104 4034 4033
f 4105 4035 4036
f 4105 4104 4035
f 4106 4036 4037
f 4107 4105 4036
f 4106 4107 4036
f 4108 4037 4039
f 4108 4106 4037
f 4092 4039 4038
f 4092 4108 4039
f 4109 3685 3687
f 4110 4031 3685
f 4110 3685 4109
f 4111 3687 3688
f 4112 3687 4111
f 4109 3687 4112
f 4113 3688 3689
f 4111 3688 4113
f 4114 3689 3690
f 4115 3689 4114
f 4113 3689 4115
f 4116 3690 3691
f 4117 3690 4116
f 4114 3690 4117
f 4118 3691 3692
f 4116 3691 4118
f 4119 4120 3692
f 4118 3692 4120
f 3693 4119 3692
f 4121 4120 4119
f 4122 4120 4121
f 4123 4120 4122
f 4124 4118 4120
f 4125 4124 4120
f 4123 4125 4120
f 4126 4119 3693
f 4127 4121 4119
f 4126 4127 4119
f 4128 3693 3686
f 4129 4126 3693
f 4130 4129 3693
f 4131 4130 3693
f 4132 4131 3693
f 4128 4132 3693
f 4133 4134 3686
f 4128 3686 4134
f 4034 4133 3686
f 4133 4135 4134
f 4132 4134 4135
f 4128 4134 4132
f 4133 4136 4135
f 4137 4135 4136
f 4138 4135 4137
f 4132 4135 4138
f 4133 4139 4136
f 4140 4136 4139
f 4141 4136 4140
f 4137 4136 4141
f 4133 4142 4139
f 4143 4139 4142
f 4140 4139 4143
f 4144 4142 4133
f 4145 4142 4144
f 4146 4142 4145
f 4147 4142 4146
f 4143 4142 4147
f 4034 4148 4133
f 3880 4133 4148
f 3884 4133 3880
f 4144 4133 3884
f 4149 4148 4034
f 4150 3880 4148
f 4149 4150 4148
f 4149 4034 4104
f 4149 4104 4105
f 4151 4105 4107
f 4149 4105 4151
f 4152 4107 4106
f 4151 4107 4152
f 4152 4106 4108
f 4153 4108 4092
f 4152 4108 4153
f 4153 4092 4093
f 4154 4155 4023
f 4156 4023 4155
f 4157 4154 4023
f 4025 4157 4023
f 4156 4021 4023
f 4158 4159 4155
f 4160 4155 4159
f 4161 4158 4155
f 4154 4161 4155
f 4160 4156 4155
f 4162 4163 4159
f 4164 4159 4163
f 4158 4162 4159
f 4164 4160 4159
f 4165 4166 4163
f 4167 4163 4166
f 4168 4165 4163
f 4162 4168 4163
f 4167 4164 4163
f 4169 4170 4166
f 4171 4166 4170
f 4172 4169 4166
f 4165 4172 4166
f 4173 4167 4166
f 4171 4173 4166
f 4174 4175 4176
f 3841 4176 3800
f 4177 4178 4179
f 4180 4170 4169
f 4180 4171 4170
f 4181 4182 4181
f 4182 4181 4182
f 4182 4169 4182
f 4169 4182 4169
f 4169 4170 4169
f 4183 3912 3906
f 4183 4184 4185
f 4186 3912 4183
f 3906 4184 4183
f 3906 4186 4185
f 3912 3904 3906
f 4186 3906 3912
f 4187 4103 3880
f 4188 4187 3880
f 4189 4188 3880
f 4150 4189 3880
f 4190 3884 3883
f 4144 3884 4190
f 4191 3883 3887
f 4190 3883 4191
f 4192 3887 3890
f 4191 3887 4192
f 4193 3890 3893
f 4192 3890 4193
f 4194 3893 3897
f 4195 4193 3893
f 4194 4195 3893
f 4196 3897 3902
f 4197 3897 4196
f 4197 4194 3897
f 4196 3902 3904
f 3912 3913 3904
f 4196 3904 3913
f 4198 3913 3911
f 4196 3913 4198
f 4175 4177 4179
f 4199 4200 4199
f 4199 4181 4199
f 4181 4199 4181
f 4201 4202 4200
f 4203 4200 4202
f 4199 4201 4200
f 4203 4199 4200
f 4204 4205 4202
f 4206 4202 4205
f 4207 4204 4202
f 4201 4207 4202
f 4203 4202 4206
f 4208 4209 4205
f 4210 4205 4209
f 4204 4208 4205
f 4211 4205 4210
f 4206 4205 4211
f 4212 4213 4209
f 4214 4209 4213
f 4215 4212 4209
f 4208 4215 4209
f 4210 4209 4214
f 4216 4217 4213
f 4214 4213 4217
f 4218 4216 4213
f 4212 4218 4213
f 4219 4217 4220
f 4195 4217 4219
f 4220 4193 4219
f 4216 4220 4217
f 4214 4217 4221
f 4222 4221 4217
f 4195 4222 4217
f 4195 4219 4193
f 4223 4192 4193
f 4220 4223 4193
f 4224 4191 4192
f 4225 4224 4192
f 4223 4225 4192
f 4226 4190 4191
f 4227 4226 4191
f 4224 4227 4191
f 4228 4144 4190
f 4229 4228 4190
f 4226 4229 4190
f 4228 4145 4144
f 4230 4145 4228
f 4146 4145 4230
f 4231 4228 4229
f 4230 4228 4231
f 4232 4229 4226
f 4231 4229 4232
f 4233 4226 4227
f 4232 4226 4233
f 4234 4227 4224
f 4233 4227 4234
f 4235 4224 4225
f 4234 4224 4235
f 4236 4225 4223
f 4235 4225 4236
f 4237 4223 4220
f 4236 4223 4237
f 4238 4220 4216
f 4237 4220 4238
f 4239 4216 4218
f 4238 4216 4239
f 4240 4218 4212
f 4239 4218 4240
f 4241 4212 4215
f 4240 4212 4241
f 4242 4215 4208
f 4241 4215 4242
f 4243 4208 4204
f 4242 4208 4243
f 4244 4204 4207
f 4243 4204 4244
f 4245 4207 4201
f 4244 4207 4245
f 4245 4201 4199
f 4245 4199 4203
f 4246 4247 4181
f 4247 4248 4249
f 4182 4246 4181
f 4249 4182 4181
f 4249 4181 4247
f 4246 4250 4247
f 4248 4247 4250
f 4251 4252 4250
f 4253 4250 4252
f 4246 4251 4250
f 4253 4248 4250
f 4254 4255 4252
f 4253 4252 4255
f 4251 4254 4252
f 4256 4257 4255
f 4258 4255 4257
f 4254 4256 4255
f 4258 4253 4255
f 4259 4260 4257
f 4261 4257 4260
f 4256 4259 4257
f 4261 4258 4257
f 4262 4263 4260
f 4264 4260 4263
f 4259 4262 4260
f 4264 4261 4260
f 4265 4121 4263
f 4127 4263 4121
f 4262 4265 4263
f 4127 4264 4263
f 4265 4122 4121
f 4266 4122 4265
f 4266 4123 4122
f 4267 4265 4262
f 4267 4266 4265
f 4179 4262 4259
f 4179 4267 4262
f 4176 4259 4256
f 4176 4179 4259
f 4176 4256 4254
f 3800 4254 4251
f 3800 4176 4254
f 3800 4251 4246
f 4268 4246 4182
f 3800 4246 4268
f 4268 4182 4249
f 4180 4169 4172
f 4180 4172 4165
f 4269 4165 4168
f 4180 4165 4269
f 4269 4168 4162
f 4270 4162 4158
f 4269 4162 4270
f 4271 4158 4161
f 4270 4158 4272
f 4271 4272 4158
f 3794 4161 4154
f 4271 4161 3794
f 3795 4154 4157
f 3794 4154 3795
f 3798 4157 4025
f 3795 4157 3798
f 3799 4025 4026
f 3798 4025 3799
f 3841 4026 4024
f 3799 4026 3841
f 4174 4024 4028
f 3841 4024 4174
f 4175 4028 4027
f 4174 4028 4175
f 4177 4027 4030
f 4175 4027 4177
f 4178 4030 4029
f 4177 4030 4178
f 4273 4029 4032
f 4178 4029 4273
f 4274 4032 4031
f 4273 4032 4274
f 4274 4031 4110
f 4018 4275 4019
f 4017 4019 4275
f 4276 4275 4018
f 4277 4017 4275
f 4276 4277 4275
f 4278 4018 4020
f 4278 4276 4018
f 4278 4020 4021
f 4156 4278 4021
f 4279 4005 4009
f 4006 4005 4279
f 4280 4009 4008
f 4280 4279 4009
f 4281 4008 4010
f 4281 4280 4008
f 4282 4010 4011
f 4282 4281 4010
f 4283 4011 4012
f 4284 4282 4011
f 4283 4284 4011
f 4285 4012 4013
f 4285 4283 4012
f 4286 4013 4014
f 4287 4285 4013
f 4286 4287 4013
f 4288 4014 4015
f 4289 4286 4014
f 4288 4289 4014
f 4290 4015 4016
f 4291 4288 4015
f 4290 4291 4015
f 4292 4016 4017
f 4292 4290 4016
f 4293 4292 4017
f 4277 4293 4017
f 4006 4279 4280
f 4006 4280 4281
f 4006 4281 4282
f 4006 4282 4284
f 4006 4284 4283
f 4006 4283 4285
f 4294 4285 4287
f 4295 4006 4285
f 4296 4295 4285
f 4297 4296 4285
f 4298 4297 4285
f 4299 4298 4285
f 4294 4299 4285
f 4300 4287 4286
f 4300 4294 4287
f 4301 4286 4289
f 4301 4300 4286
f 4302 4289 4288
f 4302 4301 4289
f 4303 4288 4291
f 4303 4302 4288
f 4304 4291 4290
f 4304 4303 4291
f 4305 4290 4292
f 4305 4304 4290
f 4306 4292 4293
f 4306 4305 4292
f 4307 4293 4277
f 4307 4306 4293
f 4308 4277 4276
f 4308 4307 4277
f 4309 4276 4278
f 4309 4308 4276
f 4272 4278 4156
f 4310 4309 4278
f 4272 4310 4278
f 4272 4156 4160
f 4270 4160 4164
f 4270 4272 4160
f 4269 4164 4167
f 4269 4270 4164
f 4269 4167 4173
f 4180 4173 4171
f 4180 4269 4173
f 4311 4006 4295
f 4311 4312 4006
f 4007 4006 4312
f 4313 4295 4296
f 4313 4311 4295
f 4314 4296 4297
f 4314 4313 4296
f 4315 4297 4298
f 4315 4314 4297
f 4316 4298 4299
f 4316 4315 4298
f 4294 4317 4299
f 4318 4299 4317
f 4318 4316 4299
f 4294 4319 4317
f 4320 4317 4319
f 4320 4318 4317
f 4294 4321 4319
f 4322 4319 4321
f 4322 4320 4319
f 4294 4323 4321
f 4324 4321 4323
f 4324 4322 4321
f 4294 4325 4323
f 4326 4323 4325
f 4326 4324 4323
f 4294 4327 4325
f 4328 4325 4327
f 4328 4326 4325
f 4294 4329 4327
f 4330 4327 4329
f 4330 4328 4327
f 4294 4331 4329
f 4332 4329 4331
f 4332 4330 4329
f 4294 4333 4331
f 4334 4331 4333
f 4334 4332 4331
f 4294 4335 4333
f 4336 4333 4335
f 4336 4334 4333
f 4294 4337 4335
f 4338 4335 4337
f 4338 4336 4335
f 4294 4339 4337
f 4340 4337 4339
f 4340 4338 4337
f 4294 4341 4339
f 4342 4339 4341
f 4342 4340 4339
f 4343 4344 4341
f 4345 4341 4344
f 4346 4343 4341
f 4347 4346 4341
f 4348 4347 4341
f 4349 4348 4341
f 4350 4349 4341
f 4351 4350 4341
f 4352 4351 4341
f 4294 4352 4341
f 4353 4341 4345
f 4354 4341 4353
f 4354 4342 4341
f 4355 4344 4343
f 4356 4344 4355
f 4345 4344 4356
f 4357 4343 4346
f 4358 4355 4343
f 4358 4343 4357
f 4357 4346 4347
f 4357 4347 4348
f 4359 4348 4349
f 4359 4357 4348
f 4360 4349 4350
f 4360 4359 4349
f 4360 4350 4351
f 4361 4351 4352
f 4361 4360 4351
f 4362 4352 4294
f 4362 4361 4352
f 4362 4294 4300
f 3992 4363 3993
f 4364 3993 4363
f 4365 3994 3993
f 4364 4365 3993
f 3992 4366 4363
f 4364 4363 4366
f 3998 4367 4366
f 4368 4366 4367
f 3999 3998 4366
f 3992 3999 4366
f 4364 4366 4368
f 3997 4369 4367
f 4370 4367 4369
f 3998 3997 4367
f 4368 4367 4370
f 3995 4371 4369
f 4372 4369 4371
f 3996 3995 4369
f 3997 3996 4369
f 4370 4369 4372
f 4002 4373 4371
f 4374 4371 4373
f 3995 4002 4371
f 4372 4371 4374
f 4001 4375 4373
f 4376 4373 4375
f 4002 4001 4373
f 4374 4373 4376
f 4004 4377 4375
f 4378 4375 4377
f 4000 4004 4375
f 4001 4000 4375
f 4376 4375 4378
f 4003 4312 4377
f 4379 4377 4312
f 4004 4003 4377
f 4378 4377 4379
f 4354 4312 4311
f 4003 4007 4312
f 4379 4312 4354
f 4342 4311 4313
f 4354 4311 4342
f 4340 4313 4314
f 4342 4313 4340
f 4338 4314 4315
f 4340 4314 4338
f 4336 4315 4316
f 4338 4315 4336
f 4334 4316 4318
f 4336 4316 4334
f 4332 4318 4320
f 4334 4318 4332
f 4330 4320 4322
f 4332 4320 4330
f 4328 4322 4324
f 4330 4322 4328
f 4328 4324 4326
f 3970 4380 3971
f 4381 3971 4380
f 4382 3972 3971
f 4381 4382 3971
f 4383 4384 4380
f 4385 4380 4384
f 3970 4383 4380
f 4385 4381 4380
f 4383 4386 4384
f 4387 4384 4386
f 4387 4385 4384
f 4383 4388 4386
f 4389 4386 4388
f 4389 4387 4386
f 4383 4390 4388
f 4389 4388 4390
f 4391 4392 4390
f 4393 4390 4392
f 4383 4391 4390
f 4393 4389 4390
f 4391 4394 4392
f 4395 4392 4394
f 4395 4393 4392
f 4391 4396 4394
f 4397 4394 4396
f 4397 4395 4394
f 4356 4398 4396
f 4397 4396 4398
f 4391 4356 4396
f 4356 4399 4398
f 4400 4398 4399
f 4400 4397 4398
f 4355 4401 4399
f 4402 4399 4401
f 4356 4355 4399
f 4402 4400 4399
f 4355 4403 4401
f 4402 4401 4403
f 4404 4403 4355
f 4405 4403 4404
f 4405 4402 4403
f 4406 4355 3951
f 4407 3951 4355
f 4408 4404 4355
f 4409 4408 4355
f 4410 4409 4355
f 4406 4410 4355
f 4411 4355 4358
f 4412 4355 4411
f 4413 4355 4412
f 4407 4355 4413
f 4414 4356 4391
f 4345 4356 4414
f 4415 4391 4383
f 4414 4391 4415
f 3994 4383 3970
f 4415 4383 3994
f 3991 3970 3977
f 3994 3970 3991
f 3990 3977 3980
f 3991 3977 3990
f 3989 3980 3983
f 3990 3980 3989
f 3988 3983 3986
f 3989 3983 3988
f 3988 3986 3987
f 4416 4415 3994
f 4417 4416 3994
f 4418 4417 3994
f 4365 4418 3994
f 4419 4414 4415
f 4420 4419 4415
f 4421 4420 4415
f 4416 4421 4415
f 4422 4345 4414
f 4423 4422 4414
f 4419 4423 4414
f 4424 4353 4345
f 4422 4424 4345
f 4379 4353 4424
f 4379 4354 4353
f 4378 4424 4422
f 4378 4379 4424
f 4376 4422 4423
f 4376 4378 4422
f 4376 4423 4419
f 4374 4419 4420
f 4374 4376 4419
f 4372 4420 4421
f 4372 4374 4420
f 4370 4421 4416
f 4370 4372 4421
f 4370 4416 4417
f 4368 4417 4418
f 4368 4370 4417
f 4364 4418 4365
f 4364 4368 4418
f 4425 3934 3957
f 4425 4426 3934
f 3940 3934 4426
f 4427 3957 3958
f 4427 4425 3957
f 4428 3958 3956
f 4428 4427 3958
f 4429 3956 3962
f 4429 4428 3956
f 4429 3962 3961
f 4430 3961 3966
f 4430 4429 3961
f 4431 3966 3967
f 4431 4430 3966
f 4432 3967 3965
f 4432 4431 3967
f 4432 3965 3973
f 4433 3973 3974
f 4433 4432 3973
f 4382 3974 3972
f 4382 4433 3974
f 3941 4434 3942
f 4435 3942 4434
f 4435 3943 3942
f 3941 4436 4434
f 4435 4434 4436
f 3949 4437 4436
f 4438 4436 4437
f 3941 3949 4436
f 4435 4436 4438
f 3948 4439 4437
f 4440 4437 4439
f 3949 3948 4437
f 4438 4437 4440
f 3947 4441 4439
f 4442 4439 4441
f 3948 3947 4439
f 4440 4439 4442
f 3946 4443 4441
f 4444 4441 4443
f 3947 3946 4441
f 4442 4441 4444
f 3945 4445 4443
f 4446 4443 4445
f 3946 3945 4443
f 4444 4443 4446
f 3944 4447 4445
f 4448 4445 4447
f 3945 3944 4445
f 4446 4445 4448
f 3940 4426 4447
f 4449 4447 4426
f 3944 3940 4447
f 4448 4447 4449
f 4405 4426 4425
f 4449 4426 4405
f 4402 4425 4427
f 4405 4425 4402
f 4400 4427 4428
f 4402 4427 4400
f 4397 4428 4429
f 4400 4428 4397
f 4395 4429 4430
f 4397 4429 4395
f 4393 4430 4431
f 4395 4430 4393
f 4389 4431 4432
f 4393 4431 4389
f 4387 4432 4433
f 4389 4432 4387
f 4385 4433 4382
f 4387 4433 4385
f 4385 4382 4381
f 3950 4406 3951
f 4450 3931 3951
f 4450 3951 4407
f 4449 4404 4408
f 4449 4405 4404
f 4448 4408 4409
f 4448 4449 4408
f 4446 4409 4410
f 4446 4448 4409
f 4444 4410 4406
f 4444 4446 4410
f 4442 4406 3950
f 4442 4444 4406
f 4440 3950 3952
f 4440 4442 3950
f 4438 3952 3943
f 4438 4440 3952
f 4435 4438 3943
f 4451 4300 4301
f 4451 4362 4300
f 4451 4301 4302
f 4452 4302 4303
f 4452 4451 4302
f 4452 4303 4304
f 4453 4304 4305
f 4453 4452 4304
f 4454 4305 4306
f 4454 4453 4305
f 4454 4306 4307
f 4455 4307 4308
f 4455 4454 4307
f 4455 4308 4309
f 4456 4309 4310
f 4456 4455 4309
f 4242 4221 4310
f 4457 4310 4221
f 4458 4242 4310
f 4459 4458 4310
f 4272 4459 4310
f 4460 4456 4310
f 4457 4460 4310
f 4243 4214 4221
f 4242 4243 4221
f 4222 4457 4221
f 4243 4210 4214
f 4244 4211 4210
f 4243 4244 4210
f 4245 4206 4211
f 4244 4245 4211
f 4245 4203 4206
f 4198 3911 3915
f 4198 3915 3917
f 4461 3917 3920
f 4198 3917 4461
f 4461 3920 3922
f 4462 3922 3925
f 4461 3922 4462
f 4463 3925 3928
f 4462 3925 4463
f 4450 3928 3931
f 4463 3928 4450
f 4248 4242 4458
f 4241 4242 4248
f 4464 4465 4458
f 4248 4458 4465
f 4459 4464 4458
f 4466 4467 4465
f 4248 4465 4467
f 4464 4466 4465
f 4268 4249 4467
f 4248 4467 4249
f 4466 4268 4467
f 3800 4268 4466
f 3796 4466 4464
f 3796 3800 4466
f 3796 4464 4459
f 4271 4459 4272
f 3794 3796 4459
f 4271 3794 4459
f 4358 4357 4359
f 4411 4359 4360
f 4411 4358 4359
f 4412 4360 4361
f 4412 4411 4360
f 4413 4361 4362
f 4413 4412 4361
f 4407 4362 4451
f 4407 4413 4362
f 4463 4451 4452
f 4450 4407 4451
f 4463 4450 4451
f 4462 4452 4453
f 4462 4463 4452
f 4461 4453 4454
f 4461 4462 4453
f 4198 4454 4455
f 4198 4461 4454
f 4196 4455 4456
f 4196 4198 4455
f 4197 4456 4460
f 4468 4196 4456
f 4197 4468 4456
f 4194 4460 4457
f 4197 4460 4194
f 4194 4457 4222
f 4194 4222 4195
f 4197 4196 4468
f 4469 3854 3856
f 4055 4469 3856
f 4469 3853 3854
f 4470 3852 3853
f 4469 4470 3853
f 4471 3851 3852
f 4470 4471 3852
f 4472 3850 3851
f 4471 4472 3851
f 4472 3849 3850
f 4473 3848 3849
f 4472 4473 3849
f 4473 3844 3848
f 4473 3845 3844
f 4181 4199 4181
f 4181 4182 4181
f 4474 4475 3845
f 4476 3845 4475
f 4473 4474 3845
f 4477 3845 4476
f 3846 3845 4477
f 4181 4182 4181
f 4199 4181 4199
f 4199 4200 4199
f 4474 4478 4475
f 4479 4475 4478
f 4479 4476 4475
f 4185 4186 4183
f 4185 4184 3906
f 4474 4480 4478
f 4481 4478 4480
f 4481 4479 4478
f 4474 4482 4480
f 4483 4480 4482
f 4484 4480 4483
f 4481 4480 4484
f 4474 4485 4482
f 4486 4482 4485
f 4483 4482 4486
f 4474 4487 4485
f 4488 4485 4487
f 4489 4485 4488
f 4486 4485 4489
f 4474 4490 4487
f 4491 4487 4490
f 4488 4487 4491
f 4492 4493 4490
f 4494 4490 4493
f 4474 4492 4490
f 4491 4490 4494
f 4495 4496 4493
f 4497 4493 4496
f 4492 4495 4493
f 4494 4493 4497
f 4498 4499 4496
f 4500 4496 4499
f 4495 4498 4496
f 4497 4496 4500
f 4501 4502 4499
f 4503 4499 4502
f 4498 4501 4499
f 4500 4499 4503
f 4504 4505 4502
f 4503 4502 4505
f 4501 4504 4502
f 4506 4507 4505
f 4508 4505 4507
f 4504 4506 4505
f 4503 4505 4508
f 4509 4510 4507
f 4511 4507 4510
f 4506 4509 4507
f 4508 4507 4511
f 4512 4510 4509
f 4511 4510 4512
f 4513 4509 4506
f 4512 4509 4513
f 4514 4506 4504
f 4513 4506 4514
f 4515 4504 4501
f 4514 4504 4515
f 4516 4501 4498
f 4515 4501 4516
f 4517 4498 4495
f 4516 4498 4517
f 4518 4495 4492
f 4517 4495 4518
f 4519 4492 4474
f 4518 4492 4519
f 4520 4474 4473
f 4521 4522 4474
f 4519 4474 4522
f 4520 4521 4474
f 4523 4473 4472
f 4523 4520 4473
f 4524 4472 4471
f 4524 4523 4472
f 4525 4471 4470
f 4525 4524 4471
f 4526 4470 4469
f 4526 4525 4470
f 4526 4469 4055
f 4527 4055 4056
f 4527 4526 4055
f 4528 4056 4057
f 4528 4527 4056
f 4529 4057 4058
f 4529 4528 4057
f 4530 4058 4059
f 4530 4529 4058
f 4531 4059 3750
f 4531 4530 4059
f 4531 3750 3751
f 4098 4060 4061
f 4098 4074 4060
f 4097 4061 4099
f 4097 4098 4061
f 4096 4099 4100
f 4096 4097 4099
f 4095 4100 4101
f 4095 4096 4100
f 4094 4101 4102
f 4094 4095 4101
f 4094 4102 4103
f 4093 4103 4187
f 4093 4094 4103
f 4153 4187 4188
f 4153 4093 4187
f 4152 4188 4189
f 4152 4153 4188
f 4151 4189 4150
f 4151 4152 4189
f 4149 4151 4150
f 3842 3843 3847
f 3847 3843 3781
f 3846 4477 3847
f 4477 3842 3847
f 4476 3840 3842
f 4199 4181 4181
f 4477 4476 3842
f 4532 4533 3840
f 3839 3840 4533
f 4476 4532 3840
f 4534 4535 4533
f 3835 4533 4535
f 4532 4534 4533
f 3841 4174 4176
f 3837 3839 4533
f 3836 4533 3835
f 3837 4533 3836
f 4536 4537 4535
f 3832 4535 4537
f 4534 4536 4535
f 3833 4535 3832
f 3834 4535 3833
f 3835 4535 3834
f 4538 4539 4537
f 3829 4537 4539
f 4536 4538 4537
f 3830 4537 3829
f 3831 4537 3830
f 3832 4537 3831
f 4540 4541 4539
f 3827 4539 4541
f 4538 4540 4539
f 3828 4539 3827
f 3829 4539 3828
f 4542 4543 4541
f 3821 4541 4543
f 4540 4542 4541
f 3824 4541 3821
f 3826 4541 3824
f 3827 4541 3826
f 4544 4545 4543
f 3812 4543 4545
f 4542 4544 4543
f 3815 4543 3812
f 3818 4543 3815
f 3821 4543 3818
f 4546 4547 4545
f 3809 4545 4547
f 4544 4546 4545
f 3807 4545 3809
f 3812 4545 3807
f 4548 4549 4547
f 3808 4547 4549
f 4546 4548 4547
f 3809 4547 3808
f 4550 4551 4549
f 3788 4549 4551
f 4548 4550 4549
f 3788 3808 4549
f 4552 4553 4551
f 3788 4551 4553
f 4550 4552 4551
f 4554 4555 4553
f 3783 4553 4555
f 4552 4554 4553
f 3788 4553 3783
f 4556 4557 4555
f 3779 4555 4557
f 4554 4556 4555
f 3783 4555 3779
f 4558 4559 4557
f 3779 4557 4559
f 4556 4558 4557
f 4560 4561 4559
f 3776 4559 4561
f 4558 4560 4559
f 3779 4559 3776
f 4562 4563 4561
f 3776 4561 4563
f 4560 4562 4561
f 4564 4565 4563
f 3773 4563 4565
f 4562 4564 4563
f 3776 4563 3773
f 3752 4566 4565
f 3773 4565 4566
f 4564 3752 4565
f 4567 4566 3752
f 3773 4566 3768
f 4567 3768 4566
f 4527 3752 4564
f 4568 3752 3748
f 4569 3752 4568
f 4570 3752 4569
f 4571 3752 4570
f 4572 3752 4571
f 4567 3752 4572
f 4527 3753 3752
f 4526 4564 4562
f 4527 4564 4526
f 4526 4562 4560
f 4525 4560 4558
f 4526 4560 4525
f 4525 4558 4556
f 4524 4556 4554
f 4525 4556 4524
f 4523 4554 4552
f 4524 4554 4523
f 4523 4552 4550
f 4520 4550 4548
f 4523 4550 4520
f 4520 4548 4546
f 4521 4546 4544
f 4520 4546 4521
f 4518 4544 4542
f 4519 4521 4544
f 4518 4519 4544
f 4516 4542 4540
f 4517 4518 4542
f 4516 4517 4542
f 4513 4540 4538
f 4515 4516 4540
f 4514 4515 4540
f 4513 4514 4540
f 4511 4538 4536
f 4512 4513 4538
f 4511 4512 4538
f 4500 4536 4534
f 4508 4511 4536
f 4503 4508 4536
f 4500 4503 4536
f 4491 4534 4532
f 4497 4500 4534
f 4494 4497 4534
f 4491 4494 4534
f 4484 4532 4476
f 4488 4491 4532
f 4489 4488 4532
f 4486 4489 4532
f 4484 4486 4532
f 4479 4484 4476
f 3837 3838 3839
f 3788 3804 3808
f 4568 3748 3762
f 4569 3762 3761
f 4569 4568 3762
f 4570 3761 3764
f 4570 4569 3761
f 4571 3764 3766
f 4571 4570 3764
f 4567 3766 3768
f 4572 4571 3766
f 4567 4572 3766
f 4531 3751 3754
f 4531 3754 3755
f 4530 3755 3756
f 4531 3755 4530
f 4529 3756 3757
f 4530 3756 4529
f 4529 3757 3758
f 4528 3758 3753
f 4529 3758 4528
f 4528 3753 4527
f 4519 4522 4521
f 4484 4483 4486
f 4481 4484 4479
f 4239 4248 4253
f 4240 4241 4248
f 4239 4240 4248
f 4237 4253 4258
f 4238 4239 4253
f 4237 4238 4253
f 4235 4258 4261
f 4236 4237 4258
f 4235 4236 4258
f 4233 4261 4264
f 4234 4235 4261
f 4233 4234 4261
f 4231 4264 4127
f 4232 4233 4264
f 4231 4232 4264
f 4230 4127 4126
f 4230 4231 4127
f 4147 4126 4129
f 4146 4230 4126
f 4147 4146 4126
f 4140 4129 4130
f 4143 4147 4129
f 4140 4143 4129
f 4137 4130 4131
f 4141 4140 4130
f 4137 4141 4130
f 4138 4137 4131
f 4132 4138 4131
f 4114 4118 4124
f 4117 4116 4118
f 4114 4117 4118
f 4113 4124 4125
f 4115 4114 4124
f 4113 4115 4124
f 4112 4125 4123
f 4111 4113 4125
f 4112 4111 4125
f 4110 4123 4266
f 4109 4112 4123
f 4110 4109 4123
f 4273 4266 4267
f 4274 4110 4266
f 4273 4274 4266
f 4178 4267 4179
f 4178 4273 4267
f 4175 4179 4176
f 4182 4169 4182
f 4169 4170 4169
f 4169 4182 4169
f 4169 4170 4169
f 4182 4181 4182
f 4182 4169 4169
f 4182 4181 4182
f 4182 4169 4182
f 4199 4181 4199
f 4199 4200 4199
f 4573 4574 4575
f 4576 4575 4574
f 4577 4573 4575
f 4578 4575 4576
f 4577 4575 4578
f 4573 4579 4574
f 4580 4574 4579
f 4581 4576 4574
f 4580 4581 4574
f 4582 4583 4579
f 4584 4579 4583
f 4573 4582 4579
f 4584 4580 4579
f 4585 4586 4583
f 4587 4583 4586
f 4582 4585 4583
f 4587 4584 4583
f 4588 4589 4586
f 4590 4586 4589
f 4585 4588 4586
f 4590 4587 4586
f 4591 4592 4589
f 4593 4589 4592
f 4588 4591 4589
f 4593 4590 4589
f 4594 4595 4592
f 4596 4592 4595
f 4591 4597 4592
f 4598 4592 4597
f 4599 4592 4598
f 4600 4594 4592
f 4601 4600 4592
f 4602 4601 4592
f 4603 4602 4592
f 4604 4603 4592
f 4599 4604 4592
f 4596 4593 4592
f 4605 4606 4595
f 4607 4595 4606
f 4608 4605 4595
f 4609 4608 4595
f 4610 4609 4595
f 4611 4610 4595
f 4594 4611 4595
f 4607 4596 4595
f 4612 4613 4606
f 4614 4606 4613
f 4615 4612 4606
f 4616 4615 4606
f 4617 4616 4606
f 4618 4617 4606
f 4619 4618 4606
f 4620 4619 4606
f 4605 4620 4606
f 4614 4607 4606
f 4621 4622 4613
f 4623 4613 4622
f 4624 4621 4613
f 4625 4624 4613
f 4626 4625 4613
f 4612 4626 4613
f 4623 4614 4613
f 4627 4628 4622
f 4629 4622 4628
f 4621 4627 4622
f 4629 4623 4622
f 4630 4631 4628
f 4632 4628 4631
f 4627 4630 4628
f 4632 4629 4628
f 4633 4634 4631
f 4635 4631 4634
f 4630 4633 4631
f 4635 4632 4631
f 4636 4637 4634
f 4638 4634 4637
f 4633 4636 4634
f 4638 4635 4634
f 4639 4640 4637
f 4641 4637 4640
f 4636 4639 4637
f 4641 4638 4637
f 4642 4643 4640
f 4644 4640 4643
f 4639 4642 4640
f 4644 4641 4640
f 4645 4646 4643
f 4647 4643 4646
f 4642 4645 4643
f 4647 4644 4643
f 4648 4649 4646
f 4650 4646 4649
f 4645 4648 4646
f 4647 4646 4650
f 4651 4652 4649
f 4653 4649 4652
f 4648 4651 4649
f 4653 4650 4649
f 4654 4655 4652
f 4656 4652 4655
f 4651 4654 4652
f 4656 4653 4652
f 4657 4658 4655
f 4659 4655 4658
f 4654 4657 4655
f 4659 4656 4655
f 4660 4661 4658
f 4662 4658 4661
f 4657 4660 4658
f 4662 4659 4658
f 4663 4664 4661
f 4665 4661 4664
f 4660 4663 4661
f 4665 4662 4661
f 4666 4667 4664
f 4668 4664 4667
f 4663 4666 4664
f 4668 4665 4664
f 4669 4670 4667
f 4671 4667 4670
f 4666 4669 4667
f 4671 4668 4667
f 4672 4673 4670
f 4674 4670 4673
f 4669 4675 4670
f 4676 4670 4675
f 4677 4670 4676
f 4678 4672 4670
f 4679 4678 4670
f 4677 4679 4670
f 4674 4671 4670
f 4680 4681 4673
f 4682 4673 4681
f 4683 4680 4673
f 4684 4683 4673
f 4685 4684 4673
f 4686 4685 4673
f 4687 4686 4673
f 4688 4687 4673
f 4672 4688 4673
f 4682 4674 4673
f 4689 4690 4681
f 4691 4681 4690
f 4692 4689 4681
f 4693 4692 4681
f 4694 4693 4681
f 4695 4694 4681
f 4680 4695 4681
f 4691 4682 4681
f 4696 4697 4690
f 4698 4690 4697
f 4699 4696 4690
f 4700 4699 4690
f 4701 4700 4690
f 4702 4701 4690
f 4703 4702 4690
f 4689 4703 4690
f 4698 4691 4690
f 4704 4705 4697
f 4706 4697 4705
f 4707 4704 4697
f 4696 4707 4697
f 4706 4698 4697
f 4708 4709 4705
f 4710 4705 4709
f 4704 4708 4705
f 4710 4706 4705
f 4711 4712 4709
f 4713 4709 4712
f 4708 4711 4709
f 4713 4710 4709
f 4714 4715 4712
f 4716 4712 4715
f 4711 4714 4712
f 4716 4713 4712
f 4717 4718 4715
f 4719 4715 4718
f 4714 4717 4715
f 4719 4716 4715
f 4720 4721 4718
f 4722 4718 4721
f 4717 4720 4718
f 4722 4719 4718
f 4723 4721 4720
f 4723 4722 4721
f 4724 4720 4717
f 4725 4723 4720
f 4725 4720 4724
f 4726 4717 4714
f 4727 4717 4726
f 4728 4717 4727
f 4724 4717 4728
f 4729 4714 4711
f 4730 4714 4729
f 4726 4714 4730
f 4731 4711 4708
f 4732 4711 4731
f 4729 4711 4732
f 4733 4708 4704
f 4734 4708 4733
f 4731 4708 4734
f 4735 4736 4704
f 4737 4704 4736
f 4738 4704 4739
f 4707 4739 4704
f 4740 4735 4704
f 4741 4740 4704
f 4742 4741 4704
f 4743 4742 4704
f 4738 4743 4704
f 4733 4704 4737
f 4744 4745 4736
f 4746 4736 4745
f 4747 4744 4736
f 4748 4747 4736
f 4749 4748 4736
f 4750 4749 4736
f 4735 4750 4736
f 4751 4736 4746
f 4737 4736 4751
f 4752 4753 4745
f 4754 4745 4753
f 4755 4752 4745
f 4756 4755 4745
f 4757 4756 4745
f 4758 4757 4745
f 4759 4758 4745
f 4760 4759 4745
f 4744 4760 4745
f 4761 4745 4754
f 4746 4745 4761
f 4676 4675 4753
f 4762 4753 4675
f 4763 4676 4753
f 4764 4763 4753
f 4765 4764 4753
f 4752 4765 4753
f 4766 4753 4762
f 4754 4753 4766
f 4767 4675 4669
f 4768 4675 4767
f 4762 4675 4768
f 4769 4669 4666
f 4770 4669 4769
f 4767 4669 4770
f 4771 4666 4663
f 4772 4666 4771
f 4769 4666 4772
f 4773 4663 4660
f 4774 4663 4773
f 4771 4663 4774
f 4775 4660 4657
f 4776 4660 4775
f 4773 4660 4776
f 4777 4657 4654
f 4778 4657 4777
f 4775 4657 4778
f 4779 4654 4651
f 4780 4654 4779
f 4777 4654 4780
f 4781 4651 4648
f 4782 4651 4781
f 4779 4651 4782
f 4783 4648 4645
f 4784 4648 4783
f 4781 4648 4784
f 4785 4645 4642
f 4786 4645 4785
f 4783 4645 4786
f 4787 4642 4639
f 4788 4642 4787
f 4785 4642 4788
f 4789 4639 4636
f 4790 4639 4789
f 4787 4639 4790
f 4791 4636 4633
f 4792 4636 4791
f 4789 4636 4792
f 4793 4633 4630
f 4794 4633 4793
f 4791 4633 4794
f 4795 4630 4627
f 4796 4630 4795
f 4793 4630 4796
f 4797 4798 4627
f 4799 4627 4798
f 4800 4627 4801
f 4621 4801 4627
f 4802 4797 4627
f 4800 4802 4627
f 4803 4627 4799
f 4795 4627 4803
f 4804 4805 4798
f 4806 4798 4805
f 4807 4804 4798
f 4808 4807 4798
f 4809 4808 4798
f 4810 4809 4798
f 4811 4810 4798
f 4812 4811 4798
f 4797 4812 4798
f 4813 4798 4806
f 4799 4798 4813
f 4814 4815 4805
f 4816 4805 4815
f 4817 4814 4805
f 4818 4817 4805
f 4819 4818 4805
f 4820 4819 4805
f 4804 4820 4805
f 4821 4805 4816
f 4806 4805 4821
f 4822 4597 4815
f 4823 4815 4597
f 4824 4822 4815
f 4825 4824 4815
f 4826 4825 4815
f 4827 4826 4815
f 4828 4827 4815
f 4814 4828 4815
f 4829 4815 4823
f 4816 4815 4829
f 4830 4597 4591
f 4822 4598 4597
f 4831 4597 4830
f 4823 4597 4831
f 4832 4591 4588
f 4833 4591 4832
f 4830 4591 4833
f 4834 4588 4585
f 4835 4588 4834
f 4832 4588 4835
f 4836 4585 4582
f 4837 4585 4836
f 4834 4585 4837
f 4838 4582 4573
f 4839 4582 4838
f 4836 4582 4839
f 4840 4573 4577
f 4838 4573 4840
f 4841 4842 4739
f 4843 4739 4842
f 4844 4738 4739
f 4841 4739 4707
f 4844 4739 4843
f 4845 4846 4842
f 4847 4842 4846
f 4841 4845 4842
f 4847 4843 4842
f 4845 4848 4846
f 4849 4846 4848
f 4849 4847 4846
f 4850 4851 4848
f 4852 4848 4851
f 4845 4850 4848
f 4852 4849 4848
f 4853 4854 4851
f 4855 4851 4854
f 4850 4853 4851
f 4855 4852 4851
f 4856 4857 4854
f 4858 4854 4857
f 4853 4856 4854
f 4858 4855 4854
f 4859 4860 4857
f 4861 4857 4860
f 4856 4859 4857
f 4861 4858 4857
f 4862 4863 4860
f 4864 4860 4863
f 4859 4862 4860
f 4864 4861 4860
f 4865 4866 4863
f 4867 4863 4866
f 4862 4865 4863
f 4867 4864 4863
f 4868 4869 4866
f 4870 4866 4869
f 4865 4868 4866
f 4870 4867 4866
f 4871 4872 4869
f 4873 4869 4872
f 4868 4871 4869
f 4873 4870 4869
f 4874 4875 4872
f 4876 4872 4875
f 4871 4874 4872
f 4876 4873 4872
f 4877 4878 4875
f 4879 4875 4878
f 4874 4877 4875
f 4879 4876 4875
f 4880 4881 4878
f 4882 4878 4881
f 4877 4880 4878
f 4882 4879 4878
f 4883 4884 4881
f 4885 4881 4884
f 4880 4883 4881
f 4885 4882 4881
f 4886 4887 4884
f 4888 4884 4887
f 4883 4886 4884
f 4888 4885 4884
f 4889 4890 4887
f 4891 4887 4890
f 4886 4889 4887
f 4891 4888 4887
f 4892 4893 4890
f 4894 4890 4893
f 4889 4892 4890
f 4894 4891 4890
f 4895 4896 4893
f 4897 4893 4896
f 4892 4895 4893
f 4897 4894 4893
f 4898 4899 4896
f 4900 4896 4899
f 4895 4898 4896
f 4900 4897 4896
f 4901 4902 4899
f 4903 4899 4902
f 4904 4901 4899
f 4898 4904 4899
f 4903 4900 4899
f 4677 4676 4902
f 4905 4902 4676
f 4901 4677 4902
f 4905 4903 4902
f 4906 4676 4763
f 4905 4676 4906
f 4907 4763 4764
f 4907 4906 4763
f 4908 4764 4765
f 4907 4764 4908
f 4909 4765 4752
f 4908 4765 4909
f 4910 4752 4755
f 4909 4752 4910
f 4911 4755 4756
f 4910 4755 4911
f 4912 4756 4757
f 4911 4756 4912
f 4913 4757 4758
f 4912 4757 4913
f 4914 4758 4759
f 4913 4758 4914
f 4915 4759 4760
f 4914 4759 4915
f 4916 4760 4744
f 4915 4760 4916
f 4917 4744 4747
f 4916 4744 4917
f 4918 4747 4748
f 4917 4747 4918
f 4919 4748 4749
f 4918 4748 4919
f 4920 4749 4750
f 4919 4749 4920
f 4921 4750 4735
f 4920 4750 4921
f 4922 4735 4740
f 4921 4735 4922
f 4923 4740 4741
f 4922 4740 4923
f 4924 4741 4742
f 4923 4741 4924
f 4925 4742 4743
f 4924 4742 4925
f 4926 4743 4738
f 4925 4743 4926
f 4926 4738 4844
f 4927 4707 4696
f 4928 4841 4707
f 4928 4707 4927
f 4929 4696 4699
f 4929 4927 4696
f 4930 4699 4700
f 4930 4929 4699
f 4931 4700 4701
f 4931 4930 4700
f 4932 4701 4702
f 4932 4931 4701
f 4933 4702 4703
f 4933 4932 4702
f 4934 4703 4689
f 4934 4933 4703
f 4935 4689 4692
f 4935 4934 4689
f 4936 4692 4693
f 4936 4935 4692
f 4937 4693 4694
f 4937 4936 4693
f 4938 4694 4695
f 4938 4937 4694
f 4939 4695 4680
f 4939 4938 4695
f 4940 4680 4683
f 4940 4939 4680
f 4941 4683 4684
f 4941 4940 4683
f 4942 4684 4685
f 4942 4941 4684
f 4943 4685 4686
f 4943 4942 4685
f 4944 4686 4687
f 4944 4943 4686
f 4945 4687 4688
f 4945 4944 4687
f 4946 4688 4672
f 4946 4945 4688
f 4947 4672 4678
f 4947 4946 4672
f 4948 4678 4679
f 4948 4947 4678
f 4949 4679 4677
f 4949 4948 4679
f 4950 4677 4901
f 4949 4677 4950
f 4951 4901 4904
f 4951 4950 4901
f 4952 4904 4898
f 4951 4904 4952
f 4953 4898 4895
f 4952 4898 4953
f 4954 4895 4892
f 4953 4895 4954
f 4955 4892 4889
f 4954 4892 4955
f 4956 4889 4886
f 4955 4889 4956
f 4957 4886 4883
f 4956 4886 4957
f 4958 4883 4880
f 4957 4883 4958
f 4959 4880 4877
f 4958 4880 4959
f 4960 4877 4874
f 4959 4877 4960
f 4961 4874 4871
f 4960 4874 4961
f 4962 4871 4868
f 4961 4871 4962
f 4963 4868 4865
f 4962 4868 4963
f 4964 4865 4862
f 4963 4865 4964
f 4965 4862 4859
f 4964 4862 4965
f 4966 4859 4856
f 4965 4859 4966
f 4967 4856 4853
f 4966 4856 4967
f 4968 4853 4850
f 4967 4853 4968
f 4969 4850 4845
f 4968 4850 4969
f 4970 4845 4841
f 4969 4845 4970
f 4970 4841 4928
f 4971 4972 4801
f 4973 4801 4972
f 4974 4800 4801
f 4971 4801 4621
f 4974 4801 4973
f 4975 4976 4972
f 4977 4972 4976
f 4971 4975 4972
f 4977 4973 4972
f 4975 4978 4976
f 4979 4976 4978
f 4979 4977 4976
f 4980 4981 4978
f 4982 4978 4981
f 4975 4980 4978
f 4982 4979 4978
f 4983 4984 4981
f 4985 4981 4984
f 4980 4983 4981
f 4985 4982 4981
f 4986 4987 4984
f 4988 4984 4987
f 4983 4986 4984
f 4988 4985 4984
f 4989 4990 4987
f 4991 4987 4990
f 4986 4989 4987
f 4991 4988 4987
f 4992 4993 4990
f 4994 4990 4993
f 4989 4992 4990
f 4994 4991 4990
f 4995 4996 4993
f 4997 4993 4996
f 4992 4995 4993
f 4997 4994 4993
f 4998 4999 4996
f 5000 4996 4999
f 4995 4998 4996
f 5000 4997 4996
f 5001 5002 4999
f 5003 4999 5002
f 4998 5001 4999
f 5003 5000 4999
f 5004 5005 5002
f 5006 5002 5005
f 5001 5004 5002
f 5006 5003 5002
f 5007 5008 5005
f 5009 5005 5008
f 5004 5007 5005
f 5009 5006 5005
f 5010 5011 5008
f 5012 5008 5011
f 5007 5010 5008
f 5012 5009 5008
f 5013 5014 5011
f 5015 5011 5014
f 5010 5013 5011
f 5015 5012 5011
f 5016 5017 5014
f 5018 5014 5017
f 5013 5016 5014
f 5018 5015 5014
f 5019 5020 5017
f 5021 5017 5020
f 5016 5019 5017
f 5021 5018 5017
f 5022 5023 5020
f 5024 5020 5023
f 5019 5022 5020
f 5024 5021 5020
f 5025 5026 5023
f 5027 5023 5026
f 5022 5025 5023
f 5027 5024 5023
f 5028 5029 5026
f 5030 5026 5029
f 5025 5028 5026
f 5030 5027 5026
f 5031 5032 5029
f 5033 5029 5032
f 5034 5031 5029
f 5028 5034 5029
f 5033 5030 5029
f 4599 4598 5032
f 5035 5032 4598
f 5031 4599 5032
f 5035 5033 5032
f 5036 4598 4822
f 5035 4598 5036
f 5037 4822 4824
f 5037 5036 4822
f 5038 4824 4825
f 5037 4824 5038
f 5039 4825 4826
f 5038 4825 5039
f 5040 4826 4827
f 5039 4826 5040
f 5041 4827 4828
f 5040 4827 5041
f 5042 4828 4814
f 5041 4828 5042
f 5043 4814 4817
f 5042 4814 5043
f 5044 4817 4818
f 5043 4817 5044
f 5045 4818 4819
f 5044 4818 5045
f 5046 4819 4820
f 5045 4819 5046
f 5047 4820 4804
f 5046 4820 5047
f 5048 4804 4807
f 5047 4804 5048
f 5049 4807 4808
f 5048 4807 5049
f 5050 4808 4809
f 5049 4808 5050
f 5051 4809 4810
f 5050 4809 5051
f 5052 4810 4811
f 5051 4810 5052
f 5053 4811 4812
f 5052 4811 5053
f 5054 4812 4797
f 5053 4812 5054
f 5055 4797 4802
f 5054 4797 5055
f 5056 4802 4800
f 5055 4802 5056
f 5056 4800 4974
f 5057 4621 4624
f 5058 4971 4621
f 5058 4621 5057
f 5059 4624 4625
f 5059 5057 4624
f 5060 4625 4626
f 5060 5059 4625
f 5061 4626 4612
f 5061 5060 4626
f 5062 4612 4615
f 5062 5061 4612
f 5063 4615 4616
f 5063 5062 4615
f 5064 4616 4617
f 5064 5063 4616
f 5065 4617 4618
f 5065 5064 4617
f 5066 4618 4619
f 5066 5065 4618
f 5067 4619 4620
f 5067 5066 4619
f 5068 4620 4605
f 5068 5067 4620
f 5069 4605 4608
f 5069 5068 4605
f 5070 4608 4609
f 5070 5069 4608
f 5071 4609 4610
f 5071 5070 4609
f 5072 4610 4611
f 5072 5071 4610
f 5073 4611 4594
f 5073 5072 4611
f 5074 4594 4600
f 5074 5073 4594
f 5075 4600 4601
f 5075 5074 4600
f 5076 4601 4602
f 5076 5075 4601
f 5077 4602 4603
f 5077 5076 4602
f 5078 4603 4604
f 5078 5077 4603
f 5079 4604 4599
f 5079 5078 4604
f 5080 4599 5031
f 5079 4599 5080
f 5081 5031 5034
f 5081 5080 5031
f 5082 5034 5028
f 5081 5034 5082
f 5083 5028 5025
f 5082 5028 5083
f 5084 5025 5022
f 5083 5025 5084
f 5085 5022 5019
f 5084 5022 5085
f 5086 5019 5016
f 5085 5019 5086
f 5087 5016 5013
f 5086 5016 5087
f 5088 5013 5010
f 5087 5013 5088
f 5089 5010 5007
f 5088 5010 5089
f 5090 5007 5004
f 5089 5007 5090
f 5091 5004 5001
f 5090 5004 5091
f 5092 5001 4998
f 5091 5001 5092
f 5093 4998 4995
f 5092 4998 5093
f 5094 4995 4992
f 5093 4995 5094
f 5095 4992 4989
f 5094 4992 5095
f 5096 4989 4986
f 5095 4989 5096
f 5097 4986 4983
f 5096 4986 5097
f 5098 4983 4980
f 5097 4983 5098
f 5099 4980 4975
f 5098 4980 5099
f 5100 4975 4971
f 5099 4975 5100
f 5100 4971 5058
f 5101 4650 4653
f 5102 4647 4650
f 5102 4650 5101
f 5103 4653 4656
f 5103 5101 4653
f 5104 4656 4659
f 5104 5103 4656
f 5105 4659 4662
f 5105 5104 4659
f 5106 4662 4665
f 5106 5105 4662
f 5107 4665 4668
f 5107 5106 4665
f 5108 4668 4671
f 5108 5107 4668
f 5109 4671 4674
f 5109 5108 4671
f 5110 4674 4682
f 5110 5109 4674
f 5111 4682 4691
f 5112 5110 4682
f 5111 5112 4682
f 5113 4691 4698
f 5113 5111 4691
f 5114 4698 4706
f 5114 5113 4698
f 5115 4706 4710
f 5115 5114 4706
f 5116 4710 4713
f 5116 5115 4710
f 5117 4713 4716
f 5117 5116 4713
f 5118 4716 4719
f 5118 5117 4716
f 5119 4719 4722
f 5119 5118 4719
f 5119 4722 4723
f 5120 5119 4723
f 4725 5120 4723
f 5121 4576 4581
f 5122 4576 5121
f 4578 4576 5122
f 5123 4581 4580
f 5123 5121 4581
f 5124 4580 4584
f 5124 5123 4580
f 5125 4584 4587
f 5125 5124 4584
f 5126 4587 4590
f 5126 5125 4587
f 5127 4590 4593
f 5127 5126 4590
f 5128 4593 4596
f 5128 5127 4593
f 5129 4596 4607
f 5129 5128 4596
f 5130 4607 4614
f 5130 5129 4607
f 5131 4614 4623
f 5132 5130 4614
f 5131 5132 4614
f 5133 4623 4629
f 5133 5131 4623
f 5134 4629 4632
f 5134 5133 4629
f 5135 4632 4635
f 5135 5134 4632
f 5136 4635 4638
f 5136 5135 4635
f 5137 4638 4641
f 5137 5136 4638
f 5138 4641 4644
f 5138 5137 4641
f 5102 4644 4647
f 5102 5138 4644
f 5139 5101 5103
f 5140 5102 5101
f 5139 5140 5101
f 5141 5103 5104
f 5141 5139 5103
f 5142 5104 5105
f 5142 5141 5104
f 5143 5105 5106
f 5143 5142 5105
f 5144 5106 5107
f 5144 5143 5106
f 5145 5107 5108
f 5145 5144 5107
f 5146 5108 5109
f 5146 5145 5108
f 5146 5109 5110
f 5147 5110 5112
f 5147 5146 5110
f 5148 5112 5111
f 5148 5147 5112
f 5149 5111 5113
f 5149 5148 5111
f 5150 5113 5114
f 5150 5149 5113
f 5151 5114 5115
f 5151 5150 5114
f 5151 5115 5116
f 5152 5116 5117
f 5152 5151 5116
f 5152 5117 5118
f 5153 5118 5119
f 5153 5152 5118
f 5153 5119 5120
f 5154 5120 5155
f 5156 5155 5120
f 5154 5153 5120
f 4725 5156 5120
f 5157 5121 5123
f 5158 5159 5121
f 5122 5121 5159
f 5157 5158 5121
f 5160 5123 5124
f 5160 5157 5123
f 5160 5124 5125
f 5161 5125 5126
f 5161 5160 5125
f 5161 5126 5127
f 5162 5127 5128
f 5162 5161 5127
f 5163 5128 5129
f 5163 5162 5128
f 5164 5129 5130
f 5164 5163 5129
f 5165 5130 5132
f 5165 5164 5130
f 5166 5132 5131
f 5166 5165 5132
f 5166 5131 5133
f 5167 5133 5134
f 5167 5166 5133
f 5168 5134 5135
f 5168 5167 5134
f 5169 5135 5136
f 5169 5168 5135
f 5170 5136 5137
f 5170 5169 5136
f 5171 5137 5138
f 5171 5170 5137
f 5172 5138 5102
f 5172 5171 5138
f 5140 5172 5102
f 5173 5174 5175
f 5176 5175 5174
f 5177 5173 5175
f 5177 5175 5176
f 5173 5178 5174
f 5179 5174 5178
f 5179 5176 5174
f 5180 5181 5178
f 5182 5178 5181
f 5173 5180 5178
f 5182 5179 5178
f 5183 5155 5181
f 5184 5181 5155
f 5180 5183 5181
f 5184 5182 5181
f 5156 5185 5155
f 5186 5155 5185
f 5183 5154 5155
f 5186 5184 5155
f 5187 5188 5185
f 5189 5185 5188
f 5190 5187 5185
f 5156 5190 5185
f 5189 5186 5185
f 5191 5192 5188
f 5193 5188 5192
f 5194 5191 5188
f 5187 5194 5188
f 5193 5189 5188
f 5195 5196 5192
f 5197 5192 5196
f 5191 5195 5192
f 5197 5193 5192
f 5198 5199 5196
f 5200 5196 5199
f 5195 5198 5196
f 5200 5197 5196
f 5201 5202 5199
f 5203 5199 5202
f 5198 5201 5199
f 5203 5200 5199
f 5204 5205 5202
f 5206 5202 5205
f 5201 5204 5202
f 5206 5203 5202
f 5207 5208 5205
f 5209 5205 5208
f 5210 5207 5205
f 5204 5210 5205
f 5209 5206 5205
f 5211 5212 5208
f 5213 5208 5212
f 5207 5211 5208
f 5213 5209 5208
f 5214 5215 5212
f 5216 5212 5215
f 5211 5214 5212
f 5216 5213 5212
f 5217 5218 5215
f 5219 5215 5218
f 5214 5217 5215
f 5219 5216 5215
f 5220 5221 5218
f 5222 5218 5221
f 5217 5220 5218
f 5222 5219 5218
f 5223 5224 5221
f 5225 5221 5224
f 5220 5223 5221
f 5225 5222 5221
f 5226 5227 5224
f 5228 5224 5227
f 5223 5226 5224
f 5228 5225 5224
f 5229 5230 5227
f 5231 5227 5230
f 5226 5229 5227
f 5231 5228 5227
f 5232 5233 5230
f 5234 5230 5233
f 5229 5232 5230
f 5234 5231 5230
f 5235 5236 5233
f 5237 5233 5236
f 5232 5235 5233
f 5237 5234 5233
f 5238 5239 5236
f 5240 5236 5239
f 5235 5238 5236
f 5240 5237 5236
f 5241 5242 5239
f 5243 5239 5242
f 5238 5241 5239
f 5243 5240 5239
f 5244 5245 5242
f 5246 5242 5245
f 5241 5244 5242
f 5246 5243 5242
f 5247 5248 5245
f 5249 5245 5248
f 5244 5247 5245
f 5249 5246 5245
f 5250 5251 5248
f 5252 5248 5251
f 5253 5250 5248
f 5247 5253 5248
f 5252 5249 5248
f 5254 5255 5251
f 5256 5251 5255
f 5250 5254 5251
f 5256 5252 5251
f 5257 5258 5255
f 5259 5255 5258
f 5254 5257 5255
f 5259 5256 5255
f 5260 5261 5258
f 5262 5258 5261
f 5257 5260 5258
f 5262 5259 5258
f 5263 5264 5261
f 5265 5261 5264
f 5260 5263 5261
f 5265 5262 5261
f 5266 5267 5264
f 5268 5264 5267
f 5269 5266 5264
f 5263 5269 5264
f 5268 5265 5264
f 5270 5159 5267
f 5271 5267 5159
f 5272 5270 5267
f 5266 5272 5267
f 5271 5268 5267
f 5273 5159 5158
f 5270 5122 5159
f 5273 5271 5159
f 5157 5274 5158
f 5275 5158 5274
f 5275 5273 5158
f 5276 5277 5274
f 5278 5274 5277
f 5157 5276 5274
f 5278 5275 5274
f 5279 5280 5277
f 5281 5277 5280
f 5276 5279 5277
f 5281 5278 5277
f 5282 5283 5280
f 5284 5280 5283
f 5279 5282 5280
f 5284 5281 5280
f 5285 5283 5282
f 5284 5283 5285
f 5286 5282 5279
f 5286 5285 5282
f 5287 5279 5276
f 5286 5279 5287
f 5288 5276 5157
f 5287 5276 5288
f 5289 5157 5160
f 5288 5157 5289
f 5290 5160 5161
f 5289 5160 5290
f 5291 5161 5162
f 5290 5161 5291
f 5292 5162 5163
f 5291 5162 5292
f 5293 5163 5164
f 5292 5163 5293
f 5294 5164 5165
f 5293 5164 5294
f 5295 5165 5166
f 5294 5165 5295
f 5296 5166 5167
f 5295 5166 5296
f 5297 5167 5168
f 5296 5167 5297
f 5298 5168 5169
f 5297 5168 5298
f 5299 5169 5170
f 5298 5169 5299
f 5300 5170 5171
f 5299 5170 5300
f 5301 5171 5172
f 5300 5171 5301
f 5302 5172 5140
f 5301 5172 5302
f 5303 5140 5139
f 5302 5140 5303
f 5304 5139 5141
f 5303 5139 5304
f 5305 5141 5142
f 5304 5141 5305
f 5306 5142 5143
f 5305 5142 5306
f 5307 5143 5144
f 5306 5143 5307
f 5308 5144 5145
f 5307 5144 5308
f 5309 5145 5146
f 5308 5145 5309
f 5310 5146 5147
f 5309 5146 5310
f 5311 5147 5148
f 5310 5147 5311
f 5312 5148 5149
f 5311 5148 5312
f 5313 5149 5150
f 5312 5149 5313
f 5314 5150 5151
f 5313 5150 5314
f 5315 5151 5152
f 5314 5151 5315
f 5316 5152 5153
f 5315 5152 5316
f 5317 5153 5154
f 5316 5153 5317
f 5318 5154 5183
f 5317 5154 5318
f 5319 5183 5180
f 5318 5183 5319
f 5320 5180 5173
f 5319 5180 5320
f 5320 5173 5177
f 4577 5122 5270
f 4577 4578 5122
f 4838 5270 5272
f 4840 4577 5270
f 4838 4840 5270
f 4836 5272 5266
f 4839 4838 5272
f 4836 4839 5272
f 4834 5266 5269
f 4837 4836 5266
f 4834 4837 5266
f 4832 5269 5263
f 4835 4834 5269
f 4832 4835 5269
f 4830 5263 5260
f 4833 4832 5263
f 4830 4833 5263
f 4823 5260 5257
f 4831 4830 5260
f 4823 4831 5260
f 4816 5257 5254
f 4829 4823 5257
f 4816 4829 5257
f 4806 5254 5250
f 4821 4816 5254
f 4806 4821 5254
f 4799 5250 5253
f 4813 4806 5250
f 4799 4813 5250
f 4795 5253 5247
f 4803 4799 5253
f 4795 4803 5253
f 4793 5247 5244
f 4796 4795 5247
f 4793 4796 5247
f 4791 5244 5241
f 4794 4793 5244
f 4791 4794 5244
f 4789 5241 5238
f 4792 4791 5241
f 4789 4792 5241
f 4787 5238 5235
f 4790 4789 5238
f 4787 4790 5238
f 4785 5235 5232
f 4788 4787 5235
f 4785 4788 5235
f 4783 5232 5229
f 4786 4785 5232
f 4783 4786 5232
f 4784 5229 5226
f 4784 4783 5229
f 4782 5226 5223
f 4781 4784 5226
f 4782 4781 5226
f 4780 5223 5220
f 4779 4782 5223
f 4780 4779 5223
f 4778 5220 5217
f 4777 4780 5220
f 4778 4777 5220
f 4776 5217 5214
f 4775 4778 5217
f 4776 4775 5217
f 4774 5214 5211
f 4773 4776 5214
f 4774 4773 5214
f 4772 5211 5207
f 4771 4774 5211
f 4772 4771 5211
f 4770 5207 5210
f 4769 4772 5207
f 4770 4769 5207
f 4768 5210 5204
f 4767 4770 5210
f 4768 4767 5210
f 4766 5204 5201
f 4762 4768 5204
f 4766 4762 5204
f 4761 5201 5198
f 4754 4766 5201
f 4761 4754 5201
f 4751 5198 5195
f 4746 4761 5198
f 4751 4746 5198
f 4733 5195 5191
f 4737 4751 5195
f 4733 4737 5195
f 4731 5191 5194
f 4734 4733 5191
f 4731 4734 5191
f 4729 5194 5187
f 4732 4731 5194
f 4729 4732 5194
f 4726 5187 5190
f 4730 4729 5187
f 4726 4730 5187
f 4728 5190 5156
f 4727 4726 5190
f 4728 4727 5190
f 4724 4728 5156
f 4725 4724 5156
f 5286 5284 5285
f 5177 5176 5179
f 5320 5179 5182
f 5320 5177 5179
f 5319 5182 5184
f 5319 5320 5182
f 5318 5184 5186
f 5318 5319 5184
f 5317 5186 5189
f 5317 5318 5186
f 5316 5189 5193
f 5316 5317 5189
f 5321 5193 5197
f 5321 5316 5193
f 5322 5197 5200
f 5323 5321 5197
f 5324 5323 5197
f 5325 5324 5197
f 5322 5325 5197
f 5326 5200 5203
f 5327 5322 5200
f 5328 5327 5200
f 5326 5328 5200
f 5329 5203 5206
f 5330 5326 5203
f 5331 5330 5203
f 5329 5331 5203
f 5332 5206 5209
f 5333 5329 5206
f 5332 5333 5206
f 5334 5209 5213
f 5335 5332 5209
f 5336 5335 5209
f 5334 5336 5209
f 5337 5213 5216
f 5338 5334 5213
f 5339 5338 5213
f 5340 5339 5213
f 5337 5340 5213
f 5308 5216 5219
f 5308 5309 5216
f 5341 5216 5309
f 5342 5216 5343
f 5341 5343 5216
f 5344 5337 5216
f 5342 5344 5216
f 5307 5219 5222
f 5307 5308 5219
f 5306 5222 5225
f 5306 5307 5222
f 5305 5225 5228
f 5305 5306 5225
f 5304 5228 5231
f 5304 5305 5228
f 5303 5231 5234
f 5303 5304 5231
f 5302 5234 5237
f 5302 5303 5234
f 5301 5237 5240
f 5301 5302 5237
f 5300 5240 5243
f 5300 5301 5240
f 5299 5243 5246
f 5299 5300 5243
f 5298 5246 5249
f 5298 5299 5246
f 5345 5249 5252
f 5345 5298 5249
f 5346 5252 5256
f 5347 5345 5252
f 5348 5347 5252
f 5349 5348 5252
f 5346 5349 5252
f 5350 5256 5259
f 5351 5346 5256
f 5352 5351 5256
f 5353 5352 5256
f 5350 5353 5256
f 5354 5259 5262
f 5355 5350 5259
f 5356 5355 5259
f 5354 5356 5259
f 5357 5262 5265
f 5358 5354 5262
f 5357 5358 5262
f 5359 5265 5268
f 5360 5357 5265
f 5361 5360 5265
f 5359 5361 5265
f 5362 5268 5271
f 5363 5359 5268
f 5364 5363 5268
f 5362 5364 5268
f 5290 5271 5273
f 5290 5291 5271
f 5365 5271 5291
f 5366 5271 5367
f 5365 5367 5271
f 5368 5362 5271
f 5366 5368 5271
f 5289 5273 5275
f 5289 5290 5273
f 5288 5275 5278
f 5288 5289 5275
f 5287 5278 5281
f 5287 5288 5278
f 5286 5281 5284
f 5286 5287 5281
f 5369 5315 5316
f 5370 5316 5321
f 5371 5369 5316
f 5372 5371 5316
f 5370 5372 5316
f 5373 5314 5315
f 5374 5373 5315
f 5375 5374 5315
f 5369 5375 5315
f 5376 5313 5314
f 5377 5376 5314
f 5378 5377 5314
f 5373 5378 5314
f 5379 5312 5313
f 5380 5379 5313
f 5376 5380 5313
f 5381 5311 5312
f 5382 5381 5312
f 5383 5382 5312
f 5379 5383 5312
f 5384 5310 5311
f 5385 5384 5311
f 5386 5385 5311
f 5387 5386 5311
f 5381 5387 5311
f 5341 5309 5310
f 5388 5341 5310
f 5389 5388 5310
f 5390 5389 5310
f 5384 5390 5310
f 5391 5297 5298
f 5392 5298 5345
f 5393 5391 5298
f 5394 5393 5298
f 5392 5394 5298
f 5395 5296 5297
f 5396 5395 5297
f 5397 5396 5297
f 5398 5397 5297
f 5391 5398 5297
f 5399 5295 5296
f 5400 5399 5296
f 5401 5400 5296
f 5395 5401 5296
f 5402 5294 5295
f 5403 5402 5295
f 5399 5403 5295
f 5404 5293 5294
f 5405 5404 5294
f 5406 5405 5294
f 5402 5406 5294
f 5407 5292 5293
f 5408 5407 5293
f 5409 5408 5293
f 5404 5409 5293
f 5365 5291 5292
f 5410 5365 5292
f 5411 5410 5292
f 5412 5411 5292
f 5407 5412 5292
f 5413 5414 5367
f 5415 5367 5414
f 5416 5366 5367
f 5413 5367 5365
f 5416 5367 5415
f 5413 5417 5414
f 5418 5414 5417
f 5419 5415 5414
f 5418 5419 5414
f 5420 5421 5417
f 5422 5417 5421
f 5413 5420 5417
f 5422 5418 5417
f 5423 5424 5421
f 5425 5421 5424
f 5420 5423 5421
f 5425 5422 5421
f 5426 5427 5424
f 5425 5424 5427
f 5423 5426 5424
f 5428 5429 5427
f 5430 5427 5429
f 5426 5428 5427
f 5430 5425 5427
f 5431 5432 5429
f 5433 5429 5432
f 5428 5431 5429
f 5433 5430 5429
f 5434 5435 5432
f 5436 5432 5435
f 5431 5434 5432
f 5436 5433 5432
f 5437 5438 5435
f 5439 5435 5438
f 5434 5437 5435
f 5439 5436 5435
f 5440 5441 5438
f 5442 5438 5441
f 5437 5440 5438
f 5442 5439 5438
f 5443 5444 5441
f 5445 5441 5444
f 5440 5443 5441
f 5445 5442 5441
f 5446 5447 5444
f 5448 5444 5447
f 5443 5446 5444
f 5448 5445 5444
f 5449 5450 5447
f 5451 5447 5450
f 5446 5449 5447
f 5452 5448 5447
f 5453 5452 5447
f 5451 5453 5447
f 5454 5455 5450
f 5456 5450 5455
f 5449 5454 5450
f 5456 5451 5450
f 5457 5458 5455
f 5459 5455 5458
f 5454 5457 5455
f 5459 5456 5455
f 5460 5461 5458
f 5462 5458 5461
f 5457 5460 5458
f 5462 5459 5458
f 5463 5464 5461
f 5465 5461 5464
f 5460 5463 5461
f 5465 5462 5461
f 5466 5467 5464
f 5468 5464 5467
f 5463 5466 5464
f 5468 5465 5464
f 5469 5470 5467
f 5471 5467 5470
f 5466 5469 5467
f 5471 5468 5467
f 5472 5473 5470
f 5474 5470 5473
f 5469 5472 5470
f 5474 5471 5470
f 5475 5476 5473
f 5477 5473 5476
f 5472 5475 5473
f 5477 5474 5473
f 5392 5345 5476
f 5478 5476 5345
f 5479 5392 5476
f 5475 5479 5476
f 5478 5477 5476
f 5480 5345 5347
f 5480 5478 5345
f 5481 5347 5348
f 5482 5347 5481
f 5480 5347 5482
f 5483 5348 5349
f 5481 5348 5483
f 5484 5349 5346
f 5483 5349 5484
f 5484 5346 5351
f 5485 5351 5352
f 5484 5351 5485
f 5486 5352 5353
f 5485 5352 5486
f 5487 5353 5350
f 5486 5353 5487
f 5488 5350 5355
f 5487 5350 5488
f 5489 5355 5356
f 5488 5355 5489
f 5490 5356 5354
f 5489 5356 5490
f 5491 5354 5358
f 5490 5354 5491
f 5492 5358 5357
f 5491 5358 5493
f 5494 5493 5358
f 5492 5494 5358
f 5495 5357 5360
f 5495 5492 5357
f 5496 5360 5361
f 5496 5495 5360
f 5497 5361 5359
f 5497 5496 5361
f 5498 5359 5363
f 5498 5497 5359
f 5499 5363 5364
f 5499 5498 5363
f 5500 5364 5362
f 5500 5499 5364
f 5501 5362 5368
f 5501 5500 5362
f 5502 5368 5366
f 5502 5501 5368
f 5416 5502 5366
f 5503 5365 5410
f 5504 5413 5365
f 5504 5365 5503
f 5505 5410 5411
f 5506 5503 5410
f 5505 5506 5410
f 5507 5411 5412
f 5507 5505 5411
f 5508 5412 5407
f 5508 5507 5412
f 5508 5407 5408
f 5509 5408 5409
f 5509 5508 5408
f 5510 5409 5404
f 5510 5509 5409
f 5511 5404 5405
f 5511 5510 5404
f 5512 5405 5406
f 5512 5511 5405
f 5513 5406 5402
f 5513 5512 5406
f 5514 5402 5403
f 5514 5513 5402
f 5515 5403 5399
f 5515 5514 5403
f 5516 5399 5400
f 5517 5515 5399
f 5518 5517 5399
f 5516 5518 5399
f 5519 5400 5401
f 5519 5516 5400
f 5520 5401 5395
f 5520 5519 5401
f 5521 5395 5396
f 5521 5520 5395
f 5522 5396 5397
f 5522 5521 5396
f 5523 5397 5398
f 5523 5522 5397
f 5524 5398 5391
f 5524 5523 5398
f 5525 5391 5393
f 5525 5524 5391
f 5526 5393 5394
f 5526 5525 5393
f 5527 5394 5392
f 5527 5526 5394
f 5528 5392 5479
f 5528 5527 5392
f 5529 5479 5475
f 5530 5479 5529
f 5528 5479 5530
f 5531 5475 5472
f 5529 5475 5531
f 5532 5472 5469
f 5531 5472 5532
f 5532 5469 5466
f 5533 5466 5463
f 5532 5466 5533
f 5534 5463 5460
f 5533 5463 5534
f 5535 5460 5457
f 5534 5460 5535
f 5536 5457 5454
f 5535 5457 5536
f 5537 5454 5449
f 5536 5454 5537
f 5538 5449 5446
f 5537 5449 5538
f 5539 5446 5443
f 5538 5446 5539
f 5540 5443 5440
f 5539 5443 5541
f 5542 5541 5443
f 5540 5542 5443
f 5543 5440 5437
f 5543 5540 5440
f 5544 5437 5434
f 5544 5543 5437
f 5545 5434 5431
f 5545 5544 5434
f 5546 5431 5428
f 5546 5545 5431
f 5547 5428 5426
f 5547 5546 5428
f 5548 5426 5423
f 5548 5547 5426
f 5549 5423 5420
f 5549 5548 5423
f 5550 5420 5413
f 5550 5549 5420
f 5504 5550 5413
f 5551 5552 5343
f 5553 5343 5552
f 5554 5342 5343
f 5551 5343 5341
f 5554 5343 5553
f 5551 5555 5552
f 5556 5552 5555
f 5557 5553 5552
f 5556 5557 5552
f 5558 5559 5555
f 5560 5555 5559
f 5551 5558 5555
f 5560 5556 5555
f 5561 5562 5559
f 5563 5559 5562
f 5558 5561 5559
f 5563 5560 5559
f 5564 5565 5562
f 5563 5562 5565
f 5561 5564 5562
f 5566 5567 5565
f 5568 5565 5567
f 5564 5566 5565
f 5568 5563 5565
f 5569 5570 5567
f 5571 5567 5570
f 5566 5569 5567
f 5571 5568 5567
f 5572 5573 5570
f 5574 5570 5573
f 5569 5572 5570
f 5574 5571 5570
f 5575 5576 5573
f 5577 5573 5576
f 5572 5575 5573
f 5577 5574 5573
f 5578 5579 5576
f 5580 5576 5579
f 5575 5578 5576
f 5580 5577 5576
f 5581 5582 5579
f 5583 5579 5582
f 5578 5581 5579
f 5583 5580 5579
f 5584 5585 5582
f 5586 5582 5585
f 5581 5584 5582
f 5586 5583 5582
f 5587 5588 5585
f 5589 5585 5588
f 5584 5587 5585
f 5590 5586 5585
f 5591 5590 5585
f 5589 5591 5585
f 5592 5593 5588
f 5594 5588 5593
f 5587 5592 5588
f 5594 5589 5588
f 5595 5596 5593
f 5597 5593 5596
f 5592 5595 5593
f 5597 5594 5593
f 5598 5599 5596
f 5600 5596 5599
f 5595 5598 5596
f 5600 5597 5596
f 5601 5602 5599
f 5603 5599 5602
f 5598 5601 5599
f 5603 5600 5599
f 5604 5605 5602
f 5606 5602 5605
f 5601 5604 5602
f 5606 5603 5602
f 5607 5608 5605
f 5609 5605 5608
f 5604 5607 5605
f 5609 5606 5605
f 5610 5611 5608
f 5612 5608 5611
f 5607 5610 5608
f 5612 5609 5608
f 5613 5614 5611
f 5615 5611 5614
f 5610 5613 5611
f 5615 5612 5611
f 5370 5321 5614
f 5616 5614 5321
f 5617 5370 5614
f 5613 5617 5614
f 5616 5615 5614
f 5618 5321 5323
f 5618 5616 5321
f 5619 5323 5324
f 5620 5323 5619
f 5618 5323 5620
f 5621 5324 5325
f 5619 5324 5621
f 5622 5325 5322
f 5621 5325 5622
f 5622 5322 5327
f 5623 5327 5328
f 5622 5327 5623
f 5624 5328 5326
f 5623 5328 5624
f 5625 5326 5330
f 5624 5326 5625
f 5626 5330 5331
f 5625 5330 5626
f 5627 5331 5329
f 5626 5331 5627
f 5628 5329 5333
f 5627 5329 5628
f 5629 5333 5332
f 5628 5333 5629
f 5630 5332 5335
f 5629 5332 5631
f 5632 5631 5332
f 5630 5632 5332
f 5633 5335 5336
f 5633 5630 5335
f 5634 5336 5334
f 5634 5633 5336
f 5635 5334 5338
f 5635 5634 5334
f 5636 5338 5339
f 5636 5635 5338
f 5637 5339 5340
f 5637 5636 5339
f 5638 5340 5337
f 5638 5637 5340
f 5639 5337 5344
f 5639 5638 5337
f 5640 5344 5342
f 5640 5639 5344
f 5554 5640 5342
f 5641 5341 5388
f 5642 5551 5341
f 5642 5341 5641
f 5643 5388 5389
f 5644 5641 5388
f 5643 5644 5388
f 5645 5389 5390
f 5645 5643 5389
f 5646 5390 5384
f 5646 5645 5390
f 5646 5384 5385
f 5647 5385 5386
f 5647 5646 5385
f 5648 5386 5387
f 5648 5647 5386
f 5649 5387 5381
f 5649 5648 5387
f 5650 5381 5382
f 5650 5649 5381
f 5651 5382 5383
f 5651 5650 5382
f 5652 5383 5379
f 5652 5651 5383
f 5653 5379 5380
f 5653 5652 5379
f 5654 5380 5376
f 5655 5653 5380
f 5656 5655 5380
f 5654 5656 5380
f 5657 5376 5377
f 5657 5654 5376
f 5658 5377 5378
f 5658 5657 5377
f 5659 5378 5373
f 5659 5658 5378
f 5660 5373 5374
f 5660 5659 5373
f 5661 5374 5375
f 5661 5660 5374
f 5662 5375 5369
f 5662 5661 5375
f 5663 5369 5371
f 5663 5662 5369
f 5664 5371 5372
f 5664 5663 5371
f 5665 5372 5370
f 5665 5664 5372
f 5666 5370 5617
f 5666 5665 5370
f 5667 5617 5613
f 5668 5617 5667
f 5666 5617 5668
f 5669 5613 5610
f 5667 5613 5669
f 5670 5610 5607
f 5669 5610 5670
f 5670 5607 5604
f 5671 5604 5601
f 5670 5604 5671
f 5672 5601 5598
f 5671 5601 5672
f 5673 5598 5595
f 5672 5598 5673
f 5674 5595 5592
f 5673 5595 5674
f 5675 5592 5587
f 5674 5592 5675
f 5676 5587 5584
f 5675 5587 5676
f 5677 5584 5581
f 5676 5584 5677
f 5678 5581 5578
f 5677 5581 5679
f 5680 5679 5581
f 5678 5680 5581
f 5681 5578 5575
f 5681 5678 5578
f 5682 5575 5572
f 5682 5681 5575
f 5683 5572 5569
f 5683 5682 5572
f 5684 5569 5566
f 5684 5683 5569
f 5685 5566 5564
f 5685 5684 5566
f 5686 5564 5561
f 5686 5685 5564
f 5687 5561 5558
f 5687 5686 5561
f 5688 5558 5551
f 5688 5687 5558
f 5642 5688 5551
f 5689 5415 5419
f 5416 5415 5689
f 5690 5419 5418
f 5689 5419 5690
f 5691 5418 5422
f 5690 5418 5691
f 5692 5422 5425
f 5691 5422 5692
f 5693 5425 5430
f 5692 5425 5693
f 5694 5430 5433
f 5693 5430 5694
f 5695 5433 5436
f 5694 5433 5695
f 5696 5436 5439
f 5695 5436 5696
f 5697 5439 5442
f 5696 5439 5697
f 5698 5442 5445
f 5697 5442 5698
f 5699 5445 5448
f 5698 5445 5699
f 5699 5448 5452
f 5700 5699 5452
f 5453 5700 5452
f 5701 5698 5699
f 5700 5701 5699
f 5702 5697 5698
f 5701 5702 5698
f 5703 5696 5697
f 5702 5703 5697
f 5704 5695 5696
f 5703 5704 5696
f 5705 5694 5695
f 5704 5705 5695
f 5706 5693 5694
f 5705 5706 5694
f 5707 5692 5693
f 5706 5707 5693
f 5708 5691 5692
f 5707 5708 5692
f 5709 5690 5691
f 5708 5709 5691
f 5710 5689 5690
f 5709 5710 5690
f 5416 5689 5710
f 5711 5710 5709
f 5712 5416 5710
f 5713 5712 5710
f 5711 5713 5710
f 5714 5709 5708
f 5715 5711 5709
f 5716 5715 5709
f 5714 5716 5709
f 5717 5708 5707
f 5718 5714 5708
f 5719 5718 5708
f 5717 5719 5708
f 5471 5707 5706
f 5471 5474 5720
f 5721 5707 5720
f 5722 5717 5707
f 5723 5722 5707
f 5724 5723 5707
f 5725 5724 5707
f 5721 5725 5707
f 5468 5706 5705
f 5471 5706 5468
f 5465 5705 5704
f 5468 5705 5465
f 5462 5704 5703
f 5465 5704 5462
f 5459 5703 5702
f 5462 5703 5459
f 5456 5702 5701
f 5459 5702 5456
f 5451 5701 5700
f 5456 5701 5451
f 5451 5700 5453
f 5726 5474 5477
f 5726 5721 5474
f 5727 5477 5478
f 5728 5726 5477
f 5729 5728 5477
f 5730 5729 5477
f 5731 5730 5477
f 5727 5731 5477
f 5732 5733 5478
f 5734 5478 5733
f 5480 5732 5478
f 5735 5727 5478
f 5736 5735 5478
f 5734 5736 5478
f 5737 5733 5732
f 5738 5733 5737
f 5739 5733 5738
f 5740 5733 5739
f 5740 5734 5733
f 5482 5737 5732
f 5480 5482 5732
f 5481 5741 5737
f 5738 5737 5741
f 5482 5481 5737
f 5483 5742 5741
f 5743 5741 5742
f 5481 5483 5741
f 5743 5738 5741
f 5484 5744 5742
f 5745 5742 5744
f 5483 5484 5742
f 5745 5743 5742
f 5485 5746 5744
f 5747 5744 5746
f 5484 5485 5744
f 5747 5745 5744
f 5486 5748 5746
f 5749 5746 5748
f 5485 5486 5746
f 5749 5747 5746
f 5487 5750 5748
f 5751 5748 5750
f 5486 5487 5748
f 5751 5749 5748
f 5488 5752 5750
f 5753 5750 5752
f 5487 5488 5750
f 5753 5751 5750
f 5489 5754 5752
f 5755 5752 5754
f 5488 5489 5752
f 5755 5753 5752
f 5490 5756 5754
f 5757 5754 5756
f 5489 5490 5754
f 5757 5755 5754
f 5491 5493 5756
f 5758 5756 5493
f 5490 5491 5756
f 5758 5757 5756
f 5494 5758 5493
f 5759 5738 5743
f 5760 5739 5738
f 5761 5760 5738
f 5759 5761 5738
f 5762 5743 5745
f 5763 5759 5743
f 5764 5763 5743
f 5762 5764 5743
f 5500 5745 5747
f 5500 5501 5765
f 5766 5745 5765
f 5767 5762 5745
f 5768 5767 5745
f 5769 5768 5745
f 5770 5769 5745
f 5766 5770 5745
f 5499 5747 5749
f 5500 5747 5499
f 5498 5749 5751
f 5499 5749 5498
f 5497 5751 5753
f 5498 5751 5497
f 5496 5753 5755
f 5497 5753 5496
f 5495 5755 5757
f 5496 5755 5495
f 5492 5757 5758
f 5495 5757 5492
f 5492 5758 5494
f 5771 5501 5502
f 5771 5766 5501
f 5772 5502 5416
f 5773 5771 5502
f 5774 5773 5502
f 5775 5774 5502
f 5776 5775 5502
f 5772 5776 5502
f 5777 5772 5416
f 5778 5777 5416
f 5712 5778 5416
f 5779 5739 5760
f 5780 5740 5739
f 5780 5739 5779
f 5781 5760 5761
f 5782 5779 5760
f 5781 5782 5760
f 5783 5761 5759
f 5783 5781 5761
f 5784 5759 5763
f 5784 5783 5759
f 5785 5763 5764
f 5785 5784 5763
f 5786 5764 5762
f 5786 5785 5764
f 5786 5762 5767
f 5787 5767 5768
f 5787 5786 5767
f 5788 5768 5769
f 5788 5787 5768
f 5789 5769 5770
f 5789 5788 5769
f 5790 5770 5766
f 5790 5789 5770
f 5791 5766 5771
f 5791 5790 5766
f 5792 5771 5773
f 5792 5791 5771
f 5793 5773 5774
f 5793 5792 5773
f 5794 5774 5775
f 5794 5793 5774
f 5795 5775 5776
f 5795 5794 5775
f 5796 5776 5772
f 5796 5795 5776
f 5797 5772 5777
f 5797 5796 5772
f 5798 5777 5778
f 5798 5797 5777
f 5799 5778 5712
f 5799 5798 5778
f 5800 5712 5713
f 5800 5799 5712
f 5801 5713 5711
f 5801 5800 5713
f 5802 5711 5715
f 5802 5801 5711
f 5803 5715 5716
f 5804 5802 5715
f 5803 5804 5715
f 5805 5716 5714
f 5805 5803 5716
f 5806 5714 5718
f 5806 5805 5714
f 5807 5718 5719
f 5807 5806 5718
f 5808 5719 5717
f 5808 5807 5719
f 5808 5717 5722
f 5809 5722 5723
f 5809 5808 5722
f 5810 5723 5724
f 5810 5809 5723
f 5811 5724 5725
f 5811 5810 5724
f 5812 5725 5721
f 5812 5811 5725
f 5813 5721 5726
f 5813 5812 5721
f 5814 5726 5728
f 5814 5813 5726
f 5815 5728 5729
f 5815 5814 5728
f 5816 5729 5730
f 5816 5815 5729
f 5817 5730 5731
f 5817 5816 5730
f 5818 5731 5727
f 5818 5817 5731
f 5819 5727 5735
f 5819 5818 5727
f 5820 5735 5736
f 5820 5819 5735
f 5821 5736 5734
f 5821 5820 5736
f 5822 5734 5740
f 5822 5821 5734
f 5780 5822 5740
f 5823 5779 5782
f 5824 5780 5779
f 5823 5824 5779
f 5825 5782 5781
f 5825 5823 5782
f 5826 5781 5783
f 5826 5825 5781
f 5827 5783 5784
f 5827 5826 5783
f 5828 5784 5785
f 5828 5827 5784
f 5829 5785 5786
f 5829 5828 5785
f 5830 5786 5787
f 5830 5829 5786
f 5831 5787 5788
f 5831 5830 5787
f 5832 5788 5789
f 5832 5831 5788
f 5833 5789 5790
f 5833 5832 5789
f 5834 5790 5791
f 5834 5833 5790
f 5835 5791 5792
f 5835 5834 5791
f 5836 5792 5793
f 5836 5835 5792
f 5837 5793 5794
f 5837 5836 5793
f 5838 5794 5795
f 5838 5837 5794
f 5839 5795 5796
f 5839 5838 5795
f 5840 5796 5797
f 5840 5839 5796
f 5841 5797 5798
f 5841 5840 5797
f 5842 5798 5799
f 5843 5841 5798
f 5842 5843 5798
f 5844 5799 5800
f 5844 5842 5799
f 5845 5800 5801
f 5845 5844 5800
f 5845 5801 5802
f 5846 5802 5804
f 5845 5802 5846
f 5847 5804 5803
f 5847 5846 5804
f 5848 5803 5805
f 5848 5847 5803
f 5849 5805 5806
f 5849 5848 5805
f 5850 5806 5807
f 5850 5849 5806
f 5851 5807 5808
f 5851 5850 5807
f 5852 5808 5809
f 5852 5851 5808
f 5853 5809 5810
f 5853 5852 5809
f 5854 5810 5811
f 5854 5853 5810
f 5855 5811 5812
f 5855 5854 5811
f 5856 5812 5813
f 5856 5855 5812
f 5857 5813 5814
f 5857 5856 5813
f 5858 5814 5815
f 5858 5857 5814
f 5859 5815 5816
f 5859 5858 5815
f 5860 5816 5817
f 5860 5859 5816
f 5861 5817 5818
f 5861 5860 5817
f 5862 5818 5819
f 5862 5861 5818
f 5863 5819 5820
f 5863 5862 5819
f 5864 5820 5821
f 5865 5863 5820
f 5864 5865 5820
f 5866 5821 5822
f 5866 5864 5821
f 5824 5822 5780
f 5824 5866 5822
f 5823 5846 5847
f 5825 5846 5823
f 5845 5846 5825
f 5866 5847 5848
f 5824 5847 5866
f 5823 5847 5824
f 5864 5848 5849
f 5866 5848 5864
f 5865 5849 5850
f 5864 5849 5865
f 5863 5850 5851
f 5865 5850 5863
f 5862 5851 5852
f 5863 5851 5862
f 5861 5852 5853
f 5862 5852 5861
f 5860 5853 5854
f 5861 5853 5860
f 5859 5854 5855
f 5860 5854 5859
f 5858 5855 5856
f 5859 5855 5858
f 5858 5856 5857
f 5844 5825 5826
f 5845 5825 5844
f 5842 5826 5827
f 5844 5826 5842
f 5843 5827 5828
f 5842 5827 5843
f 5841 5828 5829
f 5843 5828 5841
f 5840 5829 5830
f 5841 5829 5840
f 5839 5830 5831
f 5840 5830 5839
f 5838 5831 5832
f 5839 5831 5838
f 5837 5832 5833
f 5838 5832 5837
f 5836 5833 5834
f 5837 5833 5836
f 5836 5834 5835
f 5867 5503 5506
f 5504 5503 5867
f 5868 5506 5505
f 5867 5506 5868
f 5869 5505 5507
f 5868 5505 5869
f 5870 5507 5508
f 5869 5507 5870
f 5871 5508 5509
f 5870 5508 5871
f 5872 5509 5510
f 5871 5509 5872
f 5873 5510 5511
f 5872 5510 5873
f 5874 5511 5512
f 5873 5511 5874
f 5875 5512 5513
f 5874 5512 5875
f 5876 5513 5514
f 5875 5513 5876
f 5877 5514 5515
f 5876 5514 5877
f 5877 5515 5517
f 5878 5877 5517
f 5518 5878 5517
f 5879 5876 5877
f 5878 5879 5877
f 5880 5875 5876
f 5879 5880 5876
f 5881 5874 5875
f 5880 5881 5875
f 5882 5873 5874
f 5881 5882 5874
f 5883 5872 5873
f 5882 5883 5873
f 5884 5871 5872
f 5883 5884 5872
f 5885 5870 5871
f 5884 5885 5871
f 5886 5869 5870
f 5885 5886 5870
f 5887 5868 5869
f 5886 5887 5869
f 5888 5867 5868
f 5887 5888 5868
f 5504 5867 5888
f 5889 5888 5887
f 5890 5504 5888
f 5891 5890 5888
f 5889 5891 5888
f 5892 5887 5886
f 5893 5889 5887
f 5894 5893 5887
f 5892 5894 5887
f 5895 5886 5885
f 5896 5892 5886
f 5897 5896 5886
f 5895 5897 5886
f 5524 5885 5884
f 5524 5525 5898
f 5899 5885 5898
f 5900 5895 5885
f 5901 5900 5885
f 5902 5901 5885
f 5903 5902 5885
f 5899 5903 5885
f 5523 5884 5883
f 5524 5884 5523
f 5522 5883 5882
f 5523 5883 5522
f 5521 5882 5881
f 5522 5882 5521
f 5520 5881 5880
f 5521 5881 5520
f 5519 5880 5879
f 5520 5880 5519
f 5516 5879 5878
f 5519 5879 5516
f 5516 5878 5518
f 5904 5525 5526
f 5904 5899 5525
f 5905 5526 5527
f 5906 5904 5526
f 5907 5906 5526
f 5908 5907 5526
f 5909 5908 5526
f 5905 5909 5526
f 5910 5911 5527
f 5912 5527 5911
f 5528 5910 5527
f 5913 5905 5527
f 5914 5913 5527
f 5912 5914 5527
f 5915 5911 5910
f 5916 5911 5915
f 5917 5911 5916
f 5918 5911 5917
f 5918 5912 5911
f 5530 5915 5910
f 5528 5530 5910
f 5529 5919 5915
f 5916 5915 5919
f 5530 5529 5915
f 5531 5920 5919
f 5921 5919 5920
f 5529 5531 5919
f 5921 5916 5919
f 5532 5922 5920
f 5923 5920 5922
f 5531 5532 5920
f 5923 5921 5920
f 5533 5924 5922
f 5925 5922 5924
f 5532 5533 5922
f 5925 5923 5922
f 5534 5926 5924
f 5927 5924 5926
f 5533 5534 5924
f 5927 5925 5924
f 5535 5928 5926
f 5929 5926 5928
f 5534 5535 5926
f 5929 5927 5926
f 5536 5930 5928
f 5931 5928 5930
f 5535 5536 5928
f 5931 5929 5928
f 5537 5932 5930
f 5933 5930 5932
f 5536 5537 5930
f 5933 5931 5930
f 5538 5934 5932
f 5935 5932 5934
f 5537 5538 5932
f 5935 5933 5932
f 5539 5541 5934
f 5936 5934 5541
f 5538 5539 5934
f 5936 5935 5934
f 5542 5936 5541
f 5937 5916 5921
f 5938 5917 5916
f 5939 5938 5916
f 5937 5939 5916
f 5940 5921 5923
f 5941 5937 5921
f 5942 5941 5921
f 5940 5942 5921
f 5548 5923 5925
f 5548 5549 5943
f 5944 5923 5943
f 5945 5940 5923
f 5946 5945 5923
f 5947 5946 5923
f 5948 5947 5923
f 5944 5948 5923
f 5547 5925 5927
f 5548 5925 5547
f 5546 5927 5929
f 5547 5927 5546
f 5545 5929 5931
f 5546 5929 5545
f 5544 5931 5933
f 5545 5931 5544
f 5543 5933 5935
f 5544 5933 5543
f 5540 5935 5936
f 5543 5935 5540
f 5540 5936 5542
f 5949 5549 5550
f 5949 5944 5549
f 5950 5550 5504
f 5951 5949 5550
f 5952 5951 5550
f 5953 5952 5550
f 5954 5953 5550
f 5950 5954 5550
f 5955 5950 5504
f 5956 5955 5504
f 5890 5956 5504
f 5957 5917 5938
f 5958 5918 5917
f 5958 5917 5957
f 5959 5938 5939
f 5960 5957 5938
f 5959 5960 5938
f 5961 5939 5937
f 5961 5959 5939
f 5962 5937 5941
f 5962 5961 5937
f 5963 5941 5942
f 5963 5962 5941
f 5964 5942 5940
f 5964 5963 5942
f 5964 5940 5945
f 5965 5945 5946
f 5965 5964 5945
f 5966 5946 5947
f 5966 5965 5946
f 5967 5947 5948
f 5967 5966 5947
f 5968 5948 5944
f 5968 5967 5948
f 5969 5944 5949
f 5969 5968 5944
f 5970 5949 5951
f 5970 5969 5949
f 5971 5951 5952
f 5971 5970 5951
f 5972 5952 5953
f 5972 5971 5952
f 5973 5953 5954
f 5973 5972 5953
f 5974 5954 5950
f 5974 5973 5954
f 5975 5950 5955
f 5975 5974 5950
f 5976 5955 5956
f 5976 5975 5955
f 5977 5956 5890
f 5977 5976 5956
f 5978 5890 5891
f 5978 5977 5890
f 5979 5891 5889
f 5979 5978 5891
f 5980 5889 5893
f 5980 5979 5889
f 5981 5893 5894
f 5982 5980 5893
f 5981 5982 5893
f 5983 5894 5892
f 5983 5981 5894
f 5984 5892 5896
f 5984 5983 5892
f 5985 5896 5897
f 5985 5984 5896
f 5986 5897 5895
f 5986 5985 5897
f 5986 5895 5900
f 5987 5900 5901
f 5987 5986 5900
f 5988 5901 5902
f 5988 5987 5901
f 5989 5902 5903
f 5989 5988 5902
f 5990 5903 5899
f 5990 5989 5903
f 5991 5899 5904
f 5991 5990 5899
f 5992 5904 5906
f 5992 5991 5904
f 5993 5906 5907
f 5993 5992 5906
f 5994 5907 5908
f 5994 5993 5907
f 5995 5908 5909
f 5995 5994 5908
f 5996 5909 5905
f 5996 5995 5909
f 5997 5905 5913
f 5997 5996 5905
f 5998 5913 5914
f 5998 5997 5913
f 5999 5914 5912
f 5999 5998 5914
f 6000 5912 5918
f 6000 5999 5912
f 5958 6000 5918
f 6001 5957 5960
f 6002 5958 5957
f 6001 6002 5957
f 6003 5960 5959
f 6003 6001 5960
f 6004 5959 5961
f 6004 6003 5959
f 6005 5961 5962
f 6005 6004 5961
f 6006 5962 5963
f 6006 6005 5962
f 6007 5963 5964
f 6007 6006 5963
f 6008 5964 5965
f 6008 6007 5964
f 6009 5965 5966
f 6009 6008 5965
f 6010 5966 5967
f 6010 6009 5966
f 6011 5967 5968
f 6011 6010 5967
f 6012 5968 5969
f 6012 6011 5968
f 6013 5969 5970
f 6013 6012 5969
f 6014 5970 5971
f 6014 6013 5970
f 6015 5971 5972
f 6015 6014 5971
f 6016 5972 5973
f 6016 6015 5972
f 6017 5973 5974
f 6017 6016 5973
f 6018 5974 5975
f 6018 6017 5974
f 6019 5975 5976
f 6019 6018 5975
f 6020 5976 5977
f 6021 6019 5976
f 6020 6021 5976
f 6022 5977 5978
f 6022 6020 5977
f 6023 5978 5979
f 6023 6022 5978
f 6023 5979 5980
f 6024 5980 5982
f 6023 5980 6024
f 6025 5982 5981
f 6025 6024 5982
f 6026 5981 5983
f 6026 6025 5981
f 6027 5983 5984
f 6027 6026 5983
f 6028 5984 5985
f 6028 6027 5984
f 6029 5985 5986
f 6029 6028 5985
f 6030 5986 5987
f 6030 6029 5986
f 6031 5987 5988
f 6031 6030 5987
f 6032 5988 5989
f 6032 6031 5988
f 6033 5989 5990
f 6033 6032 5989
f 6034 5990 5991
f 6034 6033 5990
f 6035 5991 5992
f 6035 6034 5991
f 6036 5992 5993
f 6036 6035 5992
f 6037 5993 5994
f 6037 6036 5993
f 6038 5994 5995
f 6038 6037 5994
f 6039 5995 5996
f 6039 6038 5995
f 6040 5996 5997
f 6040 6039 5996
f 6041 5997 5998
f 6041 6040 5997
f 6042 5998 5999
f 6043 6041 5998
f 6042 6043 5998
f 6044 5999 6000
f 6044 6042 5999
f 6002 6000 5958
f 6002 6044 6000
f 6001 6024 6025
f 6003 6024 6001
f 6023 6024 6003
f 6044 6025 6026
f 6002 6025 6044
f 6001 6025 6002
f 6042 6026 6027
f 6044 6026 6042
f 6043 6027 6028
f 6042 6027 6043
f 6041 6028 6029
f 6043 6028 6041
f 6040 6029 6030
f 6041 6029 6040
f 6039 6030 6031
f 6040 6030 6039
f 6038 6031 6032
f 6039 6031 6038
f 6037 6032 6033
f 6038 6032 6037
f 6036 6033 6034
f 6037 6033 6036
f 6036 6034 6035
f 6022 6003 6004
f 6023 6003 6022
f 6020 6004 6005
f 6022 6004 6020
f 6021 6005 6006
f 6020 6005 6021
f 6019 6006 6007
f 6021 6006 6019
f 6018 6007 6008
f 6019 6007 6018
f 6017 6008 6009
f 6018 6008 6017
f 6016 6009 6010
f 6017 6009 6016
f 6015 6010 6011
f 6016 6010 6015
f 6014 6011 6012
f 6015 6011 6014
f 6014 6012 6013
f 6045 5553 5557
f 5554 5553 6045
f 6046 5557 5556
f 6045 5557 6046
f 6047 5556 5560
f 6046 5556 6047
f 6048 5560 5563
f 6047 5560 6048
f 6049 5563 5568
f 6048 5563 6049
f 6050 5568 5571
f 6049 5568 6050
f 6051 5571 5574
f 6050 5571 6051
f 6052 5574 5577
f 6051 5574 6052
f 6053 5577 5580
f 6052 5577 6053
f 6054 5580 5583
f 6053 5580 6054
f 6055 5583 5586
f 6054 5583 6055
f 6055 5586 5590
f 6056 6055 5590
f 5591 6056 5590
f 6057 6054 6055
f 6056 6057 6055
f 6058 6053 6054
f 6057 6058 6054
f 6059 6052 6053
f 6058 6059 6053
f 6060 6051 6052
f 6059 6060 6052
f 6061 6050 6051
f 6060 6061 6051
f 6062 6049 6050
f 6061 6062 6050
f 6063 6048 6049
f 6062 6063 6049
f 6064 6047 6048
f 6063 6064 6048
f 6065 6046 6047
f 6064 6065 6047
f 6066 6045 6046
f 6065 6066 6046
f 5554 6045 6066
f 6067 6066 6065
f 6068 5554 6066
f 6069 6068 6066
f 6067 6069 6066
f 6070 6065 6064
f 6071 6067 6065
f 6072 6071 6065
f 6070 6072 6065
f 6073 6064 6063
f 6074 6070 6064
f 6075 6074 6064
f 6073 6075 6064
f 5609 6063 6062
f 5609 5612 6076
f 6077 6063 6076
f 6078 6073 6063
f 6079 6078 6063
f 6080 6079 6063
f 6081 6080 6063
f 6077 6081 6063
f 5606 6062 6061
f 5609 6062 5606
f 5603 6061 6060
f 5606 6061 5603
f 5600 6060 6059
f 5603 6060 5600
f 5597 6059 6058
f 5600 6059 5597
f 5594 6058 6057
f 5597 6058 5594
f 5589 6057 6056
f 5594 6057 5589
f 5589 6056 5591
f 6082 5612 5615
f 6082 6077 5612
f 6083 5615 5616
f 6084 6082 5615
f 6085 6084 5615
f 6086 6085 5615
f 6087 6086 5615
f 6083 6087 5615
f 6088 6089 5616
f 6090 5616 6089
f 5618 6088 5616
f 6091 6083 5616
f 6092 6091 5616
f 6090 6092 5616
f 6093 6089 6088
f 6094 6089 6093
f 6095 6089 6094
f 6096 6089 6095
f 6096 6090 6089
f 5620 6093 6088
f 5618 5620 6088
f 5619 6097 6093
f 6094 6093 6097
f 5620 5619 6093
f 5621 6098 6097
f 6099 6097 6098
f 5619 5621 6097
f 6099 6094 6097
f 5622 6100 6098
f 6101 6098 6100
f 5621 5622 6098
f 6101 6099 6098
f 5623 6102 6100
f 6103 6100 6102
f 5622 5623 6100
f 6103 6101 6100
f 5624 6104 6102
f 6105 6102 6104
f 5623 5624 6102
f 6105 6103 6102
f 5625 6106 6104
f 6107 6104 6106
f 5624 5625 6104
f 6107 6105 6104
f 5626 6108 6106
f 6109 6106 6108
f 5625 5626 6106
f 6109 6107 6106
f 5627 6110 6108
f 6111 6108 6110
f 5626 5627 6108
f 6111 6109 6108
f 5628 6112 6110
f 6113 6110 6112
f 5627 5628 6110
f 6113 6111 6110
f 5629 5631 6112
f 6114 6112 5631
f 5628 5629 6112
f 6114 6113 6112
f 5632 6114 5631
f 6115 6094 6099
f 6116 6095 6094
f 6117 6116 6094
f 6115 6117 6094
f 6118 6099 6101
f 6119 6115 6099
f 6120 6119 6099
f 6118 6120 6099
f 5638 6101 6103
f 5638 5639 6121
f 6122 6101 6121
f 6123 6118 6101
f 6124 6123 6101
f 6125 6124 6101
f 6126 6125 6101
f 6122 6126 6101
f 5637 6103 6105
f 5638 6103 5637
f 5636 6105 6107
f 5637 6105 5636
f 5635 6107 6109
f 5636 6107 5635
f 5634 6109 6111
f 5635 6109 5634
f 5633 6111 6113
f 5634 6111 5633
f 5630 6113 6114
f 5633 6113 5630
f 5630 6114 5632
f 6127 5639 5640
f 6127 6122 5639
f 6128 5640 5554
f 6129 6127 5640
f 6130 6129 5640
f 6131 6130 5640
f 6132 6131 5640
f 6128 6132 5640
f 6133 6128 5554
f 6134 6133 5554
f 6068 6134 5554
f 6135 6095 6116
f 6136 6096 6095
f 6136 6095 6135
f 6137 6116 6117
f 6138 6135 6116
f 6137 6138 6116
f 6139 6117 6115
f 6139 6137 6117
f 6140 6115 6119
f 6140 6139 6115
f 6141 6119 6120
f 6141 6140 6119
f 6142 6120 6118
f 6142 6141 6120
f 6142 6118 6123
f 6143 6123 6124
f 6143 6142 6123
f 6144 6124 6125
f 6144 6143 6124
f 6145 6125 6126
f 6145 6144 6125
f 6146 6126 6122
f 6146 6145 6126
f 6147 6122 6127
f 6147 6146 6122
f 6148 6127 6129
f 6148 6147 6127
f 6149 6129 6130
f 6149 6148 6129
f 6150 6130 6131
f 6150 6149 6130
f 6151 6131 6132
f 6151 6150 6131
f 6152 6132 6128
f 6152 6151 6132
f 6153 6128 6133
f 6153 6152 6128
f 6154 6133 6134
f 6154 6153 6133
f 6155 6134 6068
f 6155 6154 6134
f 6156 6068 6069
f 6156 6155 6068
f 6157 6069 6067
f 6157 6156 6069
f 6158 6067 6071
f 6158 6157 6067
f 6159 6071 6072
f 6160 6158 6071
f 6159 6160 6071
f 6161 6072 6070
f 6161 6159 6072
f 6162 6070 6074
f 6162 6161 6070
f 6163 6074 6075
f 6163 6162 6074
f 6164 6075 6073
f 6164 6163 6075
f 6164 6073 6078
f 6165 6078 6079
f 6165 6164 6078
f 6166 6079 6080
f 6166 6165 6079
f 6167 6080 6081
f 6167 6166 6080
f 6168 6081 6077
f 6168 6167 6081
f 6169 6077 6082
f 6169 6168 6077
f 6170 6082 6084
f 6170 6169 6082
f 6171 6084 6085
f 6171 6170 6084
f 6172 6085 6086
f 6172 6171 6085
f 6173 6086 6087
f 6173 6172 6086
f 6174 6087 6083
f 6174 6173 6087
f 6175 6083 6091
f 6175 6174 6083
f 6176 6091 6092
f 6176 6175 6091
f 6177 6092 6090
f 6177 6176 6092
f 6178 6090 6096
f 6178 6177 6090
f 6136 6178 6096
f 6179 6135 6138
f 6180 6136 6135
f 6179 6180 6135
f 6181 6138 6137
f 6181 6179 6138
f 6182 6137 6139
f 6182 6181 6137
f 6183 6139 6140
f 6183 6182 6139
f 6184 6140 6141
f 6184 6183 6140
f 6185 6141 6142
f 6185 6184 6141
f 6186 6142 6143
f 6186 6185 6142
f 6187 6143 6144
f 6187 6186 6143
f 6188 6144 6145
f 6188 6187 6144
f 6189 6145 6146
f 6189 6188 6145
f 6190 6146 6147
f 6190 6189 6146
f 6191 6147 6148
f 6191 6190 6147
f 6192 6148 6149
f 6192 6191 6148
f 6193 6149 6150
f 6193 6192 6149
f 6194 6150 6151
f 6194 6193 6150
f 6195 6151 6152
f 6195 6194 6151
f 6196 6152 6153
f 6196 6195 6152
f 6197 6153 6154
f 6197 6196 6153
f 6198 6154 6155
f 6199 6197 6154
f 6198 6199 6154
f 6200 6155 6156
f 6200 6198 6155
f 6201 6156 6157
f 6201 6200 6156
f 6201 6157 6158
f 6202 6158 6160
f 6201 6158 6202
f 6203 6160 6159
f 6203 6202 6160
f 6204 6159 6161
f 6204 6203 6159
f 6205 6161 6162
f 6205 6204 6161
f 6206 6162 6163
f 6206 6205 6162
f 6207 6163 6164
f 6207 6206 6163
f 6208 6164 6165
f 6208 6207 6164
f 6209 6165 6166
f 6209 6208 6165
f 6210 6166 6167
f 6210 6209 6166
f 6211 6167 6168
f 6211 6210 6167
f 6212 6168 6169
f 6212 6211 6168
f 6213 6169 6170
f 6213 6212 6169
f 6214 6170 6171
f 6214 6213 6170
f 6215 6171 6172
f 6215 6214 6171
f 6216 6172 6173
f 6216 6215 6172
f 6217 6173 6174
f 6217 6216 6173
f 6218 6174 6175
f 6218 6217 6174
f 6219 6175 6176
f 6219 6218 6175
f 6220 6176 6177
f 6221 6219 6176
f 6220 6221 6176
f 6222 6177 6178
f 6222 6220 6177
f 6180 6178 6136
f 6180 6222 6178
f 6179 6202 6203
f 6181 6202 6179
f 6201 6202 6181
f 6222 6203 6204
f 6180 6203 6222
f 6179 6203 6180
f 6220 6204 6205
f 6222 6204 6220
f 6221 6205 6206
f 6220 6205 6221
f 6219 6206 6207
f 6221 6206 6219
f 6218 6207 6208
f 6219 6207 6218
f 6217 6208 6209
f 6218 6208 6217
f 6216 6209 6210
f 6217 6209 6216
f 6215 6210 6211
f 6216 6210 6215
f 6214 6211 6212
f 6215 6211 6214
f 6214 6212 6213
f 6200 6181 6182
f 6201 6181 6200
f 6198 6182 6183
f 6200 6182 6198
f 6199 6183 6184
f 6198 6183 6199
f 6197 6184 6185
f 6199 6184 6197
f 6196 6185 6186
f 6197 6185 6196
f 6195 6186 6187
f 6196 6186 6195
f 6194 6187 6188
f 6195 6187 6194
f 6193 6188 6189
f 6194 6188 6193
f 6192 6189 6190
f 6193 6189 6192
f 6192 6190 6191
f 6223 5641 5644
f 5642 5641 6223
f 6224 5644 5643
f 6223 5644 6224
f 6225 5643 5645
f 6224 5643 6225
f 6226 5645 5646
f 6225 5645 6226
f 6227 5646 5647
f 6226 5646 6227
f 6228 5647 5648
f 6227 5647 6228
f 6229 5648 5649
f 6228 5648 6229
f 6230 5649 5650
f 6229 5649 6230
f 6231 5650 5651
f 6230 5650 6231
f 6232 5651 5652
f 6231 5651 6232
f 6233 5652 5653
f 6232 5652 6233
f 6233 5653 5655
f 6234 6233 5655
f 5656 6234 5655
f 6235 6232 6233
f 6234 6235 6233
f 6236 6231 6232
f 6235 6236 6232
f 6237 6230 6231
f 6236 6237 6231
f 6238 6229 6230
f 6237 6238 6230
f 6239 6228 6229
f 6238 6239 6229
f 6240 6227 6228
f 6239 6240 6228
f 6241 6226 6227
f 6240 6241 6227
f 6242 6225 6226
f 6241 6242 6226
f 6243 6224 6225
f 6242 6243 6225
f 6244 6223 6224
f 6243 6244 6224
f 5642 6223 6244
f 6245 6244 6243
f 6246 5642 6244
f 6247 6246 6244
f 6245 6247 6244
f 6248 6243 6242
f 6249 6245 6243
f 6250 6249 6243
f 6248 6250 6243
f 6251 6242 6241
f 6252 6248 6242
f 6253 6252 6242
f 6251 6253 6242
f 5662 6241 6240
f 5662 5663 6254
f 6255 6241 6254
f 6256 6251 6241
f 6257 6256 6241
f 6258 6257 6241
f 6259 6258 6241
f 6255 6259 6241
f 5661 6240 6239
f 5662 6240 5661
f 5660 6239 6238
f 5661 6239 5660
f 5659 6238 6237
f 5660 6238 5659
f 5658 6237 6236
f 5659 6237 5658
f 5657 6236 6235
f 5658 6236 5657
f 5654 6235 6234
f 5657 6235 5654
f 5654 6234 5656
f 6260 5663 5664
f 6260 6255 5663
f 6261 5664 5665
f 6262 6260 5664
f 6263 6262 5664
f 6264 6263 5664
f 6265 6264 5664
f 6261 6265 5664
f 6266 6267 5665
f 6268 5665 6267
f 5666 6266 5665
f 6269 6261 5665
f 6270 6269 5665
f 6268 6270 5665
f 6271 6267 6266
f 6272 6267 6271
f 6273 6267 6272
f 6274 6267 6273
f 6274 6268 6267
f 5668 6271 6266
f 5666 5668 6266
f 5667 6275 6271
f 6272 6271 6275
f 5668 5667 6271
f 5669 6276 6275
f 6277 6275 6276
f 5667 5669 6275
f 6277 6272 6275
f 5670 6278 6276
f 6279 6276 6278
f 5669 5670 6276
f 6279 6277 6276
f 5671 6280 6278
f 6281 6278 6280
f 5670 5671 6278
f 6281 6279 6278
f 5672 6282 6280
f 6283 6280 6282
f 5671 5672 6280
f 6283 6281 6280
f 5673 6284 6282
f 6285 6282 6284
f 5672 5673 6282
f 6285 6283 6282
f 5674 6286 6284
f 6287 6284 6286
f 5673 5674 6284
f 6287 6285 6284
f 5675 6288 6286
f 6289 6286 6288
f 5674 5675 6286
f 6289 6287 6286
f 5676 6290 6288
f 6291 6288 6290
f 5675 5676 6288
f 6291 6289 6288
f 5677 5679 6290
f 6292 6290 5679
f 5676 5677 6290
f 6292 6291 6290
f 5680 6292 5679
f 6293 6272 6277
f 6294 6273 6272
f 6295 6294 6272
f 6293 6295 6272
f 6296 6277 6279
f 6297 6293 6277
f 6298 6297 6277
f 6296 6298 6277
f 5686 6279 6281
f 5686 5687 6299
f 6300 6279 6299
f 6301 6296 6279
f 6302 6301 6279
f 6303 6302 6279
f 6304 6303 6279
f 6300 6304 6279
f 5685 6281 6283
f 5686 6281 5685
f 5684 6283 6285
f 5685 6283 5684
f 5683 6285 6287
f 5684 6285 5683
f 5682 6287 6289
f 5683 6287 5682
f 5681 6289 6291
f 5682 6289 5681
f 5678 6291 6292
f 5681 6291 5678
f 5678 6292 5680
f 6305 5687 5688
f 6305 6300 5687
f 6306 5688 5642
f 6307 6305 5688
f 6308 6307 5688
f 6309 6308 5688
f 6310 6309 5688
f 6306 6310 5688
f 6311 6306 5642
f 6312 6311 5642
f 6246 6312 5642
f 6313 6273 6294
f 6314 6274 6273
f 6314 6273 6313
f 6315 6294 6295
f 6316 6313 6294
f 6315 6316 6294
f 6317 6295 6293
f 6317 6315 6295
f 6318 6293 6297
f 6318 6317 6293
f 6319 6297 6298
f 6319 6318 6297
f 6320 6298 6296
f 6320 6319 6298
f 6320 6296 6301
f 6321 6301 6302
f 6321 6320 6301
f 6322 6302 6303
f 6322 6321 6302
f 6323 6303 6304
f 6323 6322 6303
f 6324 6304 6300
f 6324 6323 6304
f 6325 6300 6305
f 6325 6324 6300
f 6326 6305 6307
f 6326 6325 6305
f 6327 6307 6308
f 6327 6326 6307
f 6328 6308 6309
f 6328 6327 6308
f 6329 6309 6310
f 6329 6328 6309
f 6330 6310 6306
f 6330 6329 6310
f 6331 6306 6311
f 6331 6330 6306
f 6332 6311 6312
f 6332 6331 6311
f 6333 6312 6246
f 6333 6332 6312
f 6334 6246 6247
f 6334 6333 6246
f 6335 6247 6245
f 6335 6334 6247
f 6336 6245 6249
f 6336 6335 6245
f 6337 6249 6250
f 6338 6336 6249
f 6337 6338 6249
f 6339 6250 6248
f 6339 6337 6250
f 6340 6248 6252
f 6340 6339 6248
f 6341 6252 6253
f 6341 6340 6252
f 6342 6253 6251
f 6342 6341 6253
f 6342 6251 6256
f 6343 6256 6257
f 6343 6342 6256
f 6344 6257 6258
f 6344 6343 6257
f 6345 6258 6259
f 6345 6344 6258
f 6346 6259 6255
f 6346 6345 6259
f 6347 6255 6260
f 6347 6346 6255
f 6348 6260 6262
f 6348 6347 6260
f 6349 6262 6263
f 6349 6348 6262
f 6350 6263 6264
f 6350 6349 6263
f 6351 6264 6265
f 6351 6350 6264
f 6352 6265 6261
f 6352 6351 6265
f 6353 6261 6269
f 6353 6352 6261
f 6354 6269 6270
f 6354 6353 6269
f 6355 6270 6268
f 6355 6354 6270
f 6356 6268 6274
f 6356 6355 6268
f 6314 6356 6274
f 6357 6313 6316
f 6358 6314 6313
f 6357 6358 6313
f 6359 6316 6315
f 6359 6357 6316
f 6360 6315 6317
f 6360 6359 6315
f 6361 6317 6318
f 6361 6360 6317
f 6362 6318 6319
f 6362 6361 6318
f 6363 6319 6320
f 6363 6362 6319
f 6364 6320 6321
f 6364 6363 6320
f 6365 6321 6322
f 6365 6364 6321
f 6366 6322 6323
f 6366 6365 6322
f 6367 6323 6324
f 6367 6366 6323
f 6368 6324 6325
f 6368 6367 6324
f 6369 6325 6326
f 6369 6368 6325
f 6370 6326 6327
f 6370 6369 6326
f 6371 6327 6328
f 6371 6370 6327
f 6372 6328 6329
f 6372 6371 6328
f 6373 6329 6330
f 6373 6372 6329
f 6374 6330 6331
f 6374 6373 6330
f 6375 6331 6332
f 6375 6374 6331
f 6376 6332 6333
f 6377 6375 6332
f 6376 6377 6332
f 6378 6333 6334
f 6378 6376 6333
f 6379 6334 6335
f 6379 6378 6334
f 6379 6335 6336
f 6380 6336 6338
f 6379 6336 6380
f 6381 6338 6337
f 6381 6380 6338
f 6382 6337 6339
f 6382 6381 6337
f 6383 6339 6340
f 6383 6382 6339
f 6384 6340 6341
f 6384 6383 6340
f 6385 6341 6342
f 6385 6384 6341
f 6386 6342 6343
f 6386 6385 6342
f 6387 6343 6344
f 6387 6386 6343
f 6388 6344 6345
f 6388 6387 6344
f 6389 6345 6346
f 6389 6388 6345
f 6390 6346 6347
f 6390 6389 6346
f 6391 6347 6348
f 6391 6390 6347
f 6392 6348 6349
f 6392 6391 6348
f 6393 6349 6350
f 6393 6392 6349
f 6394 6350 6351
f 6394 6393 6350
f 6395 6351 6352
f 6395 6394 6351
f 6396 6352 6353
f 6396 6395 6352
f 6397 6353 6354
f 6397 6396 6353
f 6398 6354 6355
f 6399 6397 6354
f 6398 6399 6354
f 6400 6355 6356
f 6400 6398 6355
f 6358 6356 6314
f 6358 6400 6356
f 6357 6380 6381
f 6359 6380 6357
f 6379 6380 6359
f 6400 6381 6382
f 6358 6381 6400
f 6357 6381 6358
f 6398 6382 6383
f 6400 6382 6398
f 6399 6383 6384
f 6398 6383 6399
f 6397 6384 6385
f 6399 6384 6397
f 6396 6385 6386
f 6397 6385 6396
f 6395 6386 6387
f 6396 6386 6395
f 6394 6387 6388
f 6395 6387 6394
f 6393 6388 6389
f 6394 6388 6393
f 6392 6389 6390
f 6393 6389 6392
f 6392 6390 6391
f 6378 6359 6360
f 6379 6359 6378
f 6376 6360 6361
f 6378 6360 6376
f 6377 6361 6362
f 6376 6361 6377
f 6375 6362 6363
f 6377 6362 6375
f 6374 6363 6364
f 6375 6363 6374
f 6373 6364 6365
f 6374 6364 6373
f 6372 6365 6366
f 6373 6365 6372
f 6371 6366 6367
f 6372 6366 6371
f 6370 6367 6368
f 6371 6367 6370
f 6370 6368 6369
f 4907 4905 4906
f 4844 4843 4847
f 4844 4847 4849
f 4925 4849 4852
f 4926 4844 4849
f 4925 4926 4849
f 4924 4852 4855
f 4924 4925 4852
f 4923 4855 4858
f 4923 4924 4855
f 4922 4858 4861
f 4922 4923 4858
f 4921 4861 4864
f 4921 4922 4861
f 4920 4864 4867
f 4920 4921 4864
f 4919 4867 4870
f 4919 4920 4867
f 4918 4870 4873
f 4918 4919 4870
f 4917 4873 4876
f 4917 4918 4873
f 4916 4876 4879
f 4916 4917 4876
f 4915 4879 4882
f 4915 4916 4879
f 4914 4882 4885
f 4914 4915 4882
f 4913 4885 4888
f 4913 4914 4885
f 4912 4888 4891
f 4912 4913 4888
f 4911 4891 4894
f 4911 4912 4891
f 4910 4894 4897
f 4910 4911 4894
f 4909 4897 4900
f 4909 4910 4897
f 4908 4900 4903
f 4908 4909 4900
f 4908 4903 4905
f 4907 4908 4905
f 4951 4949 4950
f 4928 4927 4929
f 4928 4929 4930
f 4969 4930 4931
f 4970 4928 4930
f 4969 4970 4930
f 4968 4931 4932
f 4968 4969 4931
f 4967 4932 4933
f 4967 4968 4932
f 4966 4933 4934
f 4966 4967 4933
f 4965 4934 4935
f 4965 4966 4934
f 4964 4935 4936
f 4964 4965 4935
f 4963 4936 4937
f 4963 4964 4936
f 4962 4937 4938
f 4962 4963 4937
f 4961 4938 4939
f 4961 4962 4938
f 4960 4939 4940
f 4960 4961 4939
f 4959 4940 4941
f 4959 4960 4940
f 4958 4941 4942
f 4958 4959 4941
f 4957 4942 4943
f 4957 4958 4942
f 4956 4943 4944
f 4956 4957 4943
f 4955 4944 4945
f 4955 4956 4944
f 4954 4945 4946
f 4954 4955 4945
f 4953 4946 4947
f 4953 4954 4946
f 4952 4947 4948
f 4952 4953 4947
f 4952 4948 4949
f 4951 4952 4949
f 5037 5035 5036
f 4974 4973 4977
f 4974 4977 4979
f 5055 4979 4982
f 5056 4974 4979
f 5055 5056 4979
f 5054 4982 4985
f 5054 5055 4982
f 5053 4985 4988
f 5053 5054 4985
f 5052 4988 4991
f 5052 5053 4988
f 5051 4991 4994
f 5051 5052 4991
f 5050 4994 4997
f 5050 5051 4994
f 5049 4997 5000
f 5049 5050 4997
f 5048 5000 5003
f 5048 5049 5000
f 5047 5003 5006
f 5047 5048 5003
f 5046 5006 5009
f 5046 5047 5006
f 5045 5009 5012
f 5045 5046 5009
f 5044 5012 5015
f 5044 5045 5012
f 5043 5015 5018
f 5043 5044 5015
f 5042 5018 5021
f 5042 5043 5018
f 5041 5021 5024
f 5041 5042 5021
f 5040 5024 5027
f 5040 5041 5024
f 5039 5027 5030
f 5039 5040 5027
f 5038 5030 5033
f 5038 5039 5030
f 5038 5033 5035
f 5037 5038 5035
f 5081 5079 5080
f 5058 5057 5059
f 5058 5059 5060
f 5099 5060 5061
f 5100 5058 5060
f 5099 5100 5060
f 5098 5061 5062
f 5098 5099 5061
f 5097 5062 5063
f 5097 5098 5062
f 5096 5063 5064
f 5096 5097 5063
f 5095 5064 5065
f 5095 5096 5064
f 5094 5065 5066
f 5094 5095 5065
f 5093 5066 5067
f 5093 5094 5066
f 5092 5067 5068
f 5092 5093 5067
f 5091 5068 5069
f 5091 5092 5068
f 5090 5069 5070
f 5090 5091 5069
f 5089 5070 5071
f 5089 5090 5070
f 5088 5071 5072
f 5088 5089 5071
f 5087 5072 5073
f 5087 5088 5072
f 5086 5073 5074
f 5086 5087 5073
f 5085 5074 5075
f 5085 5086 5074
f 5084 5075 5076
f 5084 5085 5075
f 5083 5076 5077
f 5083 5084 5076
f 5082 5077 5078
f 5082 5083 5077
f 5082 5078 5079
f 5081 5082 5079
f 5720 5474 5721
f 5720 5707 5471
f 5765 5501 5766
f 5765 5745 5500
f 5898 5885 5524
f 5898 5525 5899
f 5943 5923 5548
f 5943 5549 5944
f 6076 5612 6077
f 6076 6063 5609
f 6121 6101 5638
f 6121 5639 6122
f 6254 6241 5662
f 6254 5663 6255
f 6299 6279 5686
f 6299 5687 6300
f 6401 6402 6403
f 6404 6403 6402
f 6405 6401 6403
f 6404 6405 6403
f 6406 6407 6402
f 6408 6402 6407
f 6401 6406 6402
f 6409 6404 6402
f 6402 6410 6411
f 6408 6410 6402
f 6412 6413 6407
f 6414 6407 6413
f 6406 6412 6407
f 6414 6408 6407
f 6415 6416 6413
f 6417 6413 6416
f 6412 6415 6413
f 6417 6414 6413
f 6418 6419 6416
f 6420 6416 6419
f 6415 6418 6416
f 6420 6417 6416
f 6421 6422 6419
f 6423 6419 6422
f 6418 6421 6419
f 6424 6420 6419
f 6425 6424 6419
f 6426 6425 6419
f 6423 6427 6419
f 6428 6419 6427
f 6429 6426 6419
f 6430 6429 6419
f 6431 6430 6419
f 6432 6431 6419
f 6428 6432 6419
f 6421 6433 6422
f 6423 6422 6433
f 6421 6434 6433
f 6435 6433 6434
f 6436 6423 6433
f 6435 6436 6433
f 6421 6437 6434
f 6438 6434 6437
f 6438 6435 6434
f 6421 6439 6437
f 6440 6437 6439
f 6440 6438 6437
f 6421 6441 6439
f 6442 6439 6441
f 6442 6440 6439
f 6443 6444 6441
f 6442 6441 6444
f 6421 6443 6441
f 6445 6446 6444
f 6447 6444 6446
f 6443 6445 6444
f 6447 6442 6444
f 6448 6449 6446
f 6450 6446 6449
f 6445 6448 6446
f 6450 6447 6446
f 6451 6452 6449
f 6453 6449 6452
f 6454 6451 6449
f 6448 6454 6449
f 6453 6450 6449
f 6455 6456 6452
f 6457 6452 6456
f 6458 6455 6452
f 6459 6458 6452
f 6451 6459 6452
f 6457 6453 6452
f 6460 6461 6456
f 6462 6456 6461
f 6463 6460 6456
f 6464 6463 6456
f 6465 6464 6456
f 6466 6465 6456
f 6467 6466 6456
f 6468 6467 6456
f 6469 6468 6456
f 6455 6469 6456
f 6462 6457 6456
f 6470 6471 6461
f 6472 6461 6471
f 6460 6470 6461
f 6462 6461 6472
f 6470 6473 6471
f 6474 6471 6473
f 6475 6472 6471
f 6476 6475 6471
f 6474 6476 6471
f 6477 6478 6473
f 6479 6473 6478
f 6470 6477 6473
f 6479 6474 6473
f 6477 6480 6478
f 6481 6478 6480
f 6481 6479 6478
f 6482 6483 6480
f 6484 6480 6483
f 6477 6482 6480
f 6484 6481 6480
f 6482 6485 6483
f 6486 6483 6485
f 6486 6484 6483
f 6487 6485 6482
f 6487 6486 6485
f 6488 6482 6477
f 6488 6487 6482
f 6489 6477 6470
f 6489 6488 6477
f 6490 6470 6460
f 6490 6489 6470
f 6491 6460 6463
f 6491 6490 6460
f 6492 6463 6464
f 6492 6491 6463
f 6493 6464 6465
f 6493 6492 6464
f 6493 6465 6466
f 6494 6466 6467
f 6493 6466 6494
f 6495 6467 6468
f 6496 6494 6467
f 6497 6498 6499
f 6495 6496 6467
f 6500 6468 6469
f 6500 6495 6468
f 6501 6469 6455
f 6500 6469 6501
f 6502 6455 6458
f 6503 6455 6502
f 6504 6455 6503
f 6455 6504 6505
f 6506 6458 6459
f 6502 6458 6506
f 6507 6459 6451
f 6506 6459 6507
f 6508 6451 6454
f 6507 6451 6508
f 6509 6454 6448
f 6508 6454 6509
f 6510 6448 6445
f 6509 6448 6510
f 6511 6445 6443
f 6510 6445 6511
f 6512 6443 6421
f 6511 6443 6512
f 6513 6421 6418
f 6514 6421 6513
f 6512 6421 6514
f 6513 6418 6415
f 6515 6415 6412
f 6516 6513 6415
f 6515 6516 6415
f 6517 6412 6406
f 6517 6515 6412
f 6518 6406 6401
f 6518 6517 6406
f 6405 6519 6401
f 6520 6401 6519
f 6520 6518 6401
f 6521 6522 6519
f 6523 6519 6522
f 6524 6521 6519
f 6525 6524 6519
f 6405 6525 6519
f 6523 6520 6519
f 6526 6527 6522
f 6528 6522 6527
f 6521 6526 6522
f 6528 6523 6522
f 6526 6529 6527
f 6530 6527 6529
f 6530 6528 6527
f 6526 6531 6529
f 6532 6529 6531
f 6530 6529 6532
f 6526 6533 6531
f 6534 6531 6533
f 6534 6532 6531
f 6535 6536 6533
f 6537 6533 6536
f 6526 6535 6533
f 6534 6533 6532
f 6538 6532 6533
f 6538 6533 6539
f 6537 6539 6533
f 6535 6540 6536
f 6541 6536 6540
f 6541 6537 6536
f 6535 6542 6540
f 6543 6540 6542
f 6543 6541 6540
f 6544 6545 6542
f 6546 6542 6545
f 6535 6544 6542
f 6546 6543 6542
f 6544 6547 6545
f 6548 6545 6547
f 6548 6546 6545
f 6549 6550 6547
f 6551 6547 6550
f 6544 6549 6547
f 6551 6548 6547
f 6552 6553 6550
f 6554 6550 6553
f 6549 6552 6550
f 6554 6551 6550
f 6555 6556 6553
f 6557 6553 6556
f 6552 6555 6553
f 6557 6554 6553
f 6558 6559 6556
f 6560 6556 6559
f 6561 6558 6556
f 6562 6561 6556
f 6563 6562 6556
f 6564 6563 6556
f 6565 6564 6556
f 6555 6565 6556
f 6566 6557 6556
f 6560 6566 6556
f 6567 6568 6559
f 6560 6559 6568
f 6558 6567 6559
f 6569 6570 6568
f 6571 6568 6570
f 6567 6569 6568
f 6572 6568 6571
f 6560 6568 6572
f 6573 6574 6570
f 6575 6570 6574
f 6569 6573 6570
f 6571 6570 6575
f 6576 6577 6574
f 6578 6574 6577
f 6573 6576 6574
f 6575 6574 6578
f 6579 6580 6577
f 6581 6577 6580
f 6582 6579 6577
f 6576 6582 6577
f 6578 6577 6581
f 6583 6584 6580
f 6585 6580 6584
f 6586 6583 6580
f 6587 6586 6580
f 6579 6587 6580
f 6581 6580 6585
f 6588 6589 6584
f 6590 6584 6589
f 6583 6588 6584
f 6585 6584 6590
f 6588 6591 6589
f 6592 6589 6591
f 6590 6589 6592
f 6588 6593 6591
f 6594 6591 6593
f 6594 6592 6591
f 6588 6595 6593
f 6596 6593 6595
f 6596 6594 6593
f 6597 6598 6595
f 6599 6595 6598
f 6588 6597 6595
f 6600 6595 6599
f 6601 6595 6600
f 6596 6595 6594
f 6601 6594 6595
f 6597 6602 6598
f 6603 6598 6602
f 6599 6598 6603
f 6597 6604 6602
f 6605 6602 6604
f 6603 6602 6605
f 6606 6607 6604
f 6608 6604 6607
f 6597 6606 6604
f 6605 6604 6608
f 6606 6609 6607
f 6610 6607 6609
f 6608 6607 6610
f 6611 6612 6609
f 6613 6609 6612
f 6606 6611 6609
f 6610 6609 6613
f 6614 6615 6612
f 6616 6612 6615
f 6611 6614 6612
f 6613 6612 6616
f 6617 6618 6615
f 6619 6615 6618
f 6614 6617 6615
f 6616 6615 6619
f 6620 6621 6618
f 6622 6618 6621
f 6623 6620 6618
f 6624 6623 6618
f 6625 6624 6618
f 6626 6625 6618
f 6627 6626 6618
f 6617 6627 6618
f 6619 6618 6628
f 6629 6628 6618
f 6630 6618 6622
f 6631 6632 6618
f 6633 6618 6632
f 6634 6618 6630
f 6635 6618 6634
f 6636 6618 6635
f 6637 6618 6636
f 6638 6618 6637
f 6639 6618 6638
f 6631 6618 6639
f 6640 6629 6618
f 6633 6640 6618
f 6641 6642 6621
f 6622 6621 6642
f 6620 6641 6621
f 6641 6643 6642
f 6644 6642 6643
f 6645 6622 6642
f 6644 6645 6642
f 6646 6647 6643
f 6648 6643 6647
f 6641 6646 6643
f 6649 6644 6643
f 6648 6649 6643
f 6650 6651 6647
f 6652 6647 6651
f 6646 6650 6647
f 6653 6648 6647
f 6654 6653 6647
f 6652 6654 6647
f 6655 6656 6651
f 6657 6651 6656
f 6650 6655 6651
f 6658 6651 6657
f 6659 6651 6658
f 6660 6652 6651
f 6661 6660 6651
f 6659 6661 6651
f 6662 6663 6656
f 6664 6656 6663
f 6655 6662 6656
f 6657 6656 6664
f 6665 6666 6663
f 6667 6663 6666
f 6662 6665 6663
f 6664 6663 6667
f 6668 6669 6666
f 6670 6666 6669
f 6671 6668 6666
f 6665 6671 6666
f 6667 6666 6670
f 6668 6672 6669
f 6673 6669 6672
f 6674 6669 6673
f 6670 6669 6674
f 6675 6672 6668
f 6673 6672 6675
f 6675 6668 6671
f 6676 6671 6665
f 6675 6671 6676
f 6677 6665 6662
f 6676 6665 6677
f 6678 6662 6655
f 6677 6662 6678
f 6679 6655 6650
f 6678 6655 6680
f 6681 6680 6655
f 6679 6681 6655
f 6682 6650 6646
f 6683 6650 6682
f 6684 6650 6683
f 6685 6650 6684
f 6679 6650 6685
f 6686 6646 6641
f 6687 6646 6686
f 6688 6646 6687
f 6682 6646 6688
f 6689 6641 6620
f 6690 6641 6689
f 6686 6641 6690
f 6691 6620 6623
f 6692 6620 6691
f 6693 6620 6692
f 6689 6620 6693
f 6691 6623 6624
f 6694 6624 6625
f 6695 6691 6624
f 6694 6695 6624
f 6696 6625 6626
f 6696 6694 6625
f 6697 6626 6627
f 6697 6696 6626
f 6698 6627 6617
f 6698 6697 6627
f 6698 6617 6614
f 6699 6614 6611
f 6699 6698 6614
f 6700 6611 6606
f 6700 6699 6611
f 6701 6606 6597
f 6701 6700 6606
f 6702 6597 6588
f 6702 6701 6597
f 6703 6588 6583
f 6703 6702 6588
f 6704 6583 6586
f 6704 6705 6583
f 6703 6583 6705
f 6706 6586 6587
f 6706 6704 6586
f 6707 6587 6579
f 6707 6706 6587
f 6708 6579 6582
f 6708 6709 6579
f 6707 6579 6709
f 6708 6582 6576
f 6710 6576 6573
f 6711 6576 6710
f 6576 6711 6712
f 6713 6709 6576
f 6708 6576 6709
f 6714 6573 6569
f 6710 6573 6714
f 6715 6569 6567
f 6714 6569 6715
f 6716 6567 6558
f 6715 6567 6716
f 6717 6558 6561
f 6718 6558 6717
f 6719 6720 6558
f 6716 6558 6720
f 6721 6719 6558
f 6722 6721 6558
f 6723 6722 6558
f 6724 6723 6558
f 6725 6724 6558
f 6726 6725 6558
f 6718 6726 6558
f 6717 6561 6562
f 6727 6562 6563
f 6728 6562 6727
f 6717 6562 6728
f 6729 6563 6564
f 6727 6563 6729
f 6730 6564 6565
f 6729 6564 6730
f 6731 6565 6555
f 6730 6565 6731
f 6731 6555 6552
f 6732 6552 6549
f 6731 6552 6732
f 6733 6549 6544
f 6732 6549 6733
f 6734 6544 6535
f 6733 6544 6734
f 6735 6535 6526
f 6734 6535 6735
f 6736 6526 6521
f 6735 6526 6736
f 6737 6521 6524
f 6737 6738 6521
f 6736 6521 6738
f 6739 6524 6525
f 6739 6737 6524
f 6740 6525 6405
f 6740 6739 6525
f 6404 6740 6405
f 6737 6741 6738
f 6736 6738 6741
f 6742 6741 6737
f 6743 6736 6741
f 6742 6743 6741
f 6744 6737 6739
f 6744 6742 6737
f 6744 6739 6740
f 6745 6740 6404
f 6745 6744 6740
f 6746 6747 6404
f 6745 6404 6747
f 6409 6746 6404
f 6746 6748 6747
f 6749 6747 6748
f 6749 6745 6747
f 6750 6751 6748
f 6752 6748 6751
f 6746 6750 6748
f 6752 6749 6748
f 6753 6754 6751
f 6755 6751 6754
f 6750 6753 6751
f 6755 6752 6751
f 6756 6757 6754
f 6758 6754 6757
f 6759 6756 6754
f 6753 6759 6754
f 6760 6755 6754
f 6758 6760 6754
f 6761 6762 6757
f 6756 6757 6762
f 6756 6761 6757
f 6763 6757 6756
f 6763 6758 6757
f 6756 6762 6761
f 6764 6538 6532
f 6764 6765 6766
f 6767 6538 6764
f 6532 6765 6764
f 6532 6767 6766
f 6538 6530 6532
f 6767 6532 6538
f 6424 6513 6516
f 6425 6513 6424
f 6768 6514 6513
f 6769 6768 6513
f 6770 6769 6513
f 6771 6770 6513
f 6772 6771 6513
f 6425 6772 6513
f 6417 6516 6515
f 6420 6516 6417
f 6424 6516 6420
f 6414 6515 6517
f 6417 6515 6414
f 6408 6517 6518
f 6414 6517 6408
f 6410 6518 6520
f 6408 6518 6410
f 6773 6520 6523
f 6774 6410 6520
f 6773 6774 6520
f 6775 6523 6528
f 6776 6523 6775
f 6776 6773 6523
f 6775 6528 6530
f 6538 6539 6530
f 6775 6530 6539
f 6777 6539 6537
f 6775 6539 6777
f 6763 6756 6759
f 6778 6759 6753
f 6763 6759 6778
f 6779 6753 6750
f 6780 6753 6779
f 6778 6753 6780
f 6781 6750 6746
f 6779 6750 6781
f 6781 6746 6409
f 6411 6409 6402
f 6774 6409 6411
f 6781 6409 6782
f 6783 6782 6409
f 6774 6783 6409
f 6774 6411 6410
f 6784 6735 6736
f 6785 6784 6736
f 6743 6785 6736
f 6786 6734 6735
f 6784 6786 6735
f 6787 6733 6734
f 6788 6787 6734
f 6786 6788 6734
f 6789 6732 6733
f 6790 6789 6733
f 6787 6790 6733
f 6791 6731 6732
f 6792 6791 6732
f 6789 6792 6732
f 6793 6730 6731
f 6791 6793 6731
f 6794 6729 6730
f 6793 6794 6730
f 6795 6727 6729
f 6794 6795 6729
f 6796 6728 6727
f 6795 6796 6727
f 6797 6717 6728
f 6796 6797 6728
f 6718 6717 6797
f 6718 6797 6796
f 6718 6796 6795
f 6718 6795 6794
f 6718 6794 6793
f 6718 6793 6791
f 6718 6791 6792
f 6798 6792 6789
f 6798 6718 6792
f 6799 6789 6790
f 6799 6798 6789
f 6800 6790 6787
f 6800 6799 6790
f 6801 6787 6788
f 6801 6800 6787
f 6802 6788 6786
f 6802 6801 6788
f 6803 6786 6784
f 6803 6802 6786
f 6804 6784 6785
f 6804 6803 6784
f 6805 6785 6743
f 6805 6804 6785
f 6806 6743 6742
f 6806 6805 6743
f 6807 6742 6744
f 6807 6806 6742
f 6808 6744 6745
f 6808 6807 6744
f 6782 6745 6749
f 6782 6808 6745
f 6781 6749 6752
f 6781 6782 6749
f 6779 6752 6755
f 6779 6781 6752
f 6780 6755 6760
f 6780 6779 6755
f 6778 6760 6758
f 6778 6780 6760
f 6763 6778 6758
f 6560 6720 6719
f 6572 6716 6720
f 6560 6572 6720
f 6809 6719 6721
f 6810 6719 6809
f 6560 6719 6810
f 6809 6721 6722
f 6809 6722 6723
f 6811 6723 6724
f 6811 6809 6723
f 6812 6724 6725
f 6812 6811 6724
f 6813 6725 6726
f 6813 6812 6725
f 6814 6726 6718
f 6814 6813 6726
f 6814 6718 6798
f 6815 6798 6799
f 6815 6814 6798
f 6815 6799 6800
f 6816 6800 6801
f 6816 6815 6800
f 6816 6801 6802
f 6817 6802 6803
f 6817 6816 6802
f 6818 6803 6804
f 6818 6817 6803
f 6818 6804 6805
f 6819 6805 6806
f 6819 6818 6805
f 6819 6806 6807
f 6820 6807 6808
f 6820 6819 6807
f 6821 6808 6782
f 6822 6820 6808
f 6821 6822 6808
f 6783 6821 6782
f 6777 6537 6541
f 6777 6541 6543
f 6823 6543 6546
f 6777 6543 6823
f 6823 6546 6548
f 6824 6548 6551
f 6823 6548 6824
f 6825 6551 6554
f 6824 6551 6825
f 6826 6554 6557
f 6825 6554 6826
f 6826 6557 6566
f 6826 6566 6827
f 6560 6827 6566
f 6810 6809 6811
f 6828 6811 6812
f 6828 6810 6811
f 6829 6812 6813
f 6829 6828 6812
f 6830 6813 6814
f 6830 6829 6813
f 6827 6814 6815
f 6827 6830 6814
f 6825 6815 6816
f 6826 6827 6815
f 6825 6826 6815
f 6824 6816 6817
f 6824 6825 6816
f 6823 6817 6818
f 6823 6824 6817
f 6777 6818 6819
f 6777 6823 6818
f 6819 6820 6831
f 6775 6777 6819
f 6776 6820 6822
f 6831 6775 6819
f 6776 6831 6820
f 6773 6822 6821
f 6776 6822 6773
f 6773 6821 6783
f 6773 6783 6774
f 6560 6810 6828
f 6560 6828 6829
f 6560 6829 6830
f 6560 6830 6827
f 6776 6775 6831
f 6832 6512 6514
f 6768 6832 6514
f 6832 6511 6512
f 6833 6510 6511
f 6832 6833 6511
f 6834 6509 6510
f 6833 6834 6510
f 6835 6508 6509
f 6834 6835 6509
f 6835 6507 6508
f 6836 6506 6507
f 6835 6836 6507
f 6836 6502 6506
f 6836 6503 6502
f 6836 6837 6503
f 6504 6503 6837
f 6838 6839 6837
f 6840 6837 6839
f 6836 6838 6837
f 6841 6837 6840
f 6842 6837 6841
f 6504 6837 6842
f 6838 6843 6839
f 6844 6839 6843
f 6844 6840 6839
f 6838 6845 6843
f 6846 6843 6845
f 6846 6844 6843
f 6838 6847 6845
f 6848 6845 6847
f 6849 6845 6848
f 6846 6845 6849
f 6838 6850 6847
f 6851 6847 6850
f 6848 6847 6851
f 6838 6852 6850
f 6853 6850 6852
f 6854 6850 6853
f 6851 6850 6854
f 6855 6856 6852
f 6857 6852 6856
f 6838 6855 6852
f 6853 6852 6857
f 6858 6859 6856
f 6860 6856 6859
f 6861 6858 6856
f 6855 6861 6856
f 6857 6856 6860
f 6862 6863 6859
f 6860 6859 6863
f 6858 6862 6859
f 6864 6865 6863
f 6866 6863 6865
f 6862 6864 6863
f 6860 6863 6866
f 6867 6865 6864
f 6866 6865 6867
f 6868 6864 6862
f 6867 6864 6868
f 6869 6862 6858
f 6868 6862 6869
f 6870 6858 6861
f 6869 6858 6870
f 6871 6861 6855
f 6870 6861 6871
f 6872 6855 6838
f 6871 6855 6872
f 6873 6838 6836
f 6874 6838 6873
f 6872 6838 6874
f 6873 6875 6874
f 6876 6836 6835
f 6876 6873 6836
f 6877 6835 6834
f 6877 6876 6835
f 6878 6834 6833
f 6878 6877 6834
f 6879 6833 6832
f 6879 6878 6833
f 6879 6832 6768
f 6880 6768 6769
f 6880 6879 6768
f 6881 6769 6770
f 6881 6880 6769
f 6882 6770 6771
f 6882 6881 6770
f 6883 6771 6772
f 6883 6882 6771
f 6884 6772 6425
f 6884 6883 6772
f 6884 6425 6426
f 6572 6715 6716
f 6571 6714 6715
f 6572 6571 6715
f 6575 6710 6714
f 6571 6575 6714
f 6578 6711 6710
f 6575 6578 6710
f 6581 6885 6711
f 6712 6711 6885
f 6578 6581 6711
f 6712 6713 6576
f 6581 6886 6885
f 6887 6885 6886
f 6712 6885 6713
f 6887 6713 6885
f 6585 6888 6886
f 6889 6886 6888
f 6581 6585 6886
f 6890 6886 6889
f 6887 6886 6890
f 6585 6891 6888
f 6892 6888 6891
f 6889 6888 6893
f 6892 6893 6888
f 6600 6894 6891
f 6895 6891 6894
f 6592 6600 6891
f 6590 6592 6891
f 6585 6590 6891
f 6895 6893 6892
f 6892 6891 6895
f 6605 6896 6894
f 6897 6894 6896
f 6603 6605 6894
f 6599 6603 6894
f 6600 6599 6894
f 6895 6894 6897
f 6610 6898 6896
f 6899 6896 6898
f 6608 6610 6896
f 6605 6608 6896
f 6897 6896 6899
f 6613 6900 6898
f 6901 6898 6900
f 6610 6613 6898
f 6899 6898 6901
f 6616 6902 6900
f 6903 6900 6902
f 6613 6616 6900
f 6901 6900 6903
f 6628 6904 6902
f 6903 6902 6904
f 6619 6628 6902
f 6616 6619 6902
f 6905 6906 6904
f 6907 6904 6906
f 6628 6905 6904
f 6903 6904 6907
f 6905 6908 6906
f 6909 6906 6908
f 6907 6906 6909
f 6905 6910 6908
f 6911 6908 6910
f 6909 6908 6911
f 6905 6912 6910
f 6913 6910 6912
f 6911 6910 6913
f 6905 6914 6912
f 6915 6912 6914
f 6913 6912 6915
f 6905 6916 6914
f 6917 6914 6916
f 6918 6914 6917
f 6915 6914 6918
f 6919 6920 6916
f 6917 6916 6920
f 6905 6919 6916
f 6919 6921 6920
f 6922 6920 6921
f 6923 6917 6920
f 6922 6923 6920
f 6924 6925 6921
f 6926 6921 6925
f 6919 6924 6921
f 6927 6922 6921
f 6926 6927 6921
f 6928 6680 6925
f 6929 6925 6680
f 6924 6928 6925
f 6930 6926 6925
f 6931 6930 6925
f 6929 6931 6925
f 6657 6678 6680
f 6928 6657 6680
f 6932 6680 6681
f 6933 6929 6680
f 6934 6933 6680
f 6932 6934 6680
f 6664 6677 6678
f 6657 6664 6678
f 6667 6676 6677
f 6664 6667 6677
f 6674 6675 6676
f 6670 6674 6676
f 6667 6670 6676
f 6674 6673 6675
f 6935 6657 6928
f 6935 6658 6657
f 6936 6928 6924
f 6937 6935 6928
f 6938 6937 6928
f 6939 6938 6928
f 6936 6939 6928
f 6940 6924 6919
f 6941 6936 6924
f 6940 6941 6924
f 6942 6919 6905
f 6943 6940 6919
f 6942 6943 6919
f 6944 6905 6628
f 6945 6942 6905
f 6946 6945 6905
f 6947 6946 6905
f 6948 6947 6905
f 6949 6948 6905
f 6950 6949 6905
f 6944 6950 6905
f 6629 6944 6628
f 6601 6600 6592
f 6601 6592 6594
f 6505 6501 6455
f 6500 6501 6505
f 6504 6842 6505
f 6842 6951 6505
f 6500 6505 6951
f 6840 6952 6951
f 6500 6951 6952
f 6841 6840 6951
f 6842 6841 6951
f 6953 6954 6952
f 6495 6952 6954
f 6840 6953 6952
f 6500 6952 6495
f 6955 6956 6954
f 6491 6954 6956
f 6953 6955 6954
f 6957 6958 6497
f 6493 6496 6954
f 6495 6954 6496
f 6492 6954 6491
f 6493 6954 6492
f 6959 6960 6956
f 6489 6956 6960
f 6955 6959 6956
f 6490 6956 6489
f 6491 6956 6490
f 6961 6962 6960
f 6487 6960 6962
f 6959 6961 6960
f 6488 6960 6487
f 6489 6960 6488
f 6963 6964 6962
f 6486 6962 6964
f 6961 6963 6962
f 6487 6962 6486
f 6965 6966 6964
f 6484 6964 6966
f 6963 6965 6964
f 6486 6964 6484
f 6967 6968 6966
f 6479 6966 6968
f 6965 6967 6966
f 6481 6966 6479
f 6484 6966 6481
f 6969 6970 6968
f 6476 6968 6970
f 6967 6969 6968
f 6474 6968 6476
f 6479 6968 6474
f 6971 6972 6970
f 6475 6970 6972
f 6969 6971 6970
f 6476 6970 6475
f 6973 6974 6972
f 6462 6972 6974
f 6971 6973 6972
f 6462 6475 6972
f 6975 6976 6974
f 6462 6974 6976
f 6973 6975 6974
f 6977 6978 6976
f 6457 6976 6978
f 6975 6977 6976
f 6462 6976 6457
f 6979 6980 6978
f 6453 6978 6980
f 6977 6979 6978
f 6457 6978 6453
f 6981 6982 6980
f 6453 6980 6982
f 6979 6981 6980
f 6983 6984 6982
f 6450 6982 6984
f 6981 6983 6982
f 6453 6982 6450
f 6985 6986 6984
f 6450 6984 6986
f 6983 6985 6984
f 6987 6988 6986
f 6447 6986 6988
f 6985 6987 6986
f 6450 6986 6447
f 6427 6989 6988
f 6447 6988 6989
f 6987 6427 6988
f 6990 6989 6427
f 6447 6989 6442
f 6990 6442 6989
f 6880 6427 6987
f 6991 6427 6423
f 6992 6427 6991
f 6993 6427 6992
f 6994 6427 6993
f 6990 6427 6994
f 6880 6428 6427
f 6879 6987 6985
f 6880 6987 6879
f 6879 6985 6983
f 6878 6983 6981
f 6879 6983 6878
f 6878 6981 6979
f 6877 6979 6977
f 6878 6979 6877
f 6876 6977 6975
f 6877 6977 6876
f 6876 6975 6973
f 6873 6973 6971
f 6876 6973 6873
f 6873 6971 6969
f 6875 6969 6967
f 6873 6969 6875
f 6871 6967 6965
f 6872 6875 6967
f 6871 6872 6967
f 6869 6965 6963
f 6870 6871 6965
f 6869 6870 6965
f 6867 6963 6961
f 6868 6869 6963
f 6867 6868 6963
f 6866 6961 6959
f 6866 6867 6961
f 6860 6959 6955
f 6860 6866 6959
f 6853 6955 6953
f 6857 6860 6955
f 6853 6857 6955
f 6849 6953 6840
f 6854 6853 6953
f 6851 6854 6953
f 6849 6851 6953
f 6844 6849 6840
f 6493 6494 6496
f 6462 6472 6475
f 6991 6423 6436
f 6992 6436 6435
f 6992 6991 6436
f 6993 6435 6438
f 6993 6992 6435
f 6994 6438 6440
f 6994 6993 6438
f 6990 6440 6442
f 6990 6994 6440
f 6884 6426 6429
f 6884 6429 6430
f 6883 6430 6431
f 6884 6430 6883
f 6882 6431 6432
f 6883 6431 6882
f 6881 6432 6428
f 6882 6432 6881
f 6881 6428 6880
f 6872 6874 6875
f 6849 6848 6851
f 6846 6849 6844
f 6995 6996 6709
f 6997 6709 6996
f 6713 6995 6709
f 6997 6707 6709
f 6995 6998 6996
f 6999 6996 6998
f 6999 6997 6996
f 7000 7001 6998
f 7002 6998 7001
f 6995 7000 6998
f 7002 6999 6998
f 7003 7004 7001
f 7005 7001 7004
f 7000 7003 7001
f 7005 7002 7001
f 7006 7007 7004
f 7008 7004 7007
f 7009 7006 7004
f 7003 7009 7004
f 7010 7005 7004
f 7008 7010 7004
f 7011 7012 7007
f 7006 7007 7012
f 7006 7011 7007
f 7013 7007 7006
f 7013 7008 7007
f 7006 7012 7011
f 7014 6601 6594
f 7014 7015 7016
f 7017 6601 7014
f 6594 7015 7014
f 6594 7017 7016
f 7017 6594 6601
f 7013 7006 7009
f 7018 7009 7003
f 7013 7009 7018
f 7019 7003 7000
f 7020 7003 7019
f 7018 7003 7020
f 7021 7000 6995
f 7019 7000 7021
f 7021 6995 6713
f 7021 6713 7022
f 6887 7022 6713
f 6704 7023 6705
f 6703 6705 7023
f 7024 7023 6704
f 7025 6703 7023
f 7024 7025 7023
f 7026 6704 6706
f 7026 7024 6704
f 7026 6706 6707
f 6997 7026 6707
f 7027 6691 6695
f 6692 6691 7027
f 7028 6695 6694
f 7028 7027 6695
f 7029 6694 6696
f 7029 7028 6694
f 7030 6696 6697
f 7030 7029 6696
f 7031 6697 6698
f 7031 7030 6697
f 7032 6698 6699
f 7032 7031 6698
f 7033 6699 6700
f 7034 7032 6699
f 7033 7034 6699
f 7035 6700 6701
f 7036 7033 6700
f 7035 7036 6700
f 7037 6701 6702
f 7038 7035 6701
f 7037 7038 6701
f 7039 6702 6703
f 7039 7037 6702
f 7040 7039 6703
f 7025 7040 6703
f 6692 7027 7028
f 6692 7028 7029
f 6692 7029 7030
f 6692 7030 7031
f 6692 7031 7032
f 7041 7032 7034
f 7042 6692 7032
f 7043 7042 7032
f 7044 7043 7032
f 7045 7044 7032
f 7046 7045 7032
f 7041 7046 7032
f 7047 7034 7033
f 7047 7041 7034
f 7048 7033 7036
f 7048 7047 7033
f 7049 7036 7035
f 7049 7048 7036
f 7050 7035 7038
f 7050 7049 7035
f 7051 7038 7037
f 7051 7050 7038
f 7052 7037 7039
f 7052 7051 7037
f 7053 7039 7040
f 7053 7052 7039
f 7054 7040 7025
f 7054 7053 7040
f 7055 7025 7024
f 7055 7054 7025
f 7056 7024 7026
f 7056 7055 7024
f 7057 7026 6997
f 7057 7056 7026
f 7022 6997 6999
f 7022 7057 6997
f 7021 6999 7002
f 7021 7022 6999
f 7019 7002 7005
f 7019 7021 7002
f 7020 7005 7010
f 7020 7019 7005
f 7018 7010 7008
f 7018 7020 7010
f 7013 7018 7008
f 7058 6692 7042
f 7058 7059 6692
f 6693 6692 7059
f 7060 7042 7043
f 7060 7058 7042
f 7061 7043 7044
f 7061 7060 7043
f 7062 7044 7045
f 7062 7061 7044
f 7063 7045 7046
f 7063 7062 7045
f 7041 7064 7046
f 7065 7046 7064
f 7065 7063 7046
f 7041 7066 7064
f 7067 7064 7066
f 7067 7065 7064
f 7041 7068 7066
f 7069 7066 7068
f 7069 7067 7066
f 7041 7070 7068
f 7071 7068 7070
f 7071 7069 7068
f 7041 7072 7070
f 7073 7070 7072
f 7073 7071 7070
f 7041 7074 7072
f 7075 7072 7074
f 7075 7073 7072
f 7041 7076 7074
f 7077 7074 7076
f 7077 7075 7074
f 7041 7078 7076
f 7079 7076 7078
f 7079 7077 7076
f 7041 7080 7078
f 7081 7078 7080
f 7081 7079 7078
f 7041 7082 7080
f 7083 7080 7082
f 7083 7081 7080
f 7041 7084 7082
f 7085 7082 7084
f 7085 7083 7082
f 7041 7086 7084
f 6958 7084 7086
f 6958 7085 7084
f 7041 6917 7086
f 6498 7086 6917
f 6498 6958 7086
f 7087 6918 6917
f 7088 7087 6917
f 7089 7088 6917
f 7090 7089 6917
f 7091 7090 6917
f 7041 7091 6917
f 6499 6917 6923
f 6499 6498 6917
f 6915 6918 7087
f 6915 7087 7088
f 6913 7088 7089
f 6913 6915 7088
f 6911 7089 7090
f 6911 6913 7089
f 6909 7090 7091
f 6909 6911 7090
f 6907 7091 7041
f 6907 6909 7091
f 6907 7041 7047
f 6679 7092 6681
f 7093 6681 7092
f 7093 6932 6681
f 7073 7092 7094
f 6679 7094 7092
f 7075 7092 7073
f 7093 7092 7075
f 7069 7094 7095
f 6685 7095 7094
f 7071 7094 7069
f 7073 7094 7071
f 6679 6685 7094
f 7067 7095 7096
f 6683 7096 7095
f 7069 7095 7067
f 6684 6683 7095
f 6685 6684 7095
f 7065 7096 7097
f 6682 7097 7096
f 7067 7096 7065
f 6683 6682 7096
f 7063 7097 7098
f 6688 7098 7097
f 7065 7097 7063
f 6682 6688 7097
f 7062 7098 7099
f 6686 7099 7098
f 7063 7098 7062
f 6687 6686 7098
f 6688 6687 7098
f 7061 7099 7100
f 6690 7100 7099
f 7062 7099 7061
f 6686 6690 7099
f 7060 7100 7059
f 6689 7059 7100
f 7061 7100 7060
f 6690 6689 7100
f 7060 7059 7058
f 6689 6693 7059
f 7101 6658 6935
f 7102 6659 6658
f 7101 7102 6658
f 7103 6935 6937
f 7103 7101 6935
f 7104 6937 6938
f 7104 7103 6937
f 7105 6938 6939
f 7105 7104 6938
f 7106 6939 6936
f 7106 7105 6939
f 7106 6936 6941
f 7107 6941 6940
f 7107 7106 6941
f 7108 6940 6943
f 7108 7107 6940
f 7109 6943 6942
f 7109 7108 6943
f 7110 6942 6945
f 7110 7109 6942
f 7110 6945 6946
f 7111 6946 6947
f 7111 7110 6946
f 6497 6923 6922
f 6497 6499 6923
f 6957 6922 6927
f 6957 6497 6922
f 7112 6927 6926
f 7112 6957 6927
f 7113 6926 6930
f 7113 7112 6926
f 7114 6930 6931
f 7114 7113 6930
f 7114 6931 6929
f 7115 6929 6933
f 7115 7114 6929
f 7116 6933 6934
f 7116 7115 6933
f 7093 6934 6932
f 7093 7116 6934
f 7117 6622 6645
f 7117 7118 6622
f 6630 6622 7118
f 7119 6645 6644
f 7119 7117 6645
f 7120 6644 6649
f 7120 7119 6644
f 7121 6649 6648
f 7121 7120 6649
f 7122 6648 6653
f 7122 7121 6648
f 7123 6653 6654
f 7123 7122 6653
f 7123 6654 6652
f 7124 6652 6660
f 7124 7123 6652
f 7125 6660 6661
f 7125 7124 6660
f 7102 6661 6659
f 7102 7125 6661
f 6631 7126 6632
f 7127 6632 7126
f 7127 6633 6632
f 7101 7126 7128
f 6631 7128 7126
f 7103 7126 7101
f 7127 7126 7103
f 7125 7128 7129
f 6639 7129 7128
f 7102 7128 7125
f 7101 7128 7102
f 6631 6639 7128
f 7124 7129 7130
f 6638 7130 7129
f 7125 7129 7124
f 6639 6638 7129
f 7123 7130 7131
f 6637 7131 7130
f 7124 7130 7123
f 6638 6637 7130
f 7122 7131 7132
f 6636 7132 7131
f 7123 7131 7122
f 6637 6636 7131
f 7121 7132 7133
f 6635 7133 7132
f 7122 7132 7121
f 6636 6635 7132
f 7120 7133 7134
f 6634 7134 7133
f 7121 7133 7120
f 6635 6634 7133
f 7119 7134 7118
f 6630 7118 7134
f 7120 7134 7119
f 6634 6630 7134
f 7119 7118 7117
f 7135 6947 6948
f 7135 7111 6947
f 7136 6948 6949
f 7136 7135 6948
f 7137 6949 6950
f 7137 7136 6949
f 7138 6950 6944
f 7138 7137 6950
f 7139 6944 6629
f 7139 7138 6944
f 7140 6629 6640
f 7140 7139 6629
f 7141 6640 6633
f 7141 7140 6640
f 7127 7141 6633
f 6903 7047 7048
f 6903 6907 7047
f 6903 7048 7049
f 6901 7049 7050
f 6901 6903 7049
f 6901 7050 7051
f 6899 7051 7052
f 6899 6901 7051
f 6897 7052 7053
f 6897 6899 7052
f 6897 7053 7054
f 6895 7054 7055
f 6895 6897 7054
f 6895 7055 7056
f 6893 7056 7057
f 6893 6895 7056
f 6890 7057 7022
f 6889 6893 7057
f 6890 6889 7057
f 6887 6890 7022
f 7141 7103 7104
f 7127 7103 7141
f 7140 7104 7105
f 7141 7104 7140
f 7139 7105 7106
f 7140 7105 7139
f 7138 7106 7107
f 7139 7106 7138
f 7137 7107 7108
f 7138 7107 7137
f 7136 7108 7109
f 7137 7108 7136
f 7135 7109 7110
f 7136 7109 7135
f 7135 7110 7111
f 7116 7075 7077
f 7093 7075 7116
f 7115 7077 7079
f 7116 7077 7115
f 7114 7079 7081
f 7115 7079 7114
f 7113 7081 7083
f 7114 7081 7113
f 7112 7083 7085
f 7113 7083 7112
f 6957 7085 6958
f 7112 7085 6957
f 6497 6958 6498
f 6766 6765 6532
f 6766 6767 6764
f 7016 7017 7014
f 7016 7015 6594
f 7142 7143 7144
f 7145 7144 7143
f 7146 7142 7144
f 7147 7146 7144
f 7145 7147 7144
f 7142 7148 7143
f 7149 7143 7148
f 7145 7143 7150
f 7151 7150 7143
f 7149 7151 7143
f 7142 7152 7148
f 7153 7148 7152
f 7153 7149 7148
f 7154 7155 7152
f 7156 7152 7155
f 7142 7154 7152
f 7156 7153 7152
f 7154 7157 7155
f 7158 7155 7157
f 7158 7156 7155
f 7154 7159 7157
f 7160 7157 7159
f 7161 7158 7157
f 7162 7161 7157
f 7160 7162 7157
f 7154 7163 7159
f 7164 7159 7163
f 7164 7160 7159
f 7154 7165 7163
f 7166 7163 7165
f 7166 7164 7163
f 7167 7168 7165
f 7169 7165 7168
f 7154 7167 7165
f 7169 7166 7165
f 7170 7171 7168
f 7172 7168 7171
f 7167 7170 7168
f 7172 7169 7168
f 7173 7174 7171
f 7175 7171 7174
f 7170 7173 7171
f 7175 7172 7171
f 7173 7176 7174
f 7177 7174 7176
f 7177 7175 7174
f 7178 7179 7176
f 7180 7176 7179
f 7181 7178 7176
f 7182 7181 7176
f 7183 7182 7176
f 7184 7183 7176
f 7185 7184 7176
f 7186 7185 7176
f 7173 7186 7176
f 7187 7177 7176
f 7180 7187 7176
f 7188 7189 7179
f 7180 7179 7189
f 7178 7188 7179
f 7190 7191 7189
f 7192 7189 7191
f 7188 7190 7189
f 7193 7180 7189
f 7192 7193 7189
f 7194 7195 7191
f 7196 7191 7195
f 7190 7194 7191
f 7196 7192 7191
f 7197 7198 7195
f 7199 7195 7198
f 7194 7197 7195
f 7199 7196 7195
f 7200 7201 7198
f 7202 7198 7201
f 7197 7200 7198
f 7202 7199 7198
f 7203 7204 7201
f 7202 7201 7204
f 7200 7203 7201
f 7203 7205 7204
f 7206 7204 7205
f 7206 7202 7204
f 7207 7208 7205
f 7206 7205 7208
f 7203 7207 7205
f 7207 7209 7208
f 7210 7208 7209
f 7210 7206 7208
f 7211 7212 7209
f 7213 7209 7212
f 7207 7211 7209
f 7213 7210 7209
f 7211 7214 7212
f 7215 7212 7214
f 7215 7213 7212
f 7216 7214 7211
f 7216 7215 7214
f 7217 7211 7207
f 7217 7216 7211
f 7218 7207 7203
f 7218 7217 7207
f 7219 7203 7200
f 7220 7218 7203
f 7219 7220 7203
f 7221 7200 7197
f 7222 7219 7200
f 7221 7222 7200
f 7223 7197 7194
f 7223 7221 7197
f 7224 7194 7190
f 7224 7223 7194
f 7225 7190 7188
f 7225 7224 7190
f 7225 7188 7178
f 7226 7178 7181
f 7226 7227 7178
f 7228 7178 7227
f 7229 7225 7178
f 7230 7229 7178
f 7231 7230 7178
f 7232 7231 7178
f 7233 7232 7178
f 7234 7233 7178
f 7235 7234 7178
f 7228 7235 7178
f 7226 7181 7182
f 7236 7182 7183
f 7237 7226 7182
f 7237 7182 7236
f 7238 7183 7184
f 7236 7183 7238
f 7239 7184 7185
f 7238 7184 7239
f 7240 7185 7186
f 7239 7185 7240
f 7240 7186 7173
f 7241 7173 7170
f 7240 7173 7241
f 7242 7170 7167
f 7241 7170 7242
f 7243 7167 7154
f 7242 7167 7243
f 7244 7154 7142
f 7243 7154 7244
f 7245 7246 7142
f 7247 7142 7246
f 7146 7245 7142
f 7244 7142 7247
f 7248 7249 7246
f 7250 7246 7249
f 7245 7248 7246
f 7247 7246 7250
f 7248 7251 7249
f 7252 7249 7251
f 7253 7250 7249
f 7252 7253 7249
f 7254 7255 7251
f 7256 7251 7255
f 7248 7254 7251
f 7256 7252 7251
f 7254 7257 7255
f 7258 7255 7257
f 7258 7256 7255
f 7259 7257 7254
f 7259 7258 7257
f 7260 7254 7248
f 7260 7259 7254
f 7261 7248 7245
f 7261 7260 7248
f 7147 7245 7146
f 7262 7261 7245
f 7147 7262 7245
f 7247 7250 7253
f 7263 7253 7252
f 7264 7253 7263
f 7247 7253 7264
f 7265 7252 7256
f 7263 7252 7265
f 7266 7256 7258
f 7265 7256 7266
f 7267 7258 7259
f 7266 7258 7267
f 7268 7259 7260
f 7267 7259 7268
f 7269 7260 7261
f 7268 7260 7269
f 7270 7261 7262
f 7269 7261 7270
f 7270 7262 7147
f 7145 7150 7147
f 7270 7147 7150
f 7270 7150 7151
f 7270 7151 7149
f 7271 7149 7153
f 7270 7149 7271
f 7272 7153 7156
f 7271 7153 7272
f 7272 7156 7158
f 7273 7272 7158
f 7161 7273 7158
f 7274 7271 7272
f 7275 7274 7272
f 7273 7275 7272
f 7276 7270 7271
f 7274 7276 7271
f 7277 7269 7270
f 7276 7277 7270
f 7278 7268 7269
f 7277 7278 7269
f 7279 7267 7268
f 7278 7279 7268
f 7280 7266 7267
f 7279 7280 7267
f 7281 7265 7266
f 7280 7281 7266
f 7282 7263 7265
f 7281 7282 7265
f 7283 7264 7263
f 7282 7283 7263
f 7284 7285 7264
f 7247 7264 7285
f 7283 7284 7264
f 7286 7287 7285
f 7244 7285 7287
f 7284 7286 7285
f 7244 7247 7285
f 7288 7289 7287
f 7244 7287 7289
f 7286 7288 7287
f 7290 7291 7289
f 7243 7289 7291
f 7288 7290 7289
f 7243 7244 7289
f 7292 7293 7291
f 7243 7291 7293
f 7290 7292 7291
f 7294 7295 7293
f 7242 7293 7295
f 7292 7294 7293
f 7242 7243 7293
f 7296 7297 7295
f 7241 7295 7297
f 7294 7296 7295
f 7241 7242 7295
f 7227 7298 7297
f 7241 7297 7298
f 7296 7227 7297
f 7299 7298 7227
f 7240 7298 7299
f 7240 7241 7298
f 7300 7227 7296
f 7301 7299 7227
f 7302 7301 7227
f 7303 7302 7227
f 7304 7303 7227
f 7226 7304 7227
f 7300 7228 7227
f 7305 7296 7294
f 7305 7300 7296
f 7306 7294 7292
f 7306 7305 7294
f 7306 7292 7290
f 7307 7290 7288
f 7307 7306 7290
f 7307 7288 7286
f 7308 7286 7284
f 7308 7307 7286
f 7309 7284 7283
f 7309 7308 7284
f 7309 7283 7282
f 7310 7282 7281
f 7309 7282 7310
f 7311 7281 7280
f 7312 7310 7281
f 7311 7312 7281
f 7313 7280 7279
f 7313 7311 7280
f 7314 7279 7278
f 7314 7313 7279
f 7315 7278 7277
f 7315 7314 7278
f 7316 7277 7276
f 7316 7315 7277
f 7317 7276 7274
f 7317 7316 7276
f 7318 7274 7275
f 7319 7274 7318
f 7320 7274 7319
f 7321 7274 7320
f 7321 7317 7274
f 7322 7275 7273
f 7323 7275 7322
f 7318 7275 7323
f 7324 7273 7161
f 7322 7273 7324
f 7324 7161 7162
f 7325 7162 7160
f 7325 7324 7162
f 7325 7160 7164
f 7325 7164 7166
f 7326 7166 7169
f 7326 7325 7166
f 7327 7169 7172
f 7327 7326 7169
f 7328 7172 7175
f 7328 7327 7172
f 7328 7175 7177
f 7329 7177 7187
f 7329 7328 7177
f 7330 7187 7180
f 7330 7329 7187
f 7229 7180 7193
f 7230 7180 7229
f 7331 7180 7230
f 7332 7330 7180
f 7333 7332 7180
f 7334 7333 7180
f 7331 7334 7180
f 7225 7193 7192
f 7229 7193 7225
f 7224 7192 7196
f 7225 7192 7224
f 7223 7196 7199
f 7224 7196 7223
f 7221 7199 7202
f 7223 7199 7221
f 7222 7202 7206
f 7221 7202 7222
f 7220 7206 7210
f 7219 7206 7220
f 7222 7206 7219
f 7217 7210 7213
f 7218 7210 7217
f 7220 7210 7218
f 7216 7213 7215
f 7217 7213 7216
f 7239 7299 7301
f 7239 7240 7299
f 7238 7301 7302
f 7238 7239 7301
f 7236 7302 7303
f 7236 7238 7302
f 7237 7303 7304
f 7237 7236 7303
f 7237 7304 7226
f 7335 7230 7231
f 7335 7331 7230
f 7335 7231 7232
f 7335 7232 7233
f 7336 7233 7234
f 7336 7335 7233
f 7337 7234 7235
f 7337 7336 7234
f 7338 7235 7228
f 7338 7337 7235
f 7300 7338 7228
f 7325 7339 7324
f 7323 7324 7339
f 7323 7322 7324
f 7340 7341 7339
f 7318 7339 7341
f 7325 7340 7339
f 7318 7323 7339
f 7340 7342 7341
f 7319 7341 7342
f 7319 7318 7341
f 7340 7343 7342
f 7344 7342 7343
f 7344 7319 7342
f 7340 7345 7343
f 7321 7343 7345
f 7344 7343 7320
f 7321 7320 7343
f 7346 7347 7345
f 7317 7345 7347
f 7340 7346 7345
f 7321 7345 7317
f 7348 7349 7347
f 7316 7347 7349
f 7346 7348 7347
f 7317 7347 7316
f 7350 7351 7349
f 7315 7349 7351
f 7348 7350 7349
f 7316 7349 7315
f 7314 7351 7350
f 7315 7351 7314
f 7313 7350 7348
f 7314 7350 7313
f 7311 7348 7346
f 7313 7348 7311
f 7312 7346 7340
f 7311 7346 7312
f 7309 7340 7325
f 7309 7310 7340
f 7352 7340 7310
f 7352 7312 7340
f 7308 7325 7326
f 7309 7325 7308
f 7307 7326 7327
f 7308 7326 7307
f 7306 7327 7328
f 7307 7327 7306
f 7305 7328 7329
f 7306 7328 7305
f 7305 7329 7330
f 7300 7330 7332
f 7305 7330 7300
f 7338 7332 7333
f 7300 7332 7338
f 7337 7333 7334
f 7338 7333 7337
f 7336 7334 7331
f 7337 7334 7336
f 7336 7331 7335
f 7344 7320 7319
f 7352 7310 7312
f 7353 7354 7355
f 7356 7355 7354
f 7357 7353 7355
f 7358 7357 7355
f 7359 7358 7355
f 7356 7359 7355
f 7360 7354 7353
f 7360 7356 7354
f 7361 7353 7357
f 7362 7353 7361
f 7360 7353 7362
f 7361 7357 7358
f 7358 7363 7364
f 7365 7364 7363
f 7361 7358 7364
f 7366 7361 7364
f 7367 7366 7364
f 7368 7367 7364
f 7365 7368 7364
f 7358 7369 7363
f 7370 7363 7369
f 7371 7363 7370
f 7365 7363 7371
f 7358 7372 7369
f 7373 7369 7372
f 7370 7369 7373
f 7374 7375 7372
f 7376 7372 7375
f 7377 7374 7372
f 7378 7377 7372
f 7358 7378 7372
f 7379 7373 7372
f 7380 7379 7372
f 7376 7380 7372
f 7381 7375 7374
f 7376 7375 7381
f 7382 7374 7377
f 7383 7374 7382
f 7383 7381 7374
f 7384 7377 7378
f 7382 7377 7384
f 7385 7378 7358
f 7384 7378 7385
f 7386 7387 7358
f 7388 7358 7387
f 7389 7386 7358
f 7390 7389 7358
f 7391 7390 7358
f 7392 7391 7358
f 7393 7392 7358
f 7394 7393 7358
f 7395 7394 7358
f 7396 7395 7358
f 7397 7396 7358
f 7398 7397 7358
f 7399 7398 7358
f 7400 7399 7358
f 7401 7400 7358
f 7402 7401 7358
f 7359 7402 7358
f 7385 7358 7388
f 7403 7404 7387
f 7360 7387 7404
f 7386 7403 7387
f 7388 7387 7360
f 7405 7406 7404
f 7407 7404 7406
f 7403 7405 7404
f 7360 7404 7407
f 7408 7409 7406
f 7410 7406 7409
f 7405 7408 7406
f 7407 7406 7410
f 7411 7412 7409
f 7413 7409 7412
f 7408 7411 7409
f 7410 7409 7413
f 7414 7415 7412
f 7416 7412 7415
f 7411 7414 7412
f 7413 7412 7416
f 7417 7418 7415
f 7419 7415 7418
f 7414 7417 7415
f 7416 7415 7419
f 7420 7421 7418
f 7422 7418 7421
f 7417 7420 7418
f 7419 7418 7422
f 7423 7424 7421
f 7425 7421 7424
f 7420 7423 7421
f 7422 7421 7425
f 7426 7427 7424
f 7428 7424 7427
f 7423 7426 7424
f 7425 7424 7428
f 7429 7430 7427
f 7431 7427 7430
f 7426 7429 7427
f 7428 7427 7431
f 7432 7433 7430
f 7434 7430 7433
f 7429 7432 7430
f 7431 7430 7434
f 7435 7436 7433
f 7437 7433 7436
f 7432 7435 7433
f 7434 7433 7437
f 7438 7439 7436
f 7440 7436 7439
f 7435 7438 7436
f 7437 7436 7440
f 7441 7442 7439
f 7443 7439 7442
f 7438 7441 7439
f 7440 7439 7443
f 7444 7445 7442
f 7446 7442 7445
f 7441 7444 7442
f 7443 7442 7446
f 7444 7447 7445
f 7448 7445 7447
f 7446 7445 7448
f 7449 7447 7444
f 7448 7447 7449
f 7450 7444 7441
f 7449 7444 7450
f 7451 7441 7438
f 7450 7441 7451
f 7452 7438 7435
f 7451 7438 7452
f 7453 7435 7432
f 7452 7435 7453
f 7454 7432 7429
f 7453 7432 7454
f 7455 7429 7426
f 7454 7429 7455
f 7456 7426 7423
f 7455 7426 7456
f 7457 7423 7420
f 7456 7423 7457
f 7458 7420 7417
f 7457 7420 7458
f 7459 7417 7414
f 7458 7417 7459
f 7460 7414 7411
f 7459 7414 7460
f 7461 7411 7408
f 7460 7411 7461
f 7462 7408 7405
f 7461 7408 7462
f 7463 7405 7403
f 7462 7405 7463
f 7464 7403 7386
f 7463 7403 7464
f 7465 7386 7389
f 7464 7386 7465
f 7466 7389 7390
f 7465 7389 7466
f 7467 7390 7391
f 7466 7390 7467
f 7468 7391 7392
f 7467 7391 7468
f 7469 7392 7393
f 7468 7392 7469
f 7470 7393 7394
f 7469 7393 7470
f 7471 7394 7395
f 7470 7394 7471
f 7472 7395 7396
f 7471 7395 7472
f 7473 7396 7397
f 7472 7396 7473
f 7474 7397 7398
f 7473 7397 7474
f 7475 7398 7399
f 7474 7398 7475
f 7476 7399 7400
f 7475 7399 7476
f 7477 7400 7401
f 7476 7400 7477
f 7478 7401 7402
f 7477 7401 7478
f 7479 7402 7359
f 7478 7402 7479
f 7479 7359 7356
f 7362 7361 7366
f 7480 7366 7367
f 7480 7362 7366
f 7481 7367 7368
f 7481 7480 7367
f 7482 7483 7368
f 7484 7368 7483
f 7365 7482 7368
f 7484 7481 7368
f 7485 7483 7482
f 7486 7483 7485
f 7373 7483 7486
f 7379 7483 7373
f 7487 7483 7379
f 7487 7484 7483
f 7371 7485 7482
f 7365 7371 7482
f 7370 7486 7485
f 7371 7370 7485
f 7370 7373 7486
f 7380 7488 7379
f 7489 7379 7488
f 7489 7487 7379
f 7490 7491 7488
f 7492 7488 7491
f 7380 7490 7488
f 7492 7489 7488
f 7493 7494 7491
f 7495 7491 7494
f 7490 7493 7491
f 7495 7492 7491
f 7493 7496 7494
f 7497 7494 7496
f 7498 7495 7494
f 7497 7498 7494
f 7499 7500 7496
f 7501 7496 7500
f 7493 7499 7496
f 7501 7497 7496
f 7502 7503 7500
f 7504 7500 7503
f 7499 7502 7500
f 7504 7501 7500
f 7505 7506 7503
f 7507 7503 7506
f 7502 7505 7503
f 7507 7504 7503
f 7508 7509 7506
f 7507 7506 7509
f 7505 7508 7506
f 7510 7511 7509
f 7512 7509 7511
f 7513 7510 7509
f 7508 7513 7509
f 7512 7507 7509
f 7514 7511 7510
f 7515 7511 7516
f 7514 7516 7511
f 7515 7512 7511
f 7517 7510 7513
f 7518 7514 7510
f 7517 7518 7510
f 7519 7513 7508
f 7517 7513 7519
f 7520 7508 7505
f 7519 7508 7520
f 7521 7505 7502
f 7520 7505 7521
f 7522 7502 7499
f 7521 7502 7522
f 7523 7499 7493
f 7522 7499 7523
f 7524 7493 7490
f 7523 7493 7524
f 7525 7490 7380
f 7524 7490 7525
f 7525 7380 7376
f 7526 7527 7528
f 7529 7528 7527
f 7530 7526 7528
f 7529 7530 7528
f 7526 7531 7527
f 7532 7527 7531
f 7532 7529 7527
f 7533 7534 7531
f 7535 7531 7534
f 7526 7533 7531
f 7535 7532 7531
f 7536 7537 7534
f 7535 7534 7537
f 7533 7536 7534
f 7538 7539 7537
f 7540 7537 7539
f 7536 7538 7537
f 7540 7535 7537
f 7541 7542 7539
f 7543 7539 7542
f 7538 7541 7539
f 7543 7540 7539
f 7544 7545 7542
f 7543 7542 7545
f 7541 7544 7542
f 7546 7547 7545
f 7548 7545 7547
f 7544 7546 7545
f 7548 7543 7545
f 7549 7516 7547
f 7514 7547 7516
f 7546 7549 7547
f 7514 7548 7547
f 7550 7515 7516
f 7549 7550 7516
f 7360 7362 7480
f 7360 7480 7481
f 7360 7481 7484
f 7360 7484 7487
f 7551 7487 7489
f 7360 7487 7551
f 7552 7489 7492
f 7553 7554 7489
f 7555 7489 7554
f 7552 7553 7489
f 7556 7551 7489
f 7557 7556 7489
f 7555 7557 7489
f 7558 7492 7495
f 7558 7552 7492
f 7558 7495 7498
f 7559 7498 7497
f 7559 7558 7498
f 7560 7497 7501
f 7560 7559 7497
f 7561 7501 7504
f 7561 7560 7501
f 7562 7504 7507
f 7562 7561 7504
f 7563 7507 7512
f 7563 7562 7507
f 7564 7512 7515
f 7564 7563 7512
f 7565 7515 7550
f 7564 7515 7565
f 7566 7550 7549
f 7566 7565 7550
f 7567 7549 7546
f 7567 7566 7549
f 7567 7546 7544
f 7568 7544 7541
f 7568 7567 7544
f 7569 7541 7538
f 7569 7568 7541
f 7569 7538 7536
f 7570 7536 7533
f 7570 7569 7536
f 7530 7533 7526
f 7530 7570 7533
f 7571 7565 7566
f 7572 7564 7565
f 7571 7572 7565
f 7573 7566 7567
f 7573 7571 7566
f 7574 7567 7568
f 7574 7573 7567
f 7575 7568 7569
f 7575 7574 7568
f 7576 7569 7570
f 7576 7575 7569
f 7577 7570 7530
f 7577 7576 7570
f 7578 7530 7529
f 7577 7530 7578
f 7579 7529 7532
f 7578 7529 7579
f 7580 7532 7535
f 7580 7579 7532
f 7581 7535 7540
f 7581 7580 7535
f 7582 7540 7543
f 7582 7581 7540
f 7583 7543 7548
f 7583 7582 7543
f 7584 7548 7514
f 7584 7583 7548
f 7584 7514 7518
f 7585 7586 7587
f 7360 7587 7586
f 7556 7587 7551
f 7360 7551 7587
f 7585 7587 7556
f 7585 7588 7586
f 7360 7586 7588
f 7555 7554 7588
f 7360 7588 7554
f 7589 7555 7588
f 7585 7589 7588
f 7360 7554 7553
f 7590 7553 7552
f 7388 7360 7553
f 7591 7388 7553
f 7590 7591 7553
f 7592 7552 7558
f 7592 7590 7552
f 7593 7558 7559
f 7593 7592 7558
f 7594 7559 7560
f 7594 7593 7559
f 7595 7560 7561
f 7595 7594 7560
f 7596 7561 7562
f 7596 7595 7561
f 7597 7562 7563
f 7597 7596 7562
f 7598 7563 7564
f 7598 7597 7563
f 7572 7598 7564
f 7585 7556 7557
f 7589 7557 7555
f 7585 7557 7589
f 7360 7479 7356
f 7360 7478 7479
f 7360 7477 7478
f 7360 7476 7477
f 7360 7475 7476
f 7360 7474 7475
f 7360 7473 7474
f 7360 7472 7473
f 7360 7471 7472
f 7360 7470 7471
f 7360 7469 7470
f 7360 7468 7469
f 7360 7467 7468
f 7360 7466 7467
f 7360 7465 7466
f 7360 7464 7465
f 7407 7463 7464
f 7360 7407 7464
f 7410 7462 7463
f 7407 7410 7463
f 7413 7461 7462
f 7410 7413 7462
f 7416 7460 7461
f 7413 7416 7461
f 7419 7459 7460
f 7416 7419 7460
f 7422 7458 7459
f 7419 7422 7459
f 7425 7457 7458
f 7422 7425 7458
f 7428 7456 7457
f 7425 7428 7457
f 7431 7455 7456
f 7428 7431 7456
f 7434 7454 7455
f 7431 7434 7455
f 7437 7453 7454
f 7434 7437 7454
f 7440 7452 7453
f 7437 7440 7453
f 7443 7451 7452
f 7440 7443 7452
f 7446 7450 7451
f 7443 7446 7451
f 7448 7449 7450
f 7446 7448 7450
f 7591 7385 7388
f 7591 7384 7385
f 7591 7382 7384
f 7590 7382 7591
f 7590 7383 7382
f 7383 7599 7381
f 7376 7381 7599
f 7600 7601 7599
f 7525 7599 7601
f 7383 7600 7599
f 7525 7376 7599
f 7602 7603 7601
f 7524 7601 7603
f 7600 7602 7601
f 7524 7525 7601
f 7604 7605 7603
f 7524 7603 7605
f 7602 7604 7603
f 7606 7607 7605
f 7523 7605 7607
f 7604 7606 7605
f 7523 7524 7605
f 7608 7609 7607
f 7522 7607 7609
f 7606 7608 7607
f 7522 7523 7607
f 7610 7611 7609
f 7521 7609 7611
f 7608 7610 7609
f 7521 7522 7609
f 7612 7613 7611
f 7520 7611 7613
f 7610 7612 7611
f 7520 7521 7611
f 7614 7615 7613
f 7519 7613 7615
f 7612 7614 7613
f 7519 7520 7613
f 7616 7617 7615
f 7517 7615 7617
f 7614 7616 7615
f 7517 7519 7615
f 7618 7619 7617
f 7517 7617 7619
f 7620 7618 7617
f 7616 7620 7617
f 7621 7622 7619
f 7518 7619 7622
f 7618 7621 7619
f 7517 7619 7518
f 7621 7623 7622
f 7584 7622 7623
f 7584 7518 7622
f 7624 7625 7623
f 7583 7623 7625
f 7621 7624 7623
f 7584 7623 7583
f 7626 7627 7625
f 7582 7625 7627
f 7624 7626 7625
f 7583 7625 7582
f 7628 7629 7627
f 7581 7627 7629
f 7626 7628 7627
f 7582 7627 7581
f 7630 7631 7629
f 7580 7629 7631
f 7628 7630 7629
f 7581 7629 7580
f 7578 7579 7631
f 7580 7631 7579
f 7632 7578 7631
f 7630 7632 7631
f 7577 7578 7632
f 7577 7632 7630
f 7576 7630 7628
f 7577 7630 7576
f 7575 7628 7626
f 7576 7628 7575
f 7574 7626 7624
f 7575 7626 7574
f 7573 7624 7621
f 7574 7624 7573
f 7573 7621 7618
f 7571 7618 7620
f 7573 7618 7571
f 7572 7620 7616
f 7571 7620 7572
f 7598 7616 7614
f 7572 7616 7598
f 7597 7614 7612
f 7598 7614 7597
f 7596 7612 7610
f 7597 7612 7596
f 7595 7610 7608
f 7596 7610 7595
f 7595 7608 7606
f 7594 7606 7604
f 7595 7606 7594
f 7593 7604 7602
f 7594 7604 7593
f 7592 7602 7600
f 7593 7602 7592
f 7590 7600 7383
f 7592 7600 7590
f 7633 7634 7635
f 7636 7635 7634
f 7637 7633 7635
f 7638 7637 7635
f 7639 7638 7635
f 7636 7639 7635
f 7640 7634 7633
f 7640 7636 7634
f 7641 7633 7637
f 7642 7633 7641
f 7640 7633 7642
f 7641 7637 7638
f 7638 7643 7644
f 7645 7644 7643
f 7641 7638 7644
f 7646 7641 7644
f 7647 7646 7644
f 7648 7647 7644
f 7645 7648 7644
f 7638 7649 7643
f 7650 7643 7649
f 7651 7643 7650
f 7645 7643 7651
f 7638 7652 7649
f 7653 7649 7652
f 7650 7649 7653
f 7654 7655 7652
f 7656 7652 7655
f 7657 7654 7652
f 7658 7657 7652
f 7638 7658 7652
f 7659 7653 7652
f 7660 7659 7652
f 7656 7660 7652
f 7661 7655 7654
f 7656 7655 7661
f 7662 7654 7657
f 7663 7654 7662
f 7663 7661 7654
f 7664 7657 7658
f 7662 7657 7664
f 7665 7658 7638
f 7664 7658 7665
f 7666 7667 7638
f 7668 7638 7667
f 7669 7666 7638
f 7670 7669 7638
f 7671 7670 7638
f 7672 7671 7638
f 7673 7672 7638
f 7674 7673 7638
f 7675 7674 7638
f 7676 7675 7638
f 7677 7676 7638
f 7678 7677 7638
f 7679 7678 7638
f 7680 7679 7638
f 7681 7680 7638
f 7682 7681 7638
f 7639 7682 7638
f 7665 7638 7668
f 7683 7684 7667
f 7640 7667 7684
f 7666 7683 7667
f 7668 7667 7640
f 7685 7686 7684
f 7687 7684 7686
f 7683 7685 7684
f 7640 7684 7687
f 7688 7689 7686
f 7690 7686 7689
f 7685 7688 7686
f 7687 7686 7690
f 7691 7692 7689
f 7693 7689 7692
f 7688 7691 7689
f 7690 7689 7693
f 7694 7695 7692
f 7696 7692 7695
f 7691 7694 7692
f 7693 7692 7696
f 7697 7698 7695
f 7699 7695 7698
f 7694 7697 7695
f 7696 7695 7699
f 7700 7701 7698
f 7702 7698 7701
f 7697 7700 7698
f 7699 7698 7702
f 7703 7704 7701
f 7705 7701 7704
f 7700 7703 7701
f 7702 7701 7705
f 7706 7707 7704
f 7708 7704 7707
f 7703 7706 7704
f 7705 7704 7708
f 7709 7710 7707
f 7711 7707 7710
f 7706 7709 7707
f 7708 7707 7711
f 7712 7713 7710
f 7714 7710 7713
f 7709 7712 7710
f 7711 7710 7714
f 7715 7716 7713
f 7717 7713 7716
f 7712 7715 7713
f 7714 7713 7717
f 7718 7719 7716
f 7720 7716 7719
f 7715 7718 7716
f 7717 7716 7720
f 7721 7722 7719
f 7723 7719 7722
f 7718 7721 7719
f 7720 7719 7723
f 7724 7725 7722
f 7726 7722 7725
f 7721 7724 7722
f 7723 7722 7726
f 7724 7727 7725
f 7728 7725 7727
f 7726 7725 7728
f 7729 7727 7724
f 7728 7727 7729
f 7730 7724 7721
f 7729 7724 7730
f 7731 7721 7718
f 7730 7721 7731
f 7732 7718 7715
f 7731 7718 7732
f 7733 7715 7712
f 7732 7715 7733
f 7734 7712 7709
f 7733 7712 7734
f 7735 7709 7706
f 7734 7709 7735
f 7736 7706 7703
f 7735 7706 7736
f 7737 7703 7700
f 7736 7703 7737
f 7738 7700 7697
f 7737 7700 7738
f 7739 7697 7694
f 7738 7697 7739
f 7740 7694 7691
f 7739 7694 7740
f 7741 7691 7688
f 7740 7691 7741
f 7742 7688 7685
f 7741 7688 7742
f 7743 7685 7683
f 7742 7685 7743
f 7744 7683 7666
f 7743 7683 7744
f 7745 7666 7669
f 7744 7666 7745
f 7746 7669 7670
f 7745 7669 7746
f 7747 7670 7671
f 7746 7670 7747
f 7748 7671 7672
f 7747 7671 7748
f 7749 7672 7673
f 7748 7672 7749
f 7750 7673 7674
f 7749 7673 7750
f 7751 7674 7675
f 7750 7674 7751
f 7752 7675 7676
f 7751 7675 7752
f 7753 7676 7677
f 7752 7676 7753
f 7754 7677 7678
f 7753 7677 7754
f 7755 7678 7679
f 7754 7678 7755
f 7756 7679 7680
f 7755 7679 7756
f 7757 7680 7681
f 7756 7680 7757
f 7758 7681 7682
f 7757 7681 7758
f 7759 7682 7639
f 7758 7682 7759
f 7759 7639 7636
f 7642 7641 7646
f 7760 7646 7647
f 7760 7642 7646
f 7761 7647 7648
f 7761 7760 7647
f 7762 7763 7648
f 7764 7648 7763
f 7645 7762 7648
f 7764 7761 7648
f 7765 7763 7762
f 7766 7763 7765
f 7653 7763 7766
f 7659 7763 7653
f 7767 7763 7659
f 7767 7764 7763
f 7651 7765 7762
f 7645 7651 7762
f 7650 7766 7765
f 7651 7650 7765
f 7650 7653 7766
f 7660 7768 7659
f 7769 7659 7768
f 7769 7767 7659
f 7770 7771 7768
f 7772 7768 7771
f 7660 7770 7768
f 7772 7769 7768
f 7773 7774 7771
f 7775 7771 7774
f 7770 7773 7771
f 7775 7772 7771
f 7773 7776 7774
f 7777 7774 7776
f 7778 7775 7774
f 7777 7778 7774
f 7779 7780 7776
f 7781 7776 7780
f 7773 7779 7776
f 7781 7777 7776
f 7782 7783 7780
f 7784 7780 7783
f 7779 7782 7780
f 7784 7781 7780
f 7785 7786 7783
f 7787 7783 7786
f 7782 7785 7783
f 7787 7784 7783
f 7788 7789 7786
f 7787 7786 7789
f 7785 7788 7786
f 7790 7791 7789
f 7792 7789 7791
f 7793 7790 7789
f 7788 7793 7789
f 7792 7787 7789
f 7794 7791 7790
f 7795 7791 7796
f 7794 7796 7791
f 7795 7792 7791
f 7797 7790 7793
f 7798 7794 7790
f 7797 7798 7790
f 7799 7793 7788
f 7797 7793 7799
f 7800 7788 7785
f 7799 7788 7800
f 7801 7785 7782
f 7800 7785 7801
f 7802 7782 7779
f 7801 7782 7802
f 7803 7779 7773
f 7802 7779 7803
f 7804 7773 7770
f 7803 7773 7804
f 7805 7770 7660
f 7804 7770 7805
f 7805 7660 7656
f 7806 7807 7808
f 7809 7808 7807
f 7810 7806 7808
f 7809 7810 7808
f 7806 7811 7807
f 7812 7807 7811
f 7812 7809 7807
f 7813 7814 7811
f 7815 7811 7814
f 7806 7813 7811
f 7815 7812 7811
f 7816 7817 7814
f 7815 7814 7817
f 7813 7816 7814
f 7818 7819 7817
f 7820 7817 7819
f 7816 7818 7817
f 7820 7815 7817
f 7821 7822 7819
f 7823 7819 7822
f 7818 7821 7819
f 7823 7820 7819
f 7824 7825 7822
f 7823 7822 7825
f 7821 7824 7822
f 7826 7827 7825
f 7828 7825 7827
f 7824 7826 7825
f 7828 7823 7825
f 7829 7796 7827
f 7794 7827 7796
f 7826 7829 7827
f 7794 7828 7827
f 7830 7795 7796
f 7829 7830 7796
f 7640 7642 7760
f 7640 7760 7761
f 7640 7761 7764
f 7640 7764 7767
f 7831 7767 7769
f 7640 7767 7831
f 7832 7769 7772
f 7833 7834 7769
f 7835 7769 7834
f 7836 7833 7769
f 7832 7836 7769
f 7837 7831 7769
f 7835 7837 7769
f 7838 7772 7775
f 7838 7832 7772
f 7838 7775 7778
f 7839 7778 7777
f 7839 7838 7778
f 7840 7777 7781
f 7840 7839 7777
f 7841 7781 7784
f 7841 7840 7781
f 7842 7784 7787
f 7842 7841 7784
f 7843 7787 7792
f 7843 7842 7787
f 7844 7792 7795
f 7844 7843 7792
f 7845 7795 7830
f 7844 7795 7845
f 7846 7830 7829
f 7846 7845 7830
f 7847 7829 7826
f 7847 7846 7829
f 7847 7826 7824
f 7848 7824 7821
f 7848 7847 7824
f 7849 7821 7818
f 7849 7848 7821
f 7849 7818 7816
f 7850 7816 7813
f 7850 7849 7816
f 7810 7813 7806
f 7810 7850 7813
f 7851 7845 7846
f 7852 7844 7845
f 7851 7852 7845
f 7853 7846 7847
f 7853 7851 7846
f 7854 7847 7848
f 7854 7853 7847
f 7855 7848 7849
f 7855 7854 7848
f 7856 7849 7850
f 7856 7855 7849
f 7857 7850 7810
f 7857 7856 7850
f 7858 7810 7809
f 7857 7810 7858
f 7859 7809 7812
f 7858 7809 7859
f 7860 7812 7815
f 7860 7859 7812
f 7861 7815 7820
f 7861 7860 7815
f 7862 7820 7823
f 7862 7861 7820
f 7863 7823 7828
f 7863 7862 7823
f 7864 7828 7794
f 7864 7863 7828
f 7864 7794 7798
f 7865 7866 7834
f 7835 7834 7866
f 7833 7865 7834
f 7865 7867 7866
f 7835 7866 7867
f 7868 7869 7867
f 7837 7867 7869
f 7865 7868 7867
f 7835 7867 7837
f 7640 7869 7868
f 7837 7869 7831
f 7640 7831 7869
f 7640 7868 7865
f 7640 7865 7833
f 7640 7833 7836
f 7870 7836 7832
f 7668 7640 7836
f 7871 7668 7836
f 7870 7871 7836
f 7872 7832 7838
f 7872 7870 7832
f 7873 7838 7839
f 7873 7872 7838
f 7874 7839 7840
f 7874 7873 7839
f 7875 7840 7841
f 7875 7874 7840
f 7876 7841 7842
f 7876 7875 7841
f 7877 7842 7843
f 7877 7876 7842
f 7878 7843 7844
f 7878 7877 7843
f 7852 7878 7844
f 7640 7759 7636
f 7640 7758 7759
f 7640 7757 7758
f 7640 7756 7757
f 7640 7755 7756
f 7640 7754 7755
f 7640 7753 7754
f 7640 7752 7753
f 7640 7751 7752
f 7640 7750 7751
f 7640 7749 7750
f 7640 7748 7749
f 7640 7747 7748
f 7640 7746 7747
f 7640 7745 7746
f 7640 7744 7745
f 7687 7743 7744
f 7640 7687 7744
f 7690 7742 7743
f 7687 7690 7743
f 7693 7741 7742
f 7690 7693 7742
f 7696 7740 7741
f 7693 7696 7741
f 7699 7739 7740
f 7696 7699 7740
f 7702 7738 7739
f 7699 7702 7739
f 7705 7737 7738
f 7702 7705 7738
f 7708 7736 7737
f 7705 7708 7737
f 7711 7735 7736
f 7708 7711 7736
f 7714 7734 7735
f 7711 7714 7735
f 7717 7733 7734
f 7714 7717 7734
f 7720 7732 7733
f 7717 7720 7733
f 7723 7731 7732
f 7720 7723 7732
f 7726 7730 7731
f 7723 7726 7731
f 7728 7729 7730
f 7726 7728 7730
f 7871 7665 7668
f 7871 7664 7665
f 7871 7662 7664
f 7870 7662 7871
f 7870 7663 7662
f 7663 7879 7661
f 7656 7661 7879
f 7880 7881 7879
f 7805 7879 7881
f 7663 7880 7879
f 7805 7656 7879
f 7882 7883 7881
f 7804 7881 7883
f 7880 7882 7881
f 7804 7805 7881
f 7884 7885 7883
f 7804 7883 7885
f 7882 7884 7883
f 7886 7887 7885
f 7803 7885 7887
f 7884 7886 7885
f 7803 7804 7885
f 7888 7889 7887
f 7802 7887 7889
f 7886 7888 7887
f 7802 7803 7887
f 7890 7891 7889
f 7801 7889 7891
f 7888 7890 7889
f 7801 7802 7889
f 7892 7893 7891
f 7800 7891 7893
f 7890 7892 7891
f 7800 7801 7891
f 7894 7895 7893
f 7799 7893 7895
f 7892 7894 7893
f 7799 7800 7893
f 7896 7897 7895
f 7797 7895 7897
f 7894 7896 7895
f 7797 7799 7895
f 7898 7899 7897
f 7797 7897 7899
f 7900 7898 7897
f 7896 7900 7897
f 7901 7902 7899
f 7798 7899 7902
f 7898 7901 7899
f 7797 7899 7798
f 7901 7903 7902
f 7864 7902 7903
f 7864 7798 7902
f 7904 7905 7903
f 7863 7903 7905
f 7901 7904 7903
f 7864 7903 7863
f 7906 7907 7905
f 7862 7905 7907
f 7904 7906 7905
f 7863 7905 7862
f 7908 7909 7907
f 7861 7907 7909
f 7906 7908 7907
f 7862 7907 7861
f 7910 7911 7909
f 7860 7909 7911
f 7908 7910 7909
f 7861 7909 7860
f 7858 7859 7911
f 7860 7911 7859
f 7912 7858 7911
f 7910 7912 7911
f 7857 7858 7912
f 7857 7912 7910
f 7856 7910 7908
f 7857 7910 7856
f 7855 7908 7906
f 7856 7908 7855
f 7854 7906 7904
f 7855 7906 7854
f 7853 7904 7901
f 7854 7904 7853
f 7853 7901 7898
f 7851 7898 7900
f 7853 7898 7851
f 7852 7900 7896
f 7851 7900 7852
f 7878 7896 7894
f 7852 7896 7878
f 7877 7894 7892
f 7878 7894 7877
f 7876 7892 7890
f 7877 7892 7876
f 7875 7890 7888
f 7876 7890 7875
f 7875 7888 7886
f 7874 7886 7884
f 7875 7886 7874
f 7873 7884 7882
f 7874 7884 7873
f 7872 7882 7880
f 7873 7882 7872
f 7870 7880 7663
f 7872 7880 7870
f 7913 7914 7915
f 7916 7915 7914
f 7917 7913 7915
f 7918 7917 7915
f 7919 7918 7915
f 7916 7919 7915
f 7920 7914 7913
f 7920 7916 7914
f 7921 7913 7917
f 7922 7913 7921
f 7920 7913 7922
f 7921 7917 7918
f 7918 7923 7924
f 7925 7924 7923
f 7921 7918 7924
f 7926 7921 7924
f 7927 7926 7924
f 7928 7927 7924
f 7925 7928 7924
f 7918 7929 7923
f 7930 7923 7929
f 7931 7923 7930
f 7925 7923 7931
f 7918 7932 7929
f 7933 7929 7932
f 7930 7929 7933
f 7934 7935 7932
f 7936 7932 7935
f 7937 7934 7932
f 7938 7937 7932
f 7918 7938 7932
f 7939 7933 7932
f 7940 7939 7932
f 7936 7940 7932
f 7941 7935 7934
f 7936 7935 7941
f 7942 7934 7937
f 7943 7934 7942
f 7943 7941 7934
f 7944 7937 7938
f 7942 7937 7944
f 7945 7938 7918
f 7944 7938 7945
f 7946 7947 7918
f 7948 7918 7947
f 7949 7946 7918
f 7950 7949 7918
f 7951 7950 7918
f 7952 7951 7918
f 7953 7952 7918
f 7954 7953 7918
f 7955 7954 7918
f 7956 7955 7918
f 7957 7956 7918
f 7958 7957 7918
f 7959 7958 7918
f 7960 7959 7918
f 7961 7960 7918
f 7962 7961 7918
f 7919 7962 7918
f 7945 7918 7948
f 7963 7964 7947
f 7920 7947 7964
f 7946 7963 7947
f 7948 7947 7920
f 7965 7966 7964
f 7967 7964 7966
f 7963 7965 7964
f 7920 7964 7967
f 7968 7969 7966
f 7970 7966 7969
f 7965 7968 7966
f 7967 7966 7970
f 7971 7972 7969
f 7973 7969 7972
f 7968 7971 7969
f 7970 7969 7973
f 7974 7975 7972
f 7976 7972 7975
f 7971 7974 7972
f 7973 7972 7976
f 7977 7978 7975
f 7979 7975 7978
f 7974 7977 7975
f 7976 7975 7979
f 7980 7981 7978
f 7982 7978 7981
f 7977 7980 7978
f 7979 7978 7982
f 7983 7984 7981
f 7985 7981 7984
f 7980 7983 7981
f 7982 7981 7985
f 7986 7987 7984
f 7988 7984 7987
f 7983 7986 7984
f 7985 7984 7988
f 7989 7990 7987
f 7991 7987 7990
f 7986 7989 7987
f 7988 7987 7991
f 7992 7993 7990
f 7994 7990 7993
f 7989 7992 7990
f 7991 7990 7994
f 7995 7996 7993
f 7997 7993 7996
f 7992 7995 7993
f 7994 7993 7997
f 7998 7999 7996
f 8000 7996 7999
f 7995 7998 7996
f 7997 7996 8000
f 8001 8002 7999
f 8003 7999 8002
f 7998 8001 7999
f 8000 7999 8003
f 8004 8005 8002
f 8006 8002 8005
f 8001 8004 8002
f 8003 8002 8006
f 8004 8007 8005
f 8008 8005 8007
f 8006 8005 8008
f 8009 8007 8004
f 8008 8007 8009
f 8010 8004 8001
f 8009 8004 8010
f 8011 8001 7998
f 8010 8001 8011
f 8012 7998 7995
f 8011 7998 8012
f 8013 7995 7992
f 8012 7995 8013
f 8014 7992 7989
f 8013 7992 8014
f 8015 7989 7986
f 8014 7989 8015
f 8016 7986 7983
f 8015 7986 8016
f 8017 7983 7980
f 8016 7983 8017
f 8018 7980 7977
f 8017 7980 8018
f 8019 7977 7974
f 8018 7977 8019
f 8020 7974 7971
f 8019 7974 8020
f 8021 7971 7968
f 8020 7971 8021
f 8022 7968 7965
f 8021 7968 8022
f 8023 7965 7963
f 8022 7965 8023
f 8024 7963 7946
f 8023 7963 8024
f 8025 7946 7949
f 8024 7946 8025
f 8026 7949 7950
f 8025 7949 8026
f 8027 7950 7951
f 8026 7950 8027
f 8028 7951 7952
f 8027 7951 8028
f 8029 7952 7953
f 8028 7952 8029
f 8030 7953 7954
f 8029 7953 8030
f 8031 7954 7955
f 8030 7954 8031
f 8032 7955 7956
f 8031 7955 8032
f 8033 7956 7957
f 8032 7956 8033
f 8034 7957 7958
f 8033 7957 8034
f 8035 7958 7959
f 8034 7958 8035
f 8036 7959 7960
f 8035 7959 8036
f 8037 7960 7961
f 8036 7960 8037
f 8038 7961 7962
f 8037 7961 8038
f 8039 7962 7919
f 8038 7962 8039
f 8039 7919 7916
f 7922 7921 7926
f 8040 7926 7927
f 8040 7922 7926
f 8041 7927 7928
f 8041 8040 7927
f 8042 8043 7928
f 8044 7928 8043
f 7925 8042 7928
f 8044 8041 7928
f 8045 8043 8042
f 8046 8043 8045
f 7933 8043 8046
f 7939 8043 7933
f 8047 8043 7939
f 8047 8044 8043
f 7931 8045 8042
f 7925 7931 8042
f 7930 8046 8045
f 7931 7930 8045
f 7930 7933 8046
f 7940 8048 7939
f 8049 7939 8048
f 8049 8047 7939
f 8050 8051 8048
f 8052 8048 8051
f 7940 8050 8048
f 8052 8049 8048
f 8053 8054 8051
f 8055 8051 8054
f 8050 8053 8051
f 8055 8052 8051
f 8053 8056 8054
f 8057 8054 8056
f 8058 8055 8054
f 8057 8058 8054
f 8059 8060 8056
f 8061 8056 8060
f 8053 8059 8056
f 8061 8057 8056
f 8062 8063 8060
f 8064 8060 8063
f 8059 8062 8060
f 8064 8061 8060
f 8065 8066 8063
f 8067 8063 8066
f 8062 8065 8063
f 8067 8064 8063
f 8068 8069 8066
f 8067 8066 8069
f 8065 8068 8066
f 8070 8071 8069
f 8072 8069 8071
f 8073 8070 8069
f 8068 8073 8069
f 8072 8067 8069
f 8074 8071 8070
f 8075 8071 8076
f 8074 8076 8071
f 8075 8072 8071
f 8077 8070 8073
f 8078 8074 8070
f 8077 8078 8070
f 8079 8073 8068
f 8077 8073 8079
f 8080 8068 8065
f 8079 8068 8080
f 8081 8065 8062
f 8080 8065 8081
f 8082 8062 8059
f 8081 8062 8082
f 8083 8059 8053
f 8082 8059 8083
f 8084 8053 8050
f 8083 8053 8084
f 8085 8050 7940
f 8084 8050 8085
f 8085 7940 7936
f 8086 8087 8088
f 8089 8088 8087
f 8090 8086 8088
f 8089 8090 8088
f 8086 8091 8087
f 8092 8087 8091
f 8092 8089 8087
f 8093 8094 8091
f 8095 8091 8094
f 8086 8093 8091
f 8095 8092 8091
f 8096 8097 8094
f 8095 8094 8097
f 8093 8096 8094
f 8098 8099 8097
f 8100 8097 8099
f 8096 8098 8097
f 8100 8095 8097
f 8101 8102 8099
f 8103 8099 8102
f 8098 8101 8099
f 8103 8100 8099
f 8104 8105 8102
f 8103 8102 8105
f 8101 8104 8102
f 8106 8107 8105
f 8108 8105 8107
f 8104 8106 8105
f 8108 8103 8105
f 8109 8076 8107
f 8074 8107 8076
f 8106 8109 8107
f 8074 8108 8107
f 8110 8075 8076
f 8109 8110 8076
f 7920 7922 8040
f 7920 8040 8041
f 7920 8041 8044
f 7920 8044 8047
f 8111 8047 8049
f 7920 8047 8111
f 8112 8049 8052
f 8113 8114 8049
f 8115 8049 8114
f 8112 8113 8049
f 8116 8111 8049
f 8117 8116 8049
f 8115 8117 8049
f 8118 8052 8055
f 8118 8112 8052
f 8118 8055 8058
f 8119 8058 8057
f 8119 8118 8058
f 8120 8057 8061
f 8120 8119 8057
f 8121 8061 8064
f 8121 8120 8061
f 8122 8064 8067
f 8122 8121 8064
f 8123 8067 8072
f 8123 8122 8067
f 8124 8072 8075
f 8124 8123 8072
f 8125 8075 8110
f 8124 8075 8125
f 8126 8110 8109
f 8126 8125 8110
f 8127 8109 8106
f 8127 8126 8109
f 8127 8106 8104
f 8128 8104 8101
f 8128 8127 8104
f 8129 8101 8098
f 8129 8128 8101
f 8129 8098 8096
f 8130 8096 8093
f 8130 8129 8096
f 8090 8093 8086
f 8090 8130 8093
f 8131 8125 8126
f 8132 8124 8125
f 8131 8132 8125
f 8133 8126 8127
f 8133 8131 8126
f 8134 8127 8128
f 8134 8133 8127
f 8135 8128 8129
f 8135 8134 8128
f 8136 8129 8130
f 8136 8135 8129
f 8137 8130 8090
f 8137 8136 8130
f 8138 8090 8089
f 8137 8090 8138
f 8139 8089 8092
f 8138 8089 8139
f 8140 8092 8095
f 8140 8139 8092
f 8141 8095 8100
f 8141 8140 8095
f 8142 8100 8103
f 8142 8141 8100
f 8143 8103 8108
f 8143 8142 8103
f 8144 8108 8074
f 8144 8143 8108
f 8144 8074 8078
f 8145 8146 8147
f 7920 8147 8146
f 8116 8147 8111
f 7920 8111 8147
f 8145 8147 8116
f 8145 8148 8146
f 7920 8146 8148
f 8115 8114 8148
f 7920 8148 8114
f 8149 8115 8148
f 8145 8149 8148
f 7920 8114 8113
f 8150 8113 8112
f 7948 7920 8113
f 8151 7948 8113
f 8150 8151 8113
f 8152 8112 8118
f 8152 8150 8112
f 8153 8118 8119
f 8153 8152 8118
f 8154 8119 8120
f 8154 8153 8119
f 8155 8120 8121
f 8155 8154 8120
f 8156 8121 8122
f 8156 8155 8121
f 8157 8122 8123
f 8157 8156 8122
f 8158 8123 8124
f 8158 8157 8123
f 8132 8158 8124
f 8145 8116 8117
f 8149 8117 8115
f 8145 8117 8149
f 7920 8039 7916
f 7920 8038 8039
f 7920 8037 8038
f 7920 8036 8037
f 7920 8035 8036
f 7920 8034 8035
f 7920 8033 8034
f 7920 8032 8033
f 7920 8031 8032
f 7920 8030 8031
f 7920 8029 8030
f 7920 8028 8029
f 7920 8027 8028
f 7920 8026 8027
f 7920 8025 8026
f 7920 8024 8025
f 7967 8023 8024
f 7920 7967 8024
f 7970 8022 8023
f 7967 7970 8023
f 7973 8021 8022
f 7970 7973 8022
f 7976 8020 8021
f 7973 7976 8021
f 7979 8019 8020
f 7976 7979 8020
f 7982 8018 8019
f 7979 7982 8019
f 7985 8017 8018
f 7982 7985 8018
f 7988 8016 8017
f 7985 7988 8017
f 7991 8015 8016
f 7988 7991 8016
f 7994 8014 8015
f 7991 7994 8015
f 7997 8013 8014
f 7994 7997 8014
f 8000 8012 8013
f 7997 8000 8013
f 8003 8011 8012
f 8000 8003 8012
f 8006 8010 8011
f 8003 8006 8011
f 8008 8009 8010
f 8006 8008 8010
f 8151 7945 7948
f 8151 7944 7945
f 8151 7942 7944
f 8150 7942 8151
f 8150 7943 7942
f 7943 8159 7941
f 7936 7941 8159
f 8160 8161 8159
f 8085 8159 8161
f 7943 8160 8159
f 8085 7936 8159
f 8162 8163 8161
f 8084 8161 8163
f 8160 8162 8161
f 8084 8085 8161
f 8164 8165 8163
f 8084 8163 8165
f 8162 8164 8163
f 8166 8167 8165
f 8083 8165 8167
f 8164 8166 8165
f 8083 8084 8165
f 8168 8169 8167
f 8082 8167 8169
f 8166 8168 8167
f 8082 8083 8167
f 8170 8171 8169
f 8081 8169 8171
f 8168 8170 8169
f 8081 8082 8169
f 8172 8173 8171
f 8080 8171 8173
f 8170 8172 8171
f 8080 8081 8171
f 8174 8175 8173
f 8079 8173 8175
f 8172 8174 8173
f 8079 8080 8173
f 8176 8177 8175
f 8077 8175 8177
f 8174 8176 8175
f 8077 8079 8175
f 8178 8179 8177
f 8077 8177 8179
f 8180 8178 8177
f 8176 8180 8177
f 8181 8182 8179
f 8078 8179 8182
f 8178 8181 8179
f 8077 8179 8078
f 8181 8183 8182
f 8144 8182 8183
f 8144 8078 8182
f 8184 8185 8183
f 8143 8183 8185
f 8181 8184 8183
f 8144 8183 8143
f 8186 8187 8185
f 8142 8185 8187
f 8184 8186 8185
f 8143 8185 8142
f 8188 8189 8187
f 8141 8187 8189
f 8186 8188 8187
f 8142 8187 8141
f 8190 8191 8189
f 8140 8189 8191
f 8188 8190 8189
f 8141 8189 8140
f 8138 8139 8191
f 8140 8191 8139
f 8192 8138 8191
f 8190 8192 8191
f 8137 8138 8192
f 8137 8192 8190
f 8136 8190 8188
f 8137 8190 8136
f 8135 8188 8186
f 8136 8188 8135
f 8134 8186 8184
f 8135 8186 8134
f 8133 8184 8181
f 8134 8184 8133
f 8133 8181 8178
f 8131 8178 8180
f 8133 8178 8131
f 8132 8180 8176
f 8131 8180 8132
f 8158 8176 8174
f 8132 8176 8158
f 8157 8174 8172
f 8158 8174 8157
f 8156 8172 8170
f 8157 8172 8156
f 8155 8170 8168
f 8156 8170 8155
f 8155 8168 8166
f 8154 8166 8164
f 8155 8166 8154
f 8153 8164 8162
f 8154 8164 8153
f 8152 8162 8160
f 8153 8162 8152
f 8150 8160 7943
f 8152 8160 8150
f 8193 8194 8195
f 8196 8195 8194
f 8197 8193 8195
f 8198 8197 8195
f 8199 8198 8195
f 8196 8199 8195
f 8200 8194 8193
f 8200 8196 8194
f 8201 8193 8197
f 8202 8193 8201
f 8200 8193 8202
f 8201 8197 8198
f 8198 8203 8204
f 8205 8204 8203
f 8201 8198 8204
f 8206 8201 8204
f 8207 8206 8204
f 8208 8207 8204
f 8205 8208 8204
f 8198 8209 8203
f 8210 8203 8209
f 8211 8203 8210
f 8205 8203 8211
f 8198 8212 8209
f 8213 8209 8212
f 8210 8209 8213
f 8214 8215 8212
f 8216 8212 8215
f 8217 8214 8212
f 8218 8217 8212
f 8198 8218 8212
f 8219 8213 8212
f 8220 8219 8212
f 8216 8220 8212
f 8221 8215 8214
f 8216 8215 8221
f 8222 8214 8217
f 8223 8214 8222
f 8223 8221 8214
f 8224 8217 8218
f 8222 8217 8224
f 8225 8218 8198
f 8224 8218 8225
f 8226 8227 8198
f 8228 8198 8227
f 8229 8226 8198
f 8230 8229 8198
f 8231 8230 8198
f 8232 8231 8198
f 8233 8232 8198
f 8234 8233 8198
f 8235 8234 8198
f 8236 8235 8198
f 8237 8236 8198
f 8238 8237 8198
f 8239 8238 8198
f 8240 8239 8198
f 8241 8240 8198
f 8242 8241 8198
f 8199 8242 8198
f 8225 8198 8228
f 8243 8244 8227
f 8200 8227 8244
f 8226 8243 8227
f 8228 8227 8200
f 8245 8246 8244
f 8247 8244 8246
f 8243 8245 8244
f 8200 8244 8247
f 8248 8249 8246
f 8250 8246 8249
f 8245 8248 8246
f 8247 8246 8250
f 8251 8252 8249
f 8253 8249 8252
f 8248 8251 8249
f 8250 8249 8253
f 8254 8255 8252
f 8256 8252 8255
f 8251 8254 8252
f 8253 8252 8256
f 8257 8258 8255
f 8259 8255 8258
f 8254 8257 8255
f 8256 8255 8259
f 8260 8261 8258
f 8262 8258 8261
f 8257 8260 8258
f 8259 8258 8262
f 8263 8264 8261
f 8265 8261 8264
f 8260 8263 8261
f 8262 8261 8265
f 8266 8267 8264
f 8268 8264 8267
f 8263 8266 8264
f 8265 8264 8268
f 8269 8270 8267
f 8271 8267 8270
f 8266 8269 8267
f 8268 8267 8271
f 8272 8273 8270
f 8274 8270 8273
f 8269 8272 8270
f 8271 8270 8274
f 8275 8276 8273
f 8277 8273 8276
f 8272 8275 8273
f 8274 8273 8277
f 8278 8279 8276
f 8280 8276 8279
f 8275 8278 8276
f 8277 8276 8280
f 8281 8282 8279
f 8283 8279 8282
f 8278 8281 8279
f 8280 8279 8283
f 8284 8285 8282
f 8286 8282 8285
f 8281 8284 8282
f 8283 8282 8286
f 8284 8287 8285
f 8288 8285 8287
f 8286 8285 8288
f 8289 8287 8284
f 8288 8287 8289
f 8290 8284 8281
f 8289 8284 8290
f 8291 8281 8278
f 8290 8281 8291
f 8292 8278 8275
f 8291 8278 8292
f 8293 8275 8272
f 8292 8275 8293
f 8294 8272 8269
f 8293 8272 8294
f 8295 8269 8266
f 8294 8269 8295
f 8296 8266 8263
f 8295 8266 8296
f 8297 8263 8260
f 8296 8263 8297
f 8298 8260 8257
f 8297 8260 8298
f 8299 8257 8254
f 8298 8257 8299
f 8300 8254 8251
f 8299 8254 8300
f 8301 8251 8248
f 8300 8251 8301
f 8302 8248 8245
f 8301 8248 8302
f 8303 8245 8243
f 8302 8245 8303
f 8304 8243 8226
f 8303 8243 8304
f 8305 8226 8229
f 8304 8226 8305
f 8306 8229 8230
f 8305 8229 8306
f 8307 8230 8231
f 8306 8230 8307
f 8308 8231 8232
f 8307 8231 8308
f 8309 8232 8233
f 8308 8232 8309
f 8310 8233 8234
f 8309 8233 8310
f 8311 8234 8235
f 8310 8234 8311
f 8312 8235 8236
f 8311 8235 8312
f 8313 8236 8237
f 8312 8236 8313
f 8314 8237 8238
f 8313 8237 8314
f 8315 8238 8239
f 8314 8238 8315
f 8316 8239 8240
f 8315 8239 8316
f 8317 8240 8241
f 8316 8240 8317
f 8318 8241 8242
f 8317 8241 8318
f 8319 8242 8199
f 8318 8242 8319
f 8319 8199 8196
f 8202 8201 8206
f 8320 8206 8207
f 8320 8202 8206
f 8321 8207 8208
f 8321 8320 8207
f 8322 8323 8208
f 8324 8208 8323
f 8205 8322 8208
f 8324 8321 8208
f 8325 8323 8322
f 8326 8323 8325
f 8213 8323 8326
f 8219 8323 8213
f 8327 8323 8219
f 8327 8324 8323
f 8211 8325 8322
f 8205 8211 8322
f 8210 8326 8325
f 8211 8210 8325
f 8210 8213 8326
f 8220 8328 8219
f 8329 8219 8328
f 8329 8327 8219
f 8330 8331 8328
f 8332 8328 8331
f 8220 8330 8328
f 8332 8329 8328
f 8333 8334 8331
f 8335 8331 8334
f 8330 8333 8331
f 8335 8332 8331
f 8333 8336 8334
f 8337 8334 8336
f 8338 8335 8334
f 8337 8338 8334
f 8339 8340 8336
f 8341 8336 8340
f 8333 8339 8336
f 8341 8337 8336
f 8342 8343 8340
f 8344 8340 8343
f 8339 8342 8340
f 8344 8341 8340
f 8345 8346 8343
f 8347 8343 8346
f 8342 8345 8343
f 8347 8344 8343
f 8348 8349 8346
f 8347 8346 8349
f 8345 8348 8346
f 8350 8351 8349
f 8352 8349 8351
f 8353 8350 8349
f 8348 8353 8349
f 8352 8347 8349
f 8354 8351 8350
f 8355 8351 8356
f 8354 8356 8351
f 8355 8352 8351
f 8357 8350 8353
f 8358 8354 8350
f 8357 8358 8350
f 8359 8353 8348
f 8357 8353 8359
f 8360 8348 8345
f 8359 8348 8360
f 8361 8345 8342
f 8360 8345 8361
f 8362 8342 8339
f 8361 8342 8362
f 8363 8339 8333
f 8362 8339 8363
f 8364 8333 8330
f 8363 8333 8364
f 8365 8330 8220
f 8364 8330 8365
f 8365 8220 8216
f 8366 8367 8368
f 8369 8368 8367
f 8370 8366 8368
f 8369 8370 8368
f 8366 8371 8367
f 8372 8367 8371
f 8372 8369 8367
f 8373 8374 8371
f 8375 8371 8374
f 8366 8373 8371
f 8375 8372 8371
f 8376 8377 8374
f 8375 8374 8377
f 8373 8376 8374
f 8378 8379 8377
f 8380 8377 8379
f 8376 8378 8377
f 8380 8375 8377
f 8381 8382 8379
f 8383 8379 8382
f 8378 8381 8379
f 8383 8380 8379
f 8384 8385 8382
f 8383 8382 8385
f 8381 8384 8382
f 8386 8387 8385
f 8388 8385 8387
f 8384 8386 8385
f 8388 8383 8385
f 8389 8356 8387
f 8354 8387 8356
f 8386 8389 8387
f 8354 8388 8387
f 8390 8355 8356
f 8389 8390 8356
f 8200 8202 8320
f 8200 8320 8321
f 8200 8321 8324
f 8200 8324 8327
f 8391 8327 8329
f 8200 8327 8391
f 8392 8329 8332
f 8393 8394 8329
f 8395 8329 8394
f 8392 8393 8329
f 8396 8391 8329
f 8397 8396 8329
f 8395 8397 8329
f 8398 8332 8335
f 8398 8392 8332
f 8398 8335 8338
f 8399 8338 8337
f 8399 8398 8338
f 8400 8337 8341
f 8400 8399 8337
f 8401 8341 8344
f 8401 8400 8341
f 8402 8344 8347
f 8402 8401 8344
f 8403 8347 8352
f 8403 8402 8347
f 8404 8352 8355
f 8404 8403 8352
f 8405 8355 8390
f 8404 8355 8405
f 8406 8390 8389
f 8406 8405 8390
f 8407 8389 8386
f 8407 8406 8389
f 8407 8386 8384
f 8408 8384 8381
f 8408 8407 8384
f 8409 8381 8378
f 8409 8408 8381
f 8409 8378 8376
f 8410 8376 8373
f 8410 8409 8376
f 8370 8373 8366
f 8370 8410 8373
f 8411 8405 8406
f 8412 8404 8405
f 8411 8412 8405
f 8413 8406 8407
f 8413 8411 8406
f 8414 8407 8408
f 8414 8413 8407
f 8415 8408 8409
f 8415 8414 8408
f 8416 8409 8410
f 8416 8415 8409
f 8417 8410 8370
f 8417 8416 8410
f 8418 8370 8369
f 8417 8370 8418
f 8419 8369 8372
f 8418 8369 8419
f 8420 8372 8375
f 8420 8419 8372
f 8421 8375 8380
f 8421 8420 8375
f 8422 8380 8383
f 8422 8421 8380
f 8423 8383 8388
f 8423 8422 8383
f 8424 8388 8354
f 8424 8423 8388
f 8424 8354 8358
f 8425 8426 8427
f 8200 8427 8426
f 8396 8427 8391
f 8200 8391 8427
f 8425 8427 8396
f 8425 8428 8426
f 8200 8426 8428
f 8395 8394 8428
f 8200 8428 8394
f 8429 8395 8428
f 8425 8429 8428
f 8200 8394 8393
f 8430 8393 8392
f 8228 8200 8393
f 8431 8228 8393
f 8430 8431 8393
f 8432 8392 8398
f 8432 8430 8392
f 8433 8398 8399
f 8433 8432 8398
f 8434 8399 8400
f 8434 8433 8399
f 8435 8400 8401
f 8435 8434 8400
f 8436 8401 8402
f 8436 8435 8401
f 8437 8402 8403
f 8437 8436 8402
f 8438 8403 8404
f 8438 8437 8403
f 8412 8438 8404
f 8425 8396 8397
f 8429 8397 8395
f 8425 8397 8429
f 8200 8319 8196
f 8200 8318 8319
f 8200 8317 8318
f 8200 8316 8317
f 8200 8315 8316
f 8200 8314 8315
f 8200 8313 8314
f 8200 8312 8313
f 8200 8311 8312
f 8200 8310 8311
f 8200 8309 8310
f 8200 8308 8309
f 8200 8307 8308
f 8200 8306 8307
f 8200 8305 8306
f 8200 8304 8305
f 8247 8303 8304
f 8200 8247 8304
f 8250 8302 8303
f 8247 8250 8303
f 8253 8301 8302
f 8250 8253 8302
f 8256 8300 8301
f 8253 8256 8301
f 8259 8299 8300
f 8256 8259 8300
f 8262 8298 8299
f 8259 8262 8299
f 8265 8297 8298
f 8262 8265 8298
f 8268 8296 8297
f 8265 8268 8297
f 8271 8295 8296
f 8268 8271 8296
f 8274 8294 8295
f 8271 8274 8295
f 8277 8293 8294
f 8274 8277 8294
f 8280 8292 8293
f 8277 8280 8293
f 8283 8291 8292
f 8280 8283 8292
f 8286 8290 8291
f 8283 8286 8291
f 8288 8289 8290
f 8286 8288 8290
f 8431 8225 8228
f 8431 8224 8225
f 8431 8222 8224
f 8430 8222 8431
f 8430 8223 8222
f 8223 8439 8221
f 8216 8221 8439
f 8440 8441 8439
f 8365 8439 8441
f 8223 8440 8439
f 8365 8216 8439
f 8442 8443 8441
f 8364 8441 8443
f 8440 8442 8441
f 8364 8365 8441
f 8444 8445 8443
f 8364 8443 8445
f 8442 8444 8443
f 8446 8447 8445
f 8363 8445 8447
f 8444 8446 8445
f 8363 8364 8445
f 8448 8449 8447
f 8362 8447 8449
f 8446 8448 8447
f 8362 8363 8447
f 8450 8451 8449
f 8361 8449 8451
f 8448 8450 8449
f 8361 8362 8449
f 8452 8453 8451
f 8360 8451 8453
f 8450 8452 8451
f 8360 8361 8451
f 8454 8455 8453
f 8359 8453 8455
f 8452 8454 8453
f 8359 8360 8453
f 8456 8457 8455
f 8357 8455 8457
f 8454 8456 8455
f 8357 8359 8455
f 8458 8459 8457
f 8357 8457 8459
f 8460 8458 8457
f 8456 8460 8457
f 8461 8462 8459
f 8358 8459 8462
f 8458 8461 8459
f 8357 8459 8358
f 8461 8463 8462
f 8424 8462 8463
f 8424 8358 8462
f 8464 8465 8463
f 8423 8463 8465
f 8461 8464 8463
f 8424 8463 8423
f 8466 8467 8465
f 8422 8465 8467
f 8464 8466 8465
f 8423 8465 8422
f 8468 8469 8467
f 8421 8467 8469
f 8466 8468 8467
f 8422 8467 8421
f 8470 8471 8469
f 8420 8469 8471
f 8468 8470 8469
f 8421 8469 8420
f 8418 8419 8471
f 8420 8471 8419
f 8472 8418 8471
f 8470 8472 8471
f 8417 8418 8472
f 8417 8472 8470
f 8416 8470 8468
f 8417 8470 8416
f 8415 8468 8466
f 8416 8468 8415
f 8414 8466 8464
f 8415 8466 8414
f 8413 8464 8461
f 8414 8464 8413
f 8413 8461 8458
f 8411 8458 8460
f 8413 8458 8411
f 8412 8460 8456
f 8411 8460 8412
f 8438 8456 8454
f 8412 8456 8438
f 8437 8454 8452
f 8438 8454 8437
f 8436 8452 8450
f 8437 8452 8436
f 8435 8450 8448
f 8436 8450 8435
f 8435 8448 8446
f 8434 8446 8444
f 8435 8446 8434
f 8433 8444 8442
f 8434 8444 8433
f 8432 8442 8440
f 8433 8442 8432
f 8430 8440 8223
f 8432 8440 8430
f 8473 8474 8475
f 8476 8475 8474
f 8477 8473 8475
f 8478 8477 8475
f 8476 8478 8475
f 8473 8479 8474
f 8476 8474 8479
f 8480 8481 8479
f 8476 8479 8481
f 8473 8480 8479
f 8482 8483 8481
f 8476 8481 8483
f 8480 8482 8481
f 8484 8485 8483
f 8486 8483 8485
f 8482 8484 8483
f 8486 8487 8483
f 8476 8483 8487
f 8488 8489 8485
f 8490 8485 8489
f 8484 8488 8485
f 8490 8486 8485
f 8491 8492 8489
f 8490 8489 8492
f 8488 8491 8489
f 8493 8494 8492
f 8490 8492 8494
f 8491 8493 8492
f 8495 8496 8494
f 8490 8494 8496
f 8493 8495 8494
f 8497 8498 8496
f 8490 8496 8498
f 8495 8497 8496
f 8499 8500 8498
f 8501 8498 8500
f 8497 8499 8498
f 8501 8490 8498
f 8502 8503 8500
f 8501 8500 8503
f 8499 8502 8500
f 8504 8505 8503
f 8501 8503 8505
f 8502 8504 8503
f 8506 8507 8505
f 8501 8505 8507
f 8504 8506 8505
f 8508 8509 8507
f 8510 8507 8509
f 8506 8508 8507
f 8510 8501 8507
f 8511 8512 8509
f 8513 8509 8512
f 8514 8511 8509
f 8508 8514 8509
f 8513 8510 8509
f 8515 8512 8511
f 8516 8513 8512
f 8517 8516 8512
f 8515 8517 8512
f 8518 8511 8514
f 8519 8511 8518
f 8515 8511 8519
f 8520 8514 8508
f 8521 8518 8514
f 8520 8521 8514
f 8522 8508 8506
f 8522 8520 8508
f 8523 8506 8504
f 8523 8522 8506
f 8524 8504 8502
f 8524 8523 8504
f 8525 8502 8499
f 8525 8524 8502
f 8526 8499 8497
f 8526 8525 8499
f 8527 8497 8495
f 8527 8526 8497
f 8528 8495 8493
f 8528 8527 8495
f 8529 8493 8491
f 8529 8528 8493
f 8530 8491 8488
f 8530 8529 8491
f 8531 8488 8484
f 8531 8530 8488
f 8532 8484 8482
f 8532 8531 8484
f 8533 8482 8480
f 8534 8532 8482
f 8533 8534 8482
f 8535 8480 8473
f 8536 8533 8480
f 8535 8536 8480
f 8535 8473 8477
f 8537 8477 8478
f 8538 8535 8477
f 8537 8538 8477
f 8476 8539 8540
f 8541 8540 8539
f 8542 8476 8540
f 8543 8540 8541
f 8543 8544 8540
f 8542 8540 8544
f 8476 8487 8539
f 8541 8539 8487
f 8545 8487 8486
f 8545 8541 8487
f 8546 8486 8490
f 8545 8486 8546
f 8547 8490 8501
f 8546 8490 8547
f 8548 8501 8510
f 8547 8501 8548
f 8549 8510 8513
f 8548 8510 8549
f 8550 8513 8516
f 8549 8513 8550
f 8551 8516 8517
f 8550 8516 8551
f 8515 8551 8517
f 8476 8552 8478
f 8537 8478 8552
f 8476 8553 8552
f 8554 8552 8553
f 8537 8552 8554
f 8476 8555 8553
f 8556 8553 8555
f 8554 8553 8556
f 8557 8558 8555
f 8559 8555 8558
f 8476 8557 8555
f 8556 8555 8559
f 8557 8560 8558
f 8561 8558 8560
f 8559 8558 8561
f 8557 8562 8560
f 8563 8560 8562
f 8561 8560 8563
f 8557 8564 8562
f 8565 8562 8564
f 8563 8562 8565
f 8557 8566 8564
f 8567 8564 8566
f 8565 8564 8567
f 8557 8568 8566
f 8569 8566 8568
f 8567 8566 8569
f 8557 8570 8568
f 8571 8568 8570
f 8569 8568 8571
f 8557 8572 8570
f 8573 8570 8572
f 8571 8570 8573
f 8557 8574 8572
f 8575 8572 8574
f 8573 8572 8575
f 8557 8576 8574
f 8577 8574 8576
f 8575 8574 8577
f 8557 8578 8576
f 8538 8576 8578
f 8577 8576 8538
f 8557 8579 8578
f 8580 8578 8579
f 8535 8578 8580
f 8538 8578 8535
f 8557 8581 8579
f 8582 8579 8581
f 8580 8579 8582
f 8557 8583 8581
f 8584 8581 8583
f 8585 8581 8584
f 8586 8581 8585
f 8582 8581 8586
f 8557 8587 8583
f 8588 8583 8587
f 8584 8583 8588
f 8557 8589 8587
f 8590 8587 8589
f 8588 8587 8590
f 8557 8591 8589
f 8592 8589 8591
f 8590 8589 8592
f 8557 8593 8591
f 8594 8591 8593
f 8592 8591 8594
f 8557 8595 8593
f 8596 8593 8595
f 8594 8593 8596
f 8557 8597 8595
f 8598 8595 8597
f 8596 8595 8598
f 8557 8599 8597
f 8600 8597 8599
f 8598 8597 8600
f 8557 8601 8599
f 8602 8599 8601
f 8600 8599 8602
f 8557 8603 8601
f 8604 8601 8603
f 8602 8601 8604
f 8557 8605 8603
f 8606 8603 8605
f 8604 8603 8606
f 8557 8607 8605
f 8608 8605 8607
f 8606 8605 8608
f 8557 8609 8607
f 8610 8607 8609
f 8608 8607 8610
f 8557 8611 8609
f 8612 8609 8611
f 8610 8609 8612
f 8557 8613 8611
f 8614 8611 8613
f 8612 8611 8614
f 8557 8615 8613
f 8616 8613 8615
f 8614 8613 8616
f 8557 8617 8615
f 8618 8615 8617
f 8616 8615 8618
f 8557 8619 8617
f 8620 8617 8619
f 8618 8617 8620
f 8621 8619 8557
f 8622 8619 8621
f 8620 8619 8622
f 8476 8623 8557
f 8624 8557 8623
f 8624 8621 8557
f 8542 8623 8476
f 8542 8625 8623
f 8626 8623 8625
f 8627 8624 8623
f 8628 8627 8623
f 8629 8628 8623
f 8630 8629 8623
f 8631 8630 8623
f 8632 8631 8623
f 8633 8632 8623
f 8634 8633 8623
f 8635 8634 8623
f 8636 8635 8623
f 8637 8636 8623
f 8638 8637 8623
f 8639 8638 8623
f 8640 8639 8623
f 8641 8640 8623
f 8642 8641 8623
f 8643 8642 8623
f 8644 8643 8623
f 8626 8644 8623
f 8543 8541 8645
f 8545 8645 8541
f 8646 8543 8645
f 8647 8648 8645
f 8649 8645 8648
f 8551 8647 8645
f 8550 8551 8645
f 8549 8550 8645
f 8548 8549 8645
f 8547 8548 8645
f 8546 8547 8645
f 8545 8546 8645
f 8650 8621 8645
f 8651 8645 8621
f 8652 8650 8645
f 8653 8652 8645
f 8654 8653 8645
f 8655 8654 8645
f 8656 8655 8645
f 8657 8656 8645
f 8658 8657 8645
f 8659 8658 8645
f 8660 8659 8645
f 8661 8660 8645
f 8662 8661 8645
f 8663 8662 8645
f 8664 8663 8645
f 8665 8664 8645
f 8666 8665 8645
f 8667 8666 8645
f 8668 8667 8645
f 8669 8668 8645
f 8670 8669 8645
f 8671 8670 8645
f 8672 8671 8645
f 8673 8672 8645
f 8674 8673 8645
f 8649 8674 8645
f 8651 8646 8645
f 8675 8544 8543
f 8542 8544 8675
f 8646 8675 8543
f 8676 8648 8647
f 8677 8649 8648
f 8676 8677 8648
f 8678 8647 8551
f 8678 8676 8647
f 8515 8678 8551
f 8585 8622 8621
f 8679 8585 8621
f 8680 8679 8621
f 8681 8680 8621
f 8682 8681 8621
f 8683 8682 8621
f 8684 8683 8621
f 8650 8684 8621
f 8624 8651 8621
f 8585 8620 8622
f 8585 8618 8620
f 8585 8616 8618
f 8585 8614 8616
f 8585 8612 8614
f 8584 8610 8612
f 8585 8584 8612
f 8584 8608 8610
f 8584 8606 8608
f 8584 8604 8606
f 8584 8602 8604
f 8588 8600 8602
f 8584 8588 8602
f 8588 8598 8600
f 8588 8596 8598
f 8588 8594 8596
f 8588 8592 8594
f 8588 8590 8592
f 8685 8585 8679
f 8586 8585 8685
f 8686 8679 8680
f 8685 8679 8686
f 8687 8680 8681
f 8686 8680 8687
f 8688 8681 8682
f 8687 8681 8688
f 8689 8682 8683
f 8688 8682 8689
f 8690 8683 8684
f 8689 8683 8690
f 8691 8684 8650
f 8690 8684 8691
f 8692 8650 8652
f 8691 8650 8692
f 8693 8652 8653
f 8692 8652 8693
f 8694 8653 8654
f 8693 8653 8694
f 8695 8654 8655
f 8694 8654 8695
f 8696 8655 8656
f 8695 8655 8696
f 8697 8656 8657
f 8696 8656 8697
f 8698 8657 8658
f 8697 8657 8698
f 8699 8658 8659
f 8698 8658 8699
f 8700 8659 8660
f 8699 8659 8700
f 8701 8660 8661
f 8700 8660 8701
f 8702 8661 8662
f 8703 8701 8661
f 8702 8703 8661
f 8704 8662 8663
f 8704 8702 8662
f 8705 8663 8664
f 8705 8704 8663
f 8706 8664 8665
f 8706 8705 8664
f 8707 8665 8666
f 8707 8706 8665
f 8708 8666 8667
f 8708 8707 8666
f 8709 8667 8668
f 8709 8708 8667
f 8710 8668 8669
f 8710 8709 8668
f 8711 8669 8670
f 8711 8710 8669
f 8712 8670 8671
f 8712 8711 8670
f 8713 8671 8672
f 8713 8712 8671
f 8714 8672 8673
f 8714 8713 8672
f 8715 8673 8674
f 8715 8714 8673
f 8677 8674 8649
f 8677 8715 8674
f 8687 8701 8703
f 8687 8700 8701
f 8687 8703 8702
f 8716 8702 8704
f 8717 8687 8702
f 8716 8717 8702
f 8718 8704 8705
f 8718 8716 8704
f 8719 8705 8706
f 8720 8718 8705
f 8719 8720 8705
f 8721 8706 8707
f 8721 8719 8706
f 8722 8707 8708
f 8722 8721 8707
f 8723 8708 8709
f 8723 8722 8708
f 8724 8709 8710
f 8724 8723 8709
f 8725 8710 8711
f 8725 8724 8710
f 8726 8711 8712
f 8726 8725 8711
f 8727 8712 8713
f 8727 8726 8712
f 8728 8713 8714
f 8728 8727 8713
f 8729 8714 8715
f 8729 8728 8714
f 8730 8715 8677
f 8730 8729 8715
f 8731 8677 8676
f 8731 8730 8677
f 8678 8732 8676
f 8731 8676 8732
f 8733 8734 8732
f 8735 8732 8734
f 8678 8733 8732
f 8736 8731 8732
f 8735 8737 8732
f 8736 8732 8737
f 8519 8734 8733
f 8735 8734 8519
f 8738 8733 8678
f 8738 8519 8733
f 8738 8678 8515
f 8688 8699 8700
f 8687 8688 8700
f 8689 8698 8699
f 8688 8689 8699
f 8690 8697 8698
f 8689 8690 8698
f 8691 8696 8697
f 8690 8691 8697
f 8692 8695 8696
f 8691 8692 8696
f 8693 8694 8695
f 8692 8693 8695
f 8739 8686 8687
f 8740 8739 8687
f 8717 8740 8687
f 8741 8685 8686
f 8742 8741 8686
f 8739 8742 8686
f 8743 8586 8685
f 8744 8743 8685
f 8741 8744 8685
f 8745 8746 8586
f 8582 8586 8746
f 8747 8745 8586
f 8748 8747 8586
f 8749 8748 8586
f 8750 8749 8586
f 8751 8750 8586
f 8752 8751 8586
f 8753 8752 8586
f 8754 8753 8586
f 8743 8754 8586
f 8755 8746 8745
f 8582 8746 8756
f 8757 8756 8746
f 8755 8757 8746
f 8758 8745 8747
f 8759 8755 8745
f 8758 8759 8745
f 8760 8747 8748
f 8760 8758 8747
f 8761 8748 8749
f 8761 8760 8748
f 8762 8749 8750
f 8762 8761 8749
f 8763 8750 8751
f 8763 8762 8750
f 8764 8751 8752
f 8764 8763 8751
f 8765 8752 8753
f 8765 8764 8752
f 8766 8753 8754
f 8766 8765 8753
f 8767 8754 8743
f 8767 8766 8754
f 8768 8743 8744
f 8768 8767 8743
f 8769 8744 8741
f 8769 8768 8744
f 8770 8741 8742
f 8770 8769 8741
f 8771 8742 8739
f 8771 8770 8742
f 8772 8739 8740
f 8772 8771 8739
f 8773 8740 8717
f 8773 8772 8740
f 8774 8717 8716
f 8775 8773 8717
f 8776 8775 8717
f 8777 8776 8717
f 8774 8777 8717
f 8778 8716 8718
f 8778 8774 8716
f 8779 8718 8720
f 8779 8778 8718
f 8780 8720 8719
f 8780 8779 8720
f 8781 8719 8721
f 8781 8780 8719
f 8782 8721 8722
f 8782 8781 8721
f 8782 8722 8723
f 8783 8723 8724
f 8783 8782 8723
f 8784 8724 8725
f 8784 8783 8724
f 8785 8725 8726
f 8785 8784 8725
f 8786 8726 8727
f 8786 8785 8726
f 8787 8727 8728
f 8787 8786 8727
f 8788 8728 8729
f 8788 8787 8728
f 8789 8729 8730
f 8790 8788 8729
f 8789 8790 8729
f 8736 8730 8731
f 8736 8789 8730
f 8791 8519 8518
f 8521 8791 8518
f 8792 8735 8519
f 8791 8792 8519
f 8738 8515 8519
f 8793 8737 8735
f 8794 8736 8737
f 8795 8794 8737
f 8793 8795 8737
f 8796 8735 8792
f 8797 8735 8798
f 8796 8798 8735
f 8799 8793 8735
f 8800 8799 8735
f 8801 8800 8735
f 8802 8801 8735
f 8803 8802 8735
f 8804 8803 8735
f 8805 8804 8735
f 8806 8805 8735
f 8807 8806 8735
f 8797 8807 8735
f 8808 8792 8791
f 8809 8796 8792
f 8808 8809 8792
f 8810 8791 8521
f 8811 8808 8791
f 8812 8811 8791
f 8813 8812 8791
f 8814 8813 8791
f 8815 8814 8791
f 8816 8815 8791
f 8817 8816 8791
f 8818 8817 8791
f 8819 8818 8791
f 8820 8819 8791
f 8810 8820 8791
f 8821 8521 8520
f 8810 8521 8821
f 8822 8520 8522
f 8821 8520 8822
f 8823 8522 8523
f 8822 8522 8823
f 8824 8523 8524
f 8823 8523 8824
f 8825 8524 8525
f 8824 8524 8825
f 8826 8525 8526
f 8825 8525 8826
f 8827 8526 8527
f 8826 8526 8827
f 8828 8527 8528
f 8827 8527 8828
f 8829 8528 8529
f 8828 8528 8829
f 8830 8529 8530
f 8829 8529 8830
f 8831 8530 8531
f 8830 8530 8831
f 8832 8531 8532
f 8831 8531 8832
f 8833 8532 8534
f 8832 8532 8833
f 8834 8534 8533
f 8833 8534 8834
f 8835 8533 8536
f 8835 8834 8533
f 8535 8836 8536
f 8837 8536 8836
f 8837 8835 8536
f 8535 8838 8836
f 8839 8836 8838
f 8839 8837 8836
f 8535 8840 8838
f 8841 8838 8840
f 8841 8839 8838
f 8580 8842 8840
f 8843 8840 8842
f 8535 8580 8840
f 8843 8841 8840
f 8580 8844 8842
f 8845 8842 8844
f 8845 8843 8842
f 8582 8846 8844
f 8847 8844 8846
f 8580 8582 8844
f 8847 8845 8844
f 8582 8848 8846
f 8847 8846 8848
f 8582 8849 8848
f 8850 8848 8849
f 8850 8847 8848
f 8582 8851 8849
f 8852 8849 8851
f 8852 8850 8849
f 8582 8853 8851
f 8854 8851 8853
f 8854 8852 8851
f 8582 8855 8853
f 8856 8853 8855
f 8856 8854 8853
f 8582 8857 8855
f 8858 8855 8857
f 8858 8856 8855
f 8582 8859 8857
f 8860 8857 8859
f 8860 8858 8857
f 8582 8861 8859
f 8862 8859 8861
f 8863 8860 8859
f 8862 8863 8859
f 8582 8864 8861
f 8865 8861 8864
f 8865 8862 8861
f 8582 8756 8864
f 8865 8864 8756
f 8757 8866 8756
f 8865 8756 8866
f 8537 8577 8538
f 8554 8575 8577
f 8537 8554 8577
f 8556 8573 8575
f 8554 8556 8575
f 8559 8571 8573
f 8556 8559 8573
f 8561 8569 8571
f 8559 8561 8571
f 8563 8567 8569
f 8561 8563 8569
f 8563 8565 8567
f 8646 8625 8675
f 8542 8675 8625
f 8867 8625 8646
f 8868 8625 8869
f 8867 8869 8625
f 8870 8626 8625
f 8871 8870 8625
f 8872 8871 8625
f 8873 8872 8625
f 8874 8873 8625
f 8875 8874 8625
f 8876 8875 8625
f 8877 8876 8625
f 8878 8877 8625
f 8879 8878 8625
f 8868 8879 8625
f 8880 8646 8651
f 8880 8867 8646
f 8627 8651 8624
f 8880 8651 8627
f 8881 8868 8869
f 8881 8869 8867
f 8880 8627 8628
f 8882 8628 8629
f 8883 8628 8882
f 8880 8628 8883
f 8884 8629 8630
f 8882 8629 8884
f 8885 8630 8631
f 8884 8630 8885
f 8886 8631 8632
f 8885 8631 8886
f 8887 8632 8633
f 8886 8632 8887
f 8888 8633 8634
f 8887 8633 8888
f 8889 8634 8635
f 8888 8634 8889
f 8890 8635 8636
f 8889 8635 8890
f 8891 8636 8637
f 8890 8636 8891
f 8892 8637 8638
f 8891 8637 8892
f 8893 8638 8639
f 8892 8638 8893
f 8894 8639 8640
f 8893 8639 8894
f 8894 8640 8641
f 8895 8641 8642
f 8894 8641 8895
f 8896 8642 8643
f 8897 8642 8896
f 8895 8642 8897
f 8898 8643 8644
f 8896 8643 8898
f 8899 8644 8626
f 8898 8644 8899
f 8900 8626 8870
f 8899 8626 8900
f 8901 8870 8871
f 8900 8870 8901
f 8902 8871 8872
f 8901 8871 8902
f 8903 8872 8873
f 8902 8872 8903
f 8904 8873 8874
f 8903 8873 8904
f 8905 8874 8875
f 8904 8874 8905
f 8906 8875 8876
f 8905 8875 8906
f 8907 8876 8877
f 8906 8876 8907
f 8908 8877 8878
f 8907 8877 8908
f 8909 8878 8879
f 8908 8878 8909
f 8881 8879 8868
f 8909 8879 8881
f 8880 8881 8867
f 8880 8909 8881
f 8883 8908 8909
f 8880 8883 8909
f 8882 8907 8908
f 8883 8882 8908
f 8884 8906 8907
f 8882 8884 8907
f 8885 8905 8906
f 8884 8885 8906
f 8886 8904 8905
f 8885 8886 8905
f 8887 8903 8904
f 8886 8887 8904
f 8888 8902 8903
f 8887 8888 8903
f 8889 8901 8902
f 8888 8889 8902
f 8890 8900 8901
f 8889 8890 8901
f 8891 8899 8900
f 8890 8891 8900
f 8892 8898 8899
f 8891 8892 8899
f 8893 8896 8898
f 8892 8893 8898
f 8894 8897 8896
f 8893 8894 8896
f 8894 8895 8897
f 8757 8910 8866
f 8911 8866 8910
f 8912 8865 8866
f 8911 8912 8866
f 8913 8914 8910
f 8915 8910 8914
f 8757 8913 8910
f 8916 8911 8910
f 8917 8916 8910
f 8918 8917 8910
f 8919 8918 8910
f 8920 8919 8910
f 8915 8920 8910
f 8921 8922 8914
f 8915 8914 8922
f 8923 8921 8914
f 8924 8923 8914
f 8913 8924 8914
f 8925 8926 8922
f 8915 8922 8926
f 8921 8925 8922
f 8925 8927 8926
f 8928 8926 8927
f 8915 8926 8928
f 8925 8929 8927
f 8928 8927 8929
f 8925 8930 8929
f 8931 8929 8930
f 8928 8929 8931
f 8925 8932 8930
f 8933 8930 8932
f 8931 8930 8933
f 8925 8934 8932
f 8935 8932 8934
f 8933 8932 8935
f 8925 8936 8934
f 8937 8934 8936
f 8935 8934 8937
f 8938 8936 8925
f 8938 8939 8936
f 8940 8936 8939
f 8941 8936 8940
f 8937 8936 8941
f 8942 8925 8921
f 8943 8938 8925
f 8944 8943 8925
f 8942 8944 8925
f 8813 8921 8923
f 8945 8921 8813
f 8946 8921 8945
f 8947 8921 8946
f 8948 8921 8947
f 8949 8921 8948
f 8950 8921 8949
f 8951 8921 8950
f 8952 8921 8951
f 8953 8921 8952
f 8954 8921 8953
f 8955 8921 8954
f 8942 8921 8955
f 8956 8923 8924
f 8956 8813 8923
f 8957 8958 8924
f 8956 8924 8958
f 8913 8957 8924
f 8959 8960 8958
f 8961 8958 8960
f 8957 8959 8958
f 8962 8958 8961
f 8956 8958 8962
f 8963 8964 8960
f 8965 8960 8964
f 8959 8963 8960
f 8961 8960 8965
f 8963 8966 8964
f 8967 8964 8966
f 8967 8965 8964
f 8968 8969 8966
f 8970 8966 8969
f 8963 8968 8966
f 8971 8967 8966
f 8970 8971 8966
f 8972 8973 8969
f 8974 8969 8973
f 8975 8972 8969
f 8968 8975 8969
f 8974 8970 8969
f 8976 8973 8972
f 8977 8973 8976
f 8978 8973 8977
f 8979 8974 8973
f 8978 8979 8973
f 8980 8972 8975
f 8981 8976 8972
f 8980 8981 8972
f 8982 8975 8968
f 8983 8980 8975
f 8982 8983 8975
f 8984 8968 8963
f 8984 8982 8968
f 8985 8963 8959
f 8986 8984 8963
f 8985 8986 8963
f 8987 8959 8957
f 8987 8985 8959
f 8988 8957 8913
f 8988 8987 8957
f 8989 8990 8913
f 8991 8913 8990
f 8992 8989 8913
f 8757 8992 8913
f 8991 8988 8913
f 8993 8990 8989
f 8991 8990 8805
f 8993 8805 8990
f 8994 8995 8989
f 8996 8989 8995
f 8997 8994 8989
f 8998 8997 8989
f 8999 8998 8989
f 9000 8999 8989
f 9001 9000 8989
f 9002 9001 8989
f 9003 9002 8989
f 8992 9003 8989
f 9004 8993 8989
f 9005 8989 8996
f 9006 8989 9005
f 9007 8989 9006
f 9008 8989 9007
f 9009 8989 9008
f 9010 8989 9009
f 9011 8989 9010
f 9012 8989 9011
f 9013 8989 9012
f 9004 8989 9013
f 9014 8995 8994
f 9015 8995 9014
f 9016 8995 9015
f 9017 8995 9016
f 8996 8995 9017
f 9018 8994 8997
f 9019 9014 8994
f 9018 9019 8994
f 9020 8997 8998
f 9020 9018 8997
f 9021 8998 8999
f 9021 9020 8998
f 9022 8999 9000
f 9022 9021 8999
f 9022 9000 9001
f 9023 9001 9002
f 9023 9022 9001
f 9024 9002 9003
f 9024 9023 9002
f 9024 9003 8992
f 9025 8992 8757
f 9025 9024 8992
f 9025 8757 8755
f 9026 8755 8759
f 9027 9025 8755
f 9028 9027 8755
f 9029 9028 8755
f 9030 9029 8755
f 9031 9030 8755
f 9026 9031 8755
f 9032 8759 8758
f 9032 9026 8759
f 9032 8758 8760
f 9033 8760 8761
f 9033 9032 8760
f 9034 8761 8762
f 9034 9033 8761
f 9035 8762 8763
f 9035 9034 8762
f 9035 8763 8764
f 9036 8764 8765
f 9036 9035 8764
f 9037 8765 8766
f 9037 9036 8765
f 9037 8766 8767
f 9038 8767 8768
f 9038 9037 8767
f 9038 8768 8769
f 9039 8769 8770
f 9039 9038 8769
f 9039 8770 8771
f 9039 8771 8772
f 9040 8772 8773
f 9039 8772 9040
f 9041 8773 8775
f 9042 8773 9041
f 9040 8773 9042
f 9043 9044 8775
f 9041 8775 9044
f 9045 9043 8775
f 8776 9045 8775
f 9046 9047 9044
f 9048 9044 9047
f 9049 9046 9044
f 9043 9049 9044
f 9050 9041 9044
f 9048 9050 9044
f 9051 9052 9047
f 9053 9047 9052
f 9054 9051 9047
f 9046 9054 9047
f 9055 9048 9047
f 9053 9055 9047
f 9056 9057 9052
f 9058 9052 9057
f 9059 9056 9052
f 9051 9059 9052
f 9060 9053 9052
f 9058 9060 9052
f 9061 9062 9057
f 9063 9057 9062
f 9064 9061 9057
f 9056 9064 9057
f 9065 9058 9057
f 9063 9065 9057
f 9066 9067 9062
f 9068 9062 9067
f 9069 9066 9062
f 9061 9069 9062
f 9070 9063 9062
f 9068 9070 9062
f 9071 9072 9067
f 9073 9067 9072
f 9074 9071 9067
f 9066 9074 9067
f 9075 9068 9067
f 9073 9075 9067
f 9076 9077 9072
f 9078 9072 9077
f 9079 9076 9072
f 9071 9079 9072
f 9080 9073 9072
f 9078 9080 9072
f 9081 9082 9077
f 9083 9077 9082
f 9084 9081 9077
f 9076 9084 9077
f 9083 9078 9077
f 9085 9086 9082
f 9087 9082 9086
f 9088 9085 9082
f 9081 9088 9082
f 9087 9083 9082
f 9089 9090 9086
f 9091 9086 9090
f 9092 9089 9086
f 9085 9092 9086
f 9091 9087 9086
f 9093 9094 9090
f 9095 9090 9094
f 9096 9093 9090
f 9089 9096 9090
f 9095 9091 9090
f 9097 9098 9094
f 9099 9094 9098
f 9100 9097 9094
f 9093 9100 9094
f 9099 9095 9094
f 9101 9102 9098
f 9103 9098 9102
f 9104 9101 9098
f 9097 9104 9098
f 9103 9099 9098
f 9105 9014 9102
f 9106 9102 9014
f 9107 9105 9102
f 9101 9107 9102
f 9106 9103 9102
f 9105 9015 9014
f 9019 9106 9014
f 9108 9015 9105
f 9016 9015 9108
f 9109 9105 9107
f 9108 9105 9109
f 9110 9107 9101
f 9109 9107 9110
f 9111 9101 9104
f 9110 9101 9111
f 9112 9104 9097
f 9111 9104 9112
f 9113 9097 9100
f 9112 9097 9113
f 9114 9100 9093
f 9113 9100 9114
f 9115 9093 9096
f 9114 9093 9115
f 9116 9096 9089
f 9115 9096 9116
f 9117 9089 9092
f 9116 9089 9117
f 9118 9092 9085
f 9117 9092 9118
f 9119 9085 9088
f 9118 9085 9119
f 9120 9088 9081
f 9119 9088 9120
f 9121 9081 9084
f 9120 9081 9121
f 9122 9084 9076
f 9121 9084 9122
f 9123 9076 9079
f 9122 9076 9123
f 9124 9079 9071
f 9123 9079 9124
f 9125 9071 9074
f 9124 9071 9125
f 9126 9074 9066
f 9125 9074 9126
f 9127 9066 9069
f 9126 9066 9127
f 9128 9069 9061
f 9127 9069 9128
f 9129 9061 9064
f 9128 9061 9129
f 9130 9064 9056
f 9129 9064 9130
f 9131 9056 9059
f 9130 9056 9131
f 9132 9059 9051
f 9131 9059 9132
f 9133 9051 9054
f 9132 9051 9133
f 9134 9054 9046
f 9133 9054 9134
f 9135 9046 9049
f 9134 9046 9135
f 9136 9049 9043
f 9135 9049 9136
f 9137 9043 9045
f 9136 9043 9137
f 9137 9045 8776
f 9138 8776 8777
f 9139 8776 9138
f 9137 8776 9139
f 8778 8777 8774
f 8779 8777 8778
f 8780 8777 8779
f 8781 8777 8780
f 8782 8777 8781
f 8783 8777 8782
f 8784 8777 8783
f 8785 8777 8784
f 8786 8777 8785
f 8787 8777 8786
f 9138 8777 8787
f 9138 8787 8788
f 9140 8788 8790
f 9141 9138 8788
f 9142 9141 8788
f 9143 9142 8788
f 9144 9143 8788
f 9145 9144 8788
f 9140 9145 8788
f 9146 8790 8789
f 9147 9140 8790
f 9148 9147 8790
f 9146 9148 8790
f 9149 8789 8736
f 9150 9146 8789
f 9151 9150 8789
f 9149 9151 8789
f 9152 9149 8736
f 8794 9152 8736
f 9153 9154 9155
f 9156 9155 9154
f 9157 9153 9155
f 9158 9157 9155
f 9159 9158 9155
f 9160 9155 9156
f 9159 9155 9160
f 9153 9161 9154
f 9162 9154 9161
f 9163 9156 9154
f 9162 9163 9154
f 9164 9165 9161
f 9166 9161 9165
f 9153 9164 9161
f 9166 9162 9161
f 9164 9167 9165
f 9168 9165 9167
f 9168 9166 9165
f 9169 9170 9167
f 9171 9167 9170
f 9164 9169 9167
f 9171 9168 9167
f 9169 9172 9170
f 9173 9170 9172
f 9174 9171 9170
f 9173 9174 9170
f 9175 9176 9172
f 9177 9172 9176
f 9169 9175 9172
f 9177 9173 9172
f 9178 9179 9176
f 9180 9176 9179
f 9175 9178 9176
f 9180 9177 9176
f 9181 9182 9179
f 9183 9179 9182
f 9178 9181 9179
f 9183 9180 9179
f 9181 9184 9182
f 9185 9182 9184
f 9185 9183 9182
f 9185 9184 9181
f 9186 9181 9178
f 9186 9185 9181
f 9187 9178 9175
f 9187 9186 9178
f 9188 9175 9169
f 9188 9187 9175
f 9189 9169 9164
f 9189 9188 9169
f 9190 9164 9153
f 9190 9189 9164
f 9191 9153 9157
f 9191 9190 9153
f 9158 9192 9157
f 9193 9157 9192
f 9194 9191 9157
f 9193 9194 9157
f 9158 9195 9192
f 9196 9192 9195
f 9196 9193 9192
f 9158 9197 9195
f 9198 9195 9197
f 9198 9196 9195
f 9158 9199 9197
f 9200 9197 9199
f 9200 9198 9197
f 9201 9202 9199
f 9203 9199 9202
f 9158 9201 9199
f 9203 9200 9199
f 9201 9204 9202
f 9205 9202 9204
f 9205 9203 9202
f 9206 9207 9208
f 9201 9209 9204
f 9210 9204 9209
f 9205 9204 9210
f 9211 9207 9206
f 9201 9212 9209
f 9213 9209 9212
f 9213 9210 9209
f 9201 9214 9212
f 9215 9212 9214
f 9213 9212 9216
f 9212 9217 9218
f 9215 9217 9212
f 9201 9219 9214
f 9220 9214 9219
f 9220 9215 9214
f 9201 9221 9219
f 9222 9219 9221
f 9222 9220 9219
f 9223 9224 9221
f 9225 9221 9224
f 9201 9223 9221
f 9225 9222 9221
f 9223 9226 9224
f 9227 9224 9226
f 9227 9225 9224
f 9228 9229 9226
f 9230 9226 9229
f 9223 9228 9226
f 9230 9227 9226
f 9228 9231 9229
f 9232 9229 9231
f 9232 9230 9229
f 9233 9234 9231
f 9235 9231 9234
f 9228 9233 9231
f 9235 9232 9231
f 9233 9236 9234
f 9237 9234 9236
f 9237 9235 9234
f 9238 9239 9236
f 9240 9236 9239
f 9233 9238 9236
f 9240 9237 9236
f 9238 9241 9239
f 9242 9239 9241
f 9242 9240 9239
f 9243 9244 9241
f 9245 9241 9244
f 9238 9243 9241
f 9245 9242 9241
f 9246 9247 9244
f 9248 9244 9247
f 9243 9246 9244
f 9248 9245 9244
f 9246 8798 9247
f 9249 9247 8798
f 9249 9248 9247
f 9246 8797 8798
f 8796 9249 8798
f 9139 9138 9141
f 9135 9141 9142
f 9137 9139 9141
f 9136 9137 9141
f 9135 9136 9141
f 9133 9142 9143
f 9134 9135 9142
f 9133 9134 9142
f 9131 9143 9144
f 9132 9133 9143
f 9131 9132 9143
f 9129 9144 9145
f 9130 9131 9144
f 9129 9130 9144
f 9127 9145 9140
f 9128 9129 9145
f 9127 9128 9145
f 9125 9140 9147
f 9126 9127 9140
f 9125 9126 9140
f 9123 9147 9148
f 9124 9125 9147
f 9123 9124 9147
f 9121 9148 9146
f 9122 9123 9148
f 9121 9122 9148
f 9119 9146 9150
f 9120 9121 9146
f 9119 9120 9146
f 9117 9150 9151
f 9118 9119 9150
f 9117 9118 9150
f 9116 9151 9149
f 9116 9117 9151
f 9114 9149 9152
f 9115 9116 9149
f 9114 9115 9149
f 9112 9152 8794
f 9113 9114 9152
f 9112 9113 9152
f 9110 8794 8795
f 9111 9112 8794
f 9110 9111 8794
f 9108 8795 8793
f 9109 9110 8795
f 9108 9109 8795
f 9017 8793 8799
f 9016 9108 8793
f 9017 9016 8793
f 9250 8799 8800
f 9251 9017 8799
f 9250 9251 8799
f 9252 8800 8801
f 9253 9250 8800
f 9252 9253 8800
f 9254 8801 8802
f 9255 9252 8801
f 9254 9255 8801
f 9256 8802 8803
f 9257 9254 8802
f 9256 9257 8802
f 9258 8803 8804
f 9259 9256 8803
f 9258 9259 8803
f 9260 8804 8805
f 9261 8804 9260
f 9261 9258 8804
f 8985 8805 8806
f 8987 8805 8985
f 8988 8805 8987
f 8991 8805 8988
f 8993 9260 8805
f 8982 8806 8807
f 8984 8806 8982
f 8986 8806 8984
f 8985 8806 8986
f 8980 8807 8797
f 8983 8807 8980
f 8982 8807 8983
f 9262 8797 9246
f 8981 8797 9262
f 8980 8797 8981
f 9263 9246 9243
f 9264 9246 9263
f 9262 9246 9264
f 9265 9243 9238
f 9266 9243 9265
f 9263 9243 9266
f 9267 9238 9233
f 9265 9238 9267
f 9268 9233 9228
f 9269 9233 9268
f 9267 9233 9269
f 9270 9228 9223
f 9271 9228 9270
f 9268 9228 9271
f 9272 9223 9201
f 9273 9223 9272
f 9270 9223 9273
f 9274 9201 9158
f 9275 9201 9274
f 9272 9201 9275
f 9276 9158 9159
f 9274 9158 9276
f 9205 9277 9278
f 9216 9278 9277
f 9279 9205 9278
f 9280 9278 9216
f 9281 9279 9278
f 9280 9281 9278
f 9205 9210 9277
f 9213 9277 9210
f 9213 9216 9277
f 9160 9156 9163
f 9282 9163 9162
f 9160 9163 9282
f 9283 9162 9166
f 9282 9162 9283
f 9283 9166 9168
f 9284 9168 9171
f 9283 9168 9284
f 9284 9171 9174
f 9285 9174 9173
f 9284 9174 9285
f 9285 9173 9177
f 9286 9177 9180
f 9285 9177 9286
f 9287 9180 9183
f 9286 9180 9287
f 9288 9183 9185
f 9287 9183 9288
f 9289 9185 9186
f 9288 9185 9289
f 9289 9186 9187
f 9290 9187 9188
f 9289 9187 9290
f 9291 9188 9189
f 9290 9188 9291
f 9292 9189 9190
f 9291 9189 9292
f 9293 9190 9191
f 9292 9190 9293
f 9293 9191 9194
f 9293 9194 9193
f 9294 9193 9196
f 9293 9193 9294
f 9294 9196 9198
f 9294 9198 9200
f 9279 9200 9203
f 9294 9200 9279
f 9279 9203 9205
f 9280 9216 9212
f 9218 9280 9212
f 9281 9294 9279
f 9295 9293 9294
f 9281 9295 9294
f 9295 9292 9293
f 9296 9291 9292
f 9295 9296 9292
f 9296 9290 9291
f 9297 9289 9290
f 9296 9297 9290
f 9297 9288 9289
f 9298 9287 9288
f 9297 9298 9288
f 9298 9286 9287
f 9299 9285 9286
f 9298 9299 9286
f 9299 9284 9285
f 9300 9283 9284
f 9299 9300 9284
f 9300 9282 9283
f 9301 9302 9282
f 9160 9282 9302
f 9300 9301 9282
f 9301 9303 9302
f 9159 9302 9303
f 9159 9160 9302
f 9304 9305 9303
f 9276 9303 9305
f 9301 9304 9303
f 9276 9159 9303
f 9306 9307 9305
f 9274 9305 9307
f 9304 9306 9305
f 9274 9276 9305
f 9306 9308 9307
f 9275 9307 9308
f 9275 9274 9307
f 9309 9310 9308
f 9272 9308 9310
f 9306 9309 9308
f 9272 9275 9308
f 9309 9311 9310
f 9273 9310 9311
f 9273 9272 9310
f 9312 9313 9311
f 9270 9311 9313
f 9309 9312 9311
f 9270 9273 9311
f 9312 9314 9313
f 9271 9313 9314
f 9271 9270 9313
f 9315 9316 9314
f 9268 9314 9316
f 9312 9315 9314
f 9268 9271 9314
f 9315 9317 9316
f 9269 9316 9317
f 9269 9268 9316
f 9318 9319 9317
f 9267 9317 9319
f 9315 9318 9317
f 9267 9269 9317
f 9318 9320 9319
f 9265 9319 9320
f 9265 9267 9319
f 9321 9322 9320
f 9266 9320 9322
f 9318 9321 9320
f 9266 9265 9320
f 9321 9323 9322
f 9263 9322 9323
f 9263 9266 9322
f 8977 9324 9323
f 9264 9323 9324
f 9321 8977 9323
f 9264 9263 9323
f 8977 8976 9324
f 9262 9324 8976
f 9262 9264 9324
f 8981 9262 8976
f 9325 8977 9321
f 9326 8978 8977
f 9325 9326 8977
f 9327 9321 9318
f 9328 9325 9321
f 9327 9328 9321
f 9329 9318 9315
f 9330 9327 9318
f 9329 9330 9318
f 9331 9315 9312
f 9332 9329 9315
f 9331 9332 9315
f 9333 9312 9309
f 9333 9331 9312
f 9334 9309 9306
f 9335 9333 9309
f 9334 9335 9309
f 9336 9306 9304
f 9337 9334 9306
f 9336 9337 9306
f 9338 9304 9301
f 9339 9336 9304
f 9338 9339 9304
f 9340 9301 9300
f 9341 9338 9301
f 9340 9341 9301
f 9342 9300 9299
f 9342 9343 9300
f 9340 9300 9343
f 9344 9299 9298
f 9345 9342 9299
f 9346 9345 9299
f 9347 9346 9299
f 9348 9347 9299
f 9344 9348 9299
f 9349 9298 9297
f 9350 9344 9298
f 9349 9350 9298
f 9351 9297 9296
f 9352 9349 9297
f 9353 9352 9297
f 9351 9353 9297
f 9354 9296 9295
f 9355 9351 9296
f 9354 9355 9296
f 9356 9295 9281
f 9357 9354 9295
f 9356 9357 9295
f 9358 9281 9280
f 9359 9356 9281
f 9360 9359 9281
f 9358 9360 9281
f 9361 9280 9218
f 9362 9358 9280
f 9363 9362 9280
f 9364 9363 9280
f 9365 9364 9280
f 9361 9365 9280
f 9366 9218 9217
f 9361 9218 9366
f 9220 9217 9215
f 9367 9217 9220
f 9368 9369 9211
f 9211 9369 9207
f 9367 9220 9222
f 9370 9222 9225
f 9370 9367 9222
f 9370 9225 9227
f 9371 9227 9230
f 9371 9370 9227
f 9371 9230 9232
f 9372 9232 9235
f 9372 9371 9232
f 9372 9235 9237
f 9373 9237 9240
f 9373 9372 9237
f 9373 9240 9242
f 9374 9242 9245
f 9374 9373 9242
f 9375 9245 9248
f 9375 9374 9245
f 9375 9248 9249
f 9376 9249 8796
f 9376 9375 9249
f 8809 9376 8796
f 9367 9377 9217
f 9366 9217 9377
f 9367 9378 9377
f 9366 9377 9378
f 9367 9379 9378
f 9364 9378 9379
f 9365 9378 9364
f 9361 9378 9365
f 9361 9366 9378
f 9367 9380 9379
f 9363 9379 9380
f 9364 9379 9363
f 9381 9382 9380
f 9362 9380 9382
f 9367 9381 9380
f 9363 9380 9362
f 9381 9383 9382
f 9358 9382 9383
f 9362 9382 9358
f 9381 9384 9383
f 9360 9383 9384
f 9358 9383 9360
f 9385 9386 9384
f 9359 9384 9386
f 9381 9385 9384
f 9360 9384 9359
f 9387 9388 9386
f 9356 9386 9388
f 9389 9387 9386
f 9385 9389 9386
f 9359 9386 9356
f 9390 9391 9388
f 9357 9388 9391
f 9392 9390 9388
f 9387 9392 9388
f 9356 9388 9357
f 9393 9394 9391
f 9354 9391 9394
f 9390 9393 9391
f 9357 9391 9354
f 9395 9396 9394
f 9355 9394 9396
f 9393 9395 9394
f 9354 9394 9355
f 9397 9398 9396
f 9351 9396 9398
f 9395 9397 9396
f 9355 9396 9351
f 9399 9400 9398
f 9353 9398 9400
f 9397 9399 9398
f 9351 9398 9353
f 9352 9400 9399
f 9353 9400 9352
f 9349 9399 9397
f 9352 9399 9349
f 9350 9397 9395
f 9349 9397 9350
f 9344 9395 9393
f 9350 9395 9344
f 9348 9393 9390
f 9344 9393 9348
f 9347 9390 9392
f 9348 9390 9347
f 9346 9392 9387
f 9347 9392 9346
f 9345 9387 9389
f 9346 9387 9345
f 9342 9389 9385
f 9345 9389 9342
f 9342 9385 9381
f 9340 9381 9367
f 9340 9343 9381
f 9401 9381 9343
f 9401 9342 9381
f 9338 9367 9370
f 9341 9367 9338
f 9340 9367 9341
f 9336 9370 9371
f 9339 9370 9336
f 9338 9370 9339
f 9334 9371 9372
f 9337 9371 9334
f 9336 9371 9337
f 9333 9372 9373
f 9335 9372 9333
f 9334 9372 9335
f 9332 9373 9374
f 9331 9373 9332
f 9333 9373 9331
f 9330 9374 9375
f 9329 9374 9330
f 9332 9374 9329
f 9327 9375 9376
f 9330 9375 9327
f 9325 9376 8809
f 9328 9376 9325
f 9327 9376 9328
f 8978 8809 8808
f 9326 8809 8978
f 9325 8809 9326
f 8974 8808 8811
f 8979 8808 8974
f 8978 8808 8979
f 8971 8811 8812
f 8970 8811 8971
f 8974 8811 8970
f 8965 8812 8813
f 8967 8812 8965
f 8971 8812 8967
f 9402 8813 8814
f 8945 8813 9402
f 8961 8965 8813
f 8962 8961 8813
f 8956 8962 8813
f 9403 8814 8815
f 9404 8814 9403
f 9405 8814 9404
f 9402 8814 9405
f 9406 8815 8816
f 9407 8815 9406
f 9403 8815 9407
f 9408 8816 8817
f 9409 8816 9408
f 9406 8816 9409
f 9410 8817 8818
f 9411 8817 9410
f 9408 8817 9411
f 9412 8818 8819
f 9413 8818 9412
f 9410 8818 9413
f 8943 8819 8820
f 8944 8819 8943
f 9412 8819 8944
f 8810 9414 8820
f 9415 8820 9414
f 9416 8820 9415
f 8943 8820 9416
f 8810 9417 9414
f 9418 9414 9417
f 9419 9414 9418
f 9415 9414 9419
f 8821 9420 9417
f 9421 9417 9420
f 8810 8821 9417
f 9422 9417 9421
f 9418 9417 9422
f 8821 9423 9420
f 9424 9420 9423
f 9425 9420 9424
f 9421 9420 9425
f 8822 9426 9423
f 9427 9423 9426
f 8821 8822 9423
f 9424 9423 9427
f 8822 9428 9426
f 9429 9426 9428
f 9430 9426 9429
f 9427 9426 9430
f 8822 9431 9428
f 9432 9428 9431
f 9433 9428 9432
f 9429 9428 9433
f 8823 9434 9431
f 9435 9431 9434
f 8822 8823 9431
f 9436 9431 9435
f 9432 9431 9436
f 8823 9437 9434
f 9438 9434 9437
f 9439 9434 9438
f 9435 9434 9439
f 8823 9440 9437
f 9441 9437 9440
f 9442 9437 9441
f 9438 9437 9442
f 8824 9443 9440
f 9444 9440 9443
f 8823 8824 9440
f 9445 9440 9444
f 9441 9440 9445
f 8824 9446 9443
f 9447 9443 9446
f 9448 9443 9447
f 9444 9443 9448
f 8824 9449 9446
f 9450 9446 9449
f 9451 9446 9450
f 9447 9446 9451
f 8824 9452 9449
f 9453 9449 9452
f 9454 9449 9453
f 9450 9449 9454
f 8824 9455 9452
f 9456 9452 9455
f 9457 9452 9456
f 9453 9452 9457
f 8834 9458 9455
f 9459 9455 9458
f 8833 8834 9455
f 8832 8833 9455
f 8831 8832 9455
f 8830 8831 9455
f 8829 8830 9455
f 8828 8829 9455
f 8827 8828 9455
f 8826 8827 9455
f 8825 8826 9455
f 8824 8825 9455
f 9460 9455 9459
f 9456 9455 9460
f 9461 9458 8834
f 9459 9458 9461
f 9462 9461 8834
f 8835 9462 8834
f 9463 9464 9461
f 9459 9461 9464
f 9462 9463 9461
f 9463 9465 9464
f 9460 9464 9465
f 9460 9459 9464
f 9466 9467 9465
f 9456 9465 9467
f 9463 9466 9465
f 9456 9460 9465
f 9466 9468 9467
f 9457 9467 9468
f 9457 9456 9467
f 9469 9470 9468
f 9453 9468 9470
f 9466 9469 9468
f 9453 9457 9468
f 9469 9471 9470
f 9454 9470 9471
f 9454 9453 9470
f 9472 9473 9471
f 9450 9471 9473
f 9469 9472 9471
f 9450 9454 9471
f 9472 9474 9473
f 9451 9473 9474
f 9451 9450 9473
f 9475 9476 9474
f 9447 9474 9476
f 9472 9475 9474
f 9447 9451 9474
f 9475 9477 9476
f 9448 9476 9477
f 9448 9447 9476
f 9478 9479 9477
f 9444 9477 9479
f 9475 9478 9477
f 9444 9448 9477
f 9478 9480 9479
f 9445 9479 9480
f 9445 9444 9479
f 9481 9482 9480
f 9441 9480 9482
f 9478 9481 9480
f 9441 9445 9480
f 9481 9483 9482
f 9442 9482 9483
f 9442 9441 9482
f 9484 9485 9483
f 9438 9483 9485
f 9481 9484 9483
f 9438 9442 9483
f 9484 9486 9485
f 9439 9485 9486
f 9439 9438 9485
f 9487 9488 9486
f 9435 9486 9488
f 9484 9487 9486
f 9435 9439 9486
f 9487 9489 9488
f 9436 9488 9489
f 9436 9435 9488
f 9490 9491 9489
f 9432 9489 9491
f 9487 9490 9489
f 9432 9436 9489
f 9490 9492 9491
f 9433 9491 9492
f 9433 9432 9491
f 9493 9494 9492
f 9429 9492 9494
f 9490 9493 9492
f 9429 9433 9492
f 9493 9495 9494
f 9430 9494 9495
f 9430 9429 9494
f 9496 9497 9495
f 9427 9495 9497
f 9493 9496 9495
f 9427 9430 9495
f 9496 9498 9497
f 9424 9497 9498
f 9424 9427 9497
f 9499 9500 9498
f 9425 9498 9500
f 9496 9499 9498
f 9425 9424 9498
f 9499 9501 9500
f 9421 9500 9501
f 9421 9425 9500
f 9502 9503 9501
f 9422 9501 9503
f 9499 9502 9501
f 9422 9421 9501
f 9502 9504 9503
f 9418 9503 9504
f 9418 9422 9503
f 8940 9505 9504
f 9419 9504 9505
f 9502 8940 9504
f 9419 9418 9504
f 8940 8939 9505
f 9415 9505 8939
f 9415 9419 9505
f 9416 8939 8938
f 9416 9415 8939
f 8943 9416 8938
f 9506 8940 9502
f 8941 8940 9506
f 9507 9502 9499
f 9506 9502 9507
f 9508 9499 9496
f 9507 9499 9508
f 9509 9496 9493
f 9508 9496 9509
f 9510 9493 9490
f 9509 9493 9510
f 9511 9490 9487
f 9510 9490 9511
f 9512 9487 9484
f 9511 9487 9512
f 9513 9484 9481
f 9512 9484 9513
f 9514 9481 9478
f 9513 9481 9514
f 9515 9478 9475
f 9516 9514 9478
f 9515 9516 9478
f 9517 9475 9472
f 9518 9515 9475
f 9517 9518 9475
f 9519 9472 9469
f 9520 9517 9472
f 9519 9520 9472
f 9521 9469 9466
f 9522 9519 9469
f 9521 9522 9469
f 9523 9466 9463
f 9524 9521 9466
f 9523 9524 9466
f 9525 9463 9462
f 9526 9523 9463
f 9525 9526 9463
f 9527 9462 8835
f 9528 9462 9527
f 9528 9525 9462
f 9529 8835 8837
f 9529 9527 8835
f 9529 8837 8839
f 9529 8839 8841
f 9530 8841 8843
f 9530 9529 8841
f 9530 8843 8845
f 9531 8845 8847
f 9531 9530 8845
f 9531 8847 8850
f 9532 8850 8852
f 9532 9531 8850
f 9533 8852 8854
f 9533 9532 8852
f 9533 8854 8856
f 9534 8856 8858
f 9534 9533 8856
f 9535 8858 8860
f 9535 9534 8858
f 9536 8860 8863
f 9536 9535 8860
f 9536 8863 8862
f 9537 8862 8865
f 9537 9536 8862
f 8912 9537 8865
f 9538 9539 9527
f 9528 9527 9539
f 9529 9538 9527
f 9540 9541 9539
f 9528 9539 9541
f 9538 9540 9539
f 9542 9543 9541
f 9525 9541 9543
f 9540 9542 9541
f 9528 9541 9525
f 9544 9545 9543
f 9525 9543 9545
f 9542 9544 9543
f 9546 9547 9545
f 9526 9545 9547
f 9544 9546 9545
f 9525 9545 9526
f 9548 9549 9547
f 9526 9547 9549
f 9546 9548 9547
f 9550 9551 9549
f 9523 9549 9551
f 9548 9550 9549
f 9526 9549 9523
f 9552 9553 9551
f 9523 9551 9553
f 9550 9552 9551
f 9554 9555 9553
f 9524 9553 9555
f 9552 9554 9553
f 9523 9553 9524
f 9556 9557 9555
f 9524 9555 9557
f 9554 9556 9555
f 9558 9559 9557
f 9521 9557 9559
f 9556 9558 9557
f 9524 9557 9521
f 9560 9561 9559
f 9521 9559 9561
f 9558 9560 9559
f 9522 9561 9560
f 9521 9561 9522
f 9519 9560 9558
f 9522 9560 9519
f 9519 9558 9556
f 9520 9556 9554
f 9519 9556 9520
f 9520 9554 9552
f 9517 9552 9550
f 9520 9552 9517
f 9517 9550 9548
f 9518 9548 9546
f 9517 9548 9518
f 9518 9546 9544
f 9515 9544 9542
f 9518 9544 9515
f 9515 9542 9540
f 9516 9540 9538
f 9515 9540 9516
f 9516 9538 9529
f 9514 9529 9530
f 9516 9529 9514
f 9512 9530 9531
f 9513 9514 9530
f 9512 9513 9530
f 9511 9531 9532
f 9511 9512 9531
f 9510 9532 9533
f 9510 9511 9532
f 9509 9533 9534
f 9509 9510 9533
f 9508 9534 9535
f 9508 9509 9534
f 9507 9535 9536
f 9507 9508 9535
f 9507 9536 9537
f 9506 9537 8912
f 9506 9507 9537
f 8941 8912 8911
f 8941 9506 8912
f 8937 8911 8916
f 8937 8941 8911
f 8935 8916 8917
f 8935 8937 8916
f 8933 8917 8918
f 8933 8935 8917
f 8931 8918 8919
f 8931 8933 8918
f 8928 8919 8920
f 8928 8931 8919
f 8915 8928 8920
f 8942 9412 8944
f 8955 9413 9412
f 8942 8955 9412
f 8954 9410 9413
f 8955 8954 9413
f 8953 9411 9410
f 8954 8953 9410
f 8952 9408 9411
f 8953 8952 9411
f 8951 9409 9408
f 8952 8951 9408
f 8950 9406 9409
f 8951 8950 9409
f 8949 9407 9406
f 8950 8949 9406
f 8948 9403 9407
f 8949 8948 9407
f 8947 9404 9403
f 8948 8947 9403
f 8946 9405 9404
f 8947 8946 9404
f 8945 9402 9405
f 8946 8945 9405
f 9401 9343 9342
f 9004 9260 8993
f 9004 9261 9260
f 8996 9017 9251
f 9005 9251 9250
f 9005 8996 9251
f 9006 9250 9253
f 9006 9005 9250
f 9007 9253 9252
f 9007 9006 9253
f 9008 9252 9255
f 9008 9007 9252
f 9009 9255 9254
f 9009 9008 9255
f 9010 9254 9257
f 9010 9009 9254
f 9011 9257 9256
f 9011 9010 9257
f 9012 9256 9259
f 9012 9011 9256
f 9013 9259 9258
f 9013 9012 9259
f 9004 9258 9261
f 9004 9013 9258
f 9562 9041 9050
f 9562 9042 9041
f 9563 9050 9048
f 9564 9562 9050
f 9563 9564 9050
f 9565 9048 9055
f 9566 9563 9048
f 9565 9566 9048
f 9567 9055 9053
f 9568 9565 9055
f 9567 9568 9055
f 9569 9053 9060
f 9570 9567 9053
f 9569 9570 9053
f 9571 9060 9058
f 9572 9569 9060
f 9571 9572 9060
f 9573 9058 9065
f 9574 9571 9058
f 9573 9574 9058
f 9575 9065 9063
f 9575 9573 9065
f 9576 9063 9070
f 9577 9575 9063
f 9576 9577 9063
f 9578 9070 9068
f 9579 9576 9070
f 9578 9579 9070
f 9580 9068 9075
f 9581 9578 9068
f 9580 9581 9068
f 9582 9075 9073
f 9583 9580 9075
f 9582 9583 9075
f 9584 9073 9080
f 9585 9582 9073
f 9584 9585 9073
f 9040 9080 9078
f 9040 9584 9080
f 9039 9078 9083
f 9039 9040 9078
f 9038 9083 9087
f 9039 9083 9038
f 9037 9087 9091
f 9038 9087 9037
f 9036 9091 9095
f 9037 9091 9036
f 9035 9095 9099
f 9036 9095 9035
f 9034 9099 9103
f 9035 9099 9034
f 9033 9103 9106
f 9034 9103 9033
f 9032 9106 9019
f 9033 9106 9032
f 9031 9019 9018
f 9026 9019 9031
f 9032 9019 9026
f 9030 9018 9020
f 9031 9018 9030
f 9029 9020 9021
f 9030 9020 9029
f 9028 9021 9022
f 9029 9021 9028
f 9027 9022 9023
f 9028 9022 9027
f 9025 9023 9024
f 9027 9023 9025
f 9584 9042 9562
f 9040 9042 9584
f 9585 9562 9564
f 9584 9562 9585
f 9582 9564 9563
f 9585 9564 9582
f 9583 9563 9566
f 9582 9563 9583
f 9580 9566 9565
f 9583 9566 9580
f 9581 9565 9568
f 9580 9565 9581
f 9578 9568 9567
f 9581 9568 9578
f 9579 9567 9570
f 9578 9567 9579
f 9576 9570 9569
f 9579 9570 9576
f 9577 9569 9572
f 9576 9569 9577
f 9575 9572 9571
f 9577 9572 9575
f 9573 9571 9574
f 9575 9571 9573
f 9586 9587 9588
f 9589 9588 9587
f 9590 9586 9588
f 9591 9590 9588
f 9592 9591 9588
f 9589 9592 9588
f 9593 9587 9586
f 9593 9589 9587
f 9594 9586 9590
f 9595 9586 9594
f 9593 9586 9595
f 9594 9590 9591
f 9591 9596 9597
f 9598 9597 9596
f 9594 9591 9597
f 9599 9594 9597
f 9600 9599 9597
f 9601 9600 9597
f 9598 9601 9597
f 9591 9602 9596
f 9603 9596 9602
f 9604 9596 9603
f 9598 9596 9604
f 9591 9605 9602
f 9606 9602 9605
f 9603 9602 9606
f 9607 9608 9605
f 9609 9605 9608
f 9610 9607 9605
f 9611 9610 9605
f 9591 9611 9605
f 9612 9606 9605
f 9613 9612 9605
f 9609 9613 9605
f 9614 9608 9607
f 9609 9608 9614
f 9615 9607 9610
f 9208 9607 9615
f 9208 9614 9607
f 9616 9610 9611
f 9615 9610 9616
f 9617 9611 9591
f 9616 9611 9617
f 9618 9619 9591
f 9620 9591 9619
f 9621 9618 9591
f 9622 9621 9591
f 9623 9622 9591
f 9624 9623 9591
f 9625 9624 9591
f 9626 9625 9591
f 9627 9626 9591
f 9628 9627 9591
f 9629 9628 9591
f 9630 9629 9591
f 9631 9630 9591
f 9632 9631 9591
f 9633 9632 9591
f 9634 9633 9591
f 9592 9634 9591
f 9617 9591 9620
f 9635 9636 9619
f 9593 9619 9636
f 9618 9635 9619
f 9620 9619 9593
f 9637 9638 9636
f 9639 9636 9638
f 9635 9637 9636
f 9593 9636 9639
f 9640 9641 9638
f 9642 9638 9641
f 9637 9640 9638
f 9639 9638 9642
f 9643 9644 9641
f 9645 9641 9644
f 9640 9643 9641
f 9642 9641 9645
f 9646 9647 9644
f 9648 9644 9647
f 9643 9646 9644
f 9645 9644 9648
f 9649 9650 9647
f 9651 9647 9650
f 9646 9649 9647
f 9648 9647 9651
f 9652 9653 9650
f 9654 9650 9653
f 9649 9652 9650
f 9651 9650 9654
f 9655 9656 9653
f 9657 9653 9656
f 9652 9655 9653
f 9654 9653 9657
f 9658 9659 9656
f 9660 9656 9659
f 9655 9658 9656
f 9657 9656 9660
f 9661 9662 9659
f 9663 9659 9662
f 9658 9661 9659
f 9660 9659 9663
f 9664 9665 9662
f 9666 9662 9665
f 9661 9664 9662
f 9663 9662 9666
f 9667 9668 9665
f 9669 9665 9668
f 9664 9667 9665
f 9666 9665 9669
f 9670 9671 9668
f 9672 9668 9671
f 9667 9670 9668
f 9669 9668 9672
f 9673 9674 9671
f 9675 9671 9674
f 9670 9673 9671
f 9672 9671 9675
f 9676 9677 9674
f 9678 9674 9677
f 9673 9676 9674
f 9675 9674 9678
f 9676 9679 9677
f 9680 9677 9679
f 9678 9677 9680
f 9681 9679 9676
f 9680 9679 9681
f 9682 9676 9673
f 9681 9676 9682
f 9683 9673 9670
f 9682 9673 9683
f 9684 9670 9667
f 9683 9670 9684
f 9685 9667 9664
f 9684 9667 9685
f 9686 9664 9661
f 9685 9664 9686
f 9687 9661 9658
f 9686 9661 9687
f 9688 9658 9655
f 9687 9658 9688
f 9689 9655 9652
f 9688 9655 9689
f 9690 9652 9649
f 9689 9652 9690
f 9691 9649 9646
f 9690 9649 9691
f 9692 9646 9643
f 9691 9646 9692
f 9693 9643 9640
f 9692 9643 9693
f 9694 9640 9637
f 9693 9640 9694
f 9695 9637 9635
f 9694 9637 9695
f 9696 9635 9618
f 9695 9635 9696
f 9697 9618 9621
f 9696 9618 9697
f 9698 9621 9622
f 9697 9621 9698
f 9699 9622 9623
f 9698 9622 9699
f 9700 9623 9624
f 9699 9623 9700
f 9701 9624 9625
f 9700 9624 9701
f 9702 9625 9626
f 9701 9625 9702
f 9703 9626 9627
f 9702 9626 9703
f 9704 9627 9628
f 9703 9627 9704
f 9705 9628 9629
f 9704 9628 9705
f 9706 9629 9630
f 9705 9629 9706
f 9707 9630 9631
f 9706 9630 9707
f 9708 9631 9632
f 9707 9631 9708
f 9709 9632 9633
f 9708 9632 9709
f 9710 9633 9634
f 9709 9633 9710
f 9711 9634 9592
f 9710 9634 9711
f 9711 9592 9589
f 9595 9594 9599
f 9712 9599 9600
f 9712 9595 9599
f 9713 9600 9601
f 9713 9712 9600
f 9714 9715 9601
f 9716 9601 9715
f 9598 9714 9601
f 9716 9713 9601
f 9717 9715 9714
f 9718 9715 9717
f 9606 9715 9718
f 9612 9715 9606
f 9719 9715 9612
f 9719 9716 9715
f 9604 9717 9714
f 9598 9604 9714
f 9603 9718 9717
f 9604 9603 9717
f 9603 9606 9718
f 9613 9720 9612
f 9721 9612 9720
f 9721 9719 9612
f 9722 9723 9720
f 9724 9720 9723
f 9613 9722 9720
f 9724 9721 9720
f 9725 9726 9723
f 9727 9723 9726
f 9722 9725 9723
f 9727 9724 9723
f 9725 9728 9726
f 9729 9726 9728
f 9730 9727 9726
f 9729 9730 9726
f 9731 9732 9728
f 9733 9728 9732
f 9725 9731 9728
f 9733 9729 9728
f 9734 9735 9732
f 9736 9732 9735
f 9731 9734 9732
f 9736 9733 9732
f 9737 9738 9735
f 9739 9735 9738
f 9734 9737 9735
f 9739 9736 9735
f 9740 9741 9738
f 9739 9738 9741
f 9737 9740 9738
f 9742 9743 9741
f 9744 9741 9743
f 9745 9742 9741
f 9740 9745 9741
f 9744 9739 9741
f 9746 9743 9742
f 9747 9743 9748
f 9746 9748 9743
f 9747 9744 9743
f 9749 9742 9745
f 9750 9746 9742
f 9749 9750 9742
f 9751 9745 9740
f 9749 9745 9751
f 9752 9740 9737
f 9751 9740 9752
f 9753 9737 9734
f 9752 9737 9753
f 9754 9734 9731
f 9753 9734 9754
f 9755 9731 9725
f 9754 9731 9755
f 9756 9725 9722
f 9755 9725 9756
f 9757 9722 9613
f 9756 9722 9757
f 9757 9613 9609
f 9758 9759 9760
f 9761 9760 9759
f 9762 9758 9760
f 9761 9762 9760
f 9758 9763 9759
f 9764 9759 9763
f 9764 9761 9759
f 9765 9766 9763
f 9767 9763 9766
f 9758 9765 9763
f 9767 9764 9763
f 9768 9769 9766
f 9767 9766 9769
f 9765 9768 9766
f 9770 9771 9769
f 9772 9769 9771
f 9768 9770 9769
f 9772 9767 9769
f 9773 9774 9771
f 9775 9771 9774
f 9770 9773 9771
f 9775 9772 9771
f 9776 9777 9774
f 9775 9774 9777
f 9773 9776 9774
f 9778 9779 9777
f 9780 9777 9779
f 9776 9778 9777
f 9780 9775 9777
f 9781 9748 9779
f 9746 9779 9748
f 9778 9781 9779
f 9746 9780 9779
f 9782 9747 9748
f 9781 9782 9748
f 9593 9595 9712
f 9593 9712 9713
f 9593 9713 9716
f 9593 9716 9719
f 9783 9719 9721
f 9593 9719 9783
f 9784 9721 9724
f 9785 9786 9721
f 9787 9721 9786
f 9784 9785 9721
f 9788 9783 9721
f 9789 9788 9721
f 9787 9789 9721
f 9790 9724 9727
f 9790 9784 9724
f 9790 9727 9730
f 9791 9730 9729
f 9791 9790 9730
f 9792 9729 9733
f 9792 9791 9729
f 9793 9733 9736
f 9793 9792 9733
f 9794 9736 9739
f 9794 9793 9736
f 9795 9739 9744
f 9795 9794 9739
f 9796 9744 9747
f 9796 9795 9744
f 9797 9747 9782
f 9796 9747 9797
f 9798 9782 9781
f 9798 9797 9782
f 9799 9781 9778
f 9799 9798 9781
f 9799 9778 9776
f 9800 9776 9773
f 9800 9799 9776
f 9801 9773 9770
f 9801 9800 9773
f 9801 9770 9768
f 9802 9768 9765
f 9802 9801 9768
f 9762 9765 9758
f 9762 9802 9765
f 9803 9797 9798
f 9804 9796 9797
f 9803 9804 9797
f 9805 9798 9799
f 9805 9803 9798
f 9806 9799 9800
f 9806 9805 9799
f 9807 9800 9801
f 9807 9806 9800
f 9808 9801 9802
f 9808 9807 9801
f 9809 9802 9762
f 9809 9808 9802
f 9810 9762 9761
f 9809 9762 9810
f 9811 9761 9764
f 9810 9761 9811
f 9812 9764 9767
f 9812 9811 9764
f 9813 9767 9772
f 9813 9812 9767
f 9814 9772 9775
f 9814 9813 9772
f 9815 9775 9780
f 9815 9814 9775
f 9816 9780 9746
f 9816 9815 9780
f 9816 9746 9750
f 9817 9818 9819
f 9593 9819 9818
f 9788 9819 9783
f 9593 9783 9819
f 9817 9819 9788
f 9817 9820 9818
f 9593 9818 9820
f 9787 9786 9820
f 9593 9820 9786
f 9821 9787 9820
f 9817 9821 9820
f 9593 9786 9785
f 9206 9785 9784
f 9620 9593 9785
f 9822 9620 9785
f 9206 9822 9785
f 9211 9784 9790
f 9211 9206 9784
f 9368 9790 9791
f 9368 9211 9790
f 9823 9791 9792
f 9823 9368 9791
f 9824 9792 9793
f 9824 9823 9792
f 9825 9793 9794
f 9825 9824 9793
f 9826 9794 9795
f 9826 9825 9794
f 9827 9795 9796
f 9827 9826 9795
f 9804 9827 9796
f 9817 9788 9789
f 9821 9789 9787
f 9817 9789 9821
f 9593 9711 9589
f 9593 9710 9711
f 9593 9709 9710
f 9593 9708 9709
f 9593 9707 9708
f 9593 9706 9707
f 9593 9705 9706
f 9593 9704 9705
f 9593 9703 9704
f 9593 9702 9703
f 9593 9701 9702
f 9593 9700 9701
f 9593 9699 9700
f 9593 9698 9699
f 9593 9697 9698
f 9593 9696 9697
f 9639 9695 9696
f 9593 9639 9696
f 9642 9694 9695
f 9639 9642 9695
f 9645 9693 9694
f 9642 9645 9694
f 9648 9692 9693
f 9645 9648 9693
f 9651 9691 9692
f 9648 9651 9692
f 9654 9690 9691
f 9651 9654 9691
f 9657 9689 9690
f 9654 9657 9690
f 9660 9688 9689
f 9657 9660 9689
f 9663 9687 9688
f 9660 9663 9688
f 9666 9686 9687
f 9663 9666 9687
f 9669 9685 9686
f 9666 9669 9686
f 9672 9684 9685
f 9669 9672 9685
f 9675 9683 9684
f 9672 9675 9684
f 9678 9682 9683
f 9675 9678 9683
f 9680 9681 9682
f 9678 9680 9682
f 9822 9617 9620
f 9822 9616 9617
f 9822 9615 9616
f 9206 9615 9822
f 9206 9208 9615
f 9208 9828 9614
f 9609 9614 9828
f 9207 9829 9828
f 9757 9828 9829
f 9208 9207 9828
f 9757 9609 9828
f 9369 9830 9829
f 9756 9829 9830
f 9207 9369 9829
f 9756 9757 9829
f 9831 9832 9830
f 9756 9830 9832
f 9369 9831 9830
f 9833 9834 9832
f 9755 9832 9834
f 9831 9833 9832
f 9755 9756 9832
f 9835 9836 9834
f 9754 9834 9836
f 9833 9835 9834
f 9754 9755 9834
f 9837 9838 9836
f 9753 9836 9838
f 9835 9837 9836
f 9753 9754 9836
f 9839 9840 9838
f 9752 9838 9840
f 9837 9839 9838
f 9752 9753 9838
f 9841 9842 9840
f 9751 9840 9842
f 9839 9841 9840
f 9751 9752 9840
f 9843 9844 9842
f 9749 9842 9844
f 9841 9843 9842
f 9749 9751 9842
f 9845 9846 9844
f 9749 9844 9846
f 9847 9845 9844
f 9843 9847 9844
f 9848 9849 9846
f 9750 9846 9849
f 9845 9848 9846
f 9749 9846 9750
f 9848 9850 9849
f 9816 9849 9850
f 9816 9750 9849
f 9851 9852 9850
f 9815 9850 9852
f 9848 9851 9850
f 9816 9850 9815
f 9853 9854 9852
f 9814 9852 9854
f 9851 9853 9852
f 9815 9852 9814
f 9855 9856 9854
f 9813 9854 9856
f 9853 9855 9854
f 9814 9854 9813
f 9857 9858 9856
f 9812 9856 9858
f 9855 9857 9856
f 9813 9856 9812
f 9810 9811 9858
f 9812 9858 9811
f 9859 9810 9858
f 9857 9859 9858
f 9809 9810 9859
f 9809 9859 9857
f 9808 9857 9855
f 9809 9857 9808
f 9807 9855 9853
f 9808 9855 9807
f 9806 9853 9851
f 9807 9853 9806
f 9805 9851 9848
f 9806 9851 9805
f 9805 9848 9845
f 9803 9845 9847
f 9805 9845 9803
f 9804 9847 9843
f 9803 9847 9804
f 9827 9843 9841
f 9804 9843 9827
f 9826 9841 9839
f 9827 9841 9826
f 9825 9839 9837
f 9826 9839 9825
f 9824 9837 9835
f 9825 9837 9824
f 9824 9835 9833
f 9823 9833 9831
f 9824 9833 9823
f 9368 9831 9369
f 9823 9831 9368

