# https://github.com/mikedh/trimesh

o flange_deg_90.stl
v -28.91019440 0.00000000 -9.39968300
v -28.91015625 0.00000000 9.39980412
v -30.39999962 0.00000000 0.00000000
v -31.39999962 1.00000000 0.00000000
v -29.86317444 1.00000000 -9.70313358
v -25.00000000 0.00000000 3.04999995
v -24.59210968 0.00000000 17.87096405
v -25.40313339 1.00000000 18.45645714
v -27.90623474 0.00000000 -0.92476648
v -26.79491615 0.00000000 2.46550703
v -27.89863777 0.00000000 0.94826531
v -29.86317444 1.00000000 9.70313358
v -18.91107368 0.00000000 21.53515434
v -17.87080956 0.00000000 24.59222221
v -23.19391060 0.00000000 2.45722985
v -22.09376526 0.00000000 0.92476648
v -21.72766876 0.00000000 17.67766953
v -24.05215454 0.00000000 2.89872360
v -21.52638054 0.00000000 18.93757057
v -20.94006348 0.00000000 20.07657814
v -14.40452099 0.00000000 20.06203651
v -9.39968300 0.00000000 28.91019440
v -18.45645714 1.00000000 25.40313339
v -16.41548157 0.00000000 21.52576828
v -0.92476648 0.00000000 27.90623474
v 0.00000000 0.00000000 30.39999962
v -9.70313358 1.00000000 29.86317444
v -2.89872360 0.00000000 25.94784546
v -3.04999995 0.00000000 25.00000000
v -3.50982690 0.00000000 15.35372543
v -2.45722985 0.00000000 26.80608940
v -9.81261158 0.00000000 12.31959915
v 2.46550703 0.00000000 26.79491615
v 9.39980412 0.00000000 28.91015625
v -0.00000000 1.00000000 31.39999962
v 0.94826531 0.00000000 27.89863777
v 17.67766953 0.00000000 21.72766876
v 17.87096405 0.00000000 24.59210968
v 18.45645714 1.00000000 25.40313339
v 6.81834269 0.00000000 14.19723225
v 15.29330349 0.00000000 20.95081711
v 13.82957077 0.00000000 18.93985748
v 13.82018471 0.00000000 16.44426537
v 9.81928825 0.00000000 12.31421757
v 9.70313358 1.00000000 29.86317444
v 21.53515434 0.00000000 18.91107368
v 24.59222221 0.00000000 17.87080956
v 18.93757057 0.00000000 21.52638054
v 20.07657814 0.00000000 20.94006348
v 27.90623474 0.00000000 0.92476648
v 28.91019440 0.00000000 9.39968300
v 25.40313339 1.00000000 18.45645714
v 23.20508385 0.00000000 2.46550703
v 25.00000000 0.00000000 3.04999995
v 25.94784546 0.00000000 2.89872360
v 26.80608940 0.00000000 2.45722985
v 28.91015625 0.00000000 -9.39980412
v 30.39999962 0.00000000 -0.00000000
v 29.86317444 1.00000000 9.70313358
v 31.39999962 1.00000000 0.00000000
v 25.00000000 0.00000000 -3.04999995
v 24.59210968 0.00000000 -17.87096405
v 25.40313339 1.00000000 -18.45645714
v 26.79491615 0.00000000 -2.46550703
v 27.89863777 0.00000000 -0.94826531
v 29.86317444 1.00000000 -9.70313358
v 18.91107368 0.00000000 -21.53515434
v 17.87080956 0.00000000 -24.59222221
v 23.19391060 0.00000000 -2.45722985
v 22.09376526 0.00000000 -0.92476648
v 21.72766876 0.00000000 -17.67766953
v 24.05215454 0.00000000 -2.89872360
v 21.52638054 0.00000000 -18.93757057
v 20.94006348 0.00000000 -20.07657814
v 14.40452099 0.00000000 -20.06203651
v 9.39968300 0.00000000 -28.91019440
v 18.45645714 1.00000000 -25.40313339
v 16.41548157 0.00000000 -21.52576828
v 0.92476648 0.00000000 -27.90623474
v -0.00000000 0.00000000 -30.39999962
v 9.70313358 1.00000000 -29.86317444
v 9.81261158 0.00000000 -12.31959915
v 2.89872360 0.00000000 -25.94784546
v 3.04999995 0.00000000 -25.00000000
v 3.50982690 0.00000000 -15.35372543
v 2.45722985 0.00000000 -26.80608940
v -2.46550703 0.00000000 -26.79491615
v -9.39980412 0.00000000 -28.91015625
v -0.00000000 1.00000000 -31.39999962
v -0.94826531 0.00000000 -27.89863777
v -17.67766953 0.00000000 -21.72766876
v -17.87096405 0.00000000 -24.59210968
v -18.45645714 1.00000000 -25.40313339
v -15.29330349 0.00000000 -20.95081711
v -13.82957077 0.00000000 -18.93985748
v -13.82018471 0.00000000 -16.44426537
v -9.81928825 0.00000000 -12.31421757
v -6.81834269 0.00000000 -14.19723225
v -9.70313358 1.00000000 -29.86317444
v -21.53515434 0.00000000 -18.91107368
v -24.59222221 0.00000000 -17.87080956
v -18.93757057 0.00000000 -21.52638054
v -20.07657814 0.00000000 -20.94006348
v -25.40313339 1.00000000 -18.45645714
v -23.20508385 0.00000000 -2.46550703
v -25.00000000 0.00000000 -3.04999995
v -25.94784546 0.00000000 -2.89872360
v -26.80608940 0.00000000 -2.45722985
v -25.00000000 15.51012516 -3.04999995
v -25.25284958 15.76132107 -3.03950119
v -22.10136223 0.00000000 -0.94826531
v -22.63634491 13.14706707 -1.92759895
v -23.25044632 13.76523304 -2.49831200
v -23.91577530 14.43154526 -2.85078216
v -21.95001984 12.46737862 -0.01105950
v -22.24090767 12.74887562 -1.29996347
v -22.21607971 12.77101040 1.24590826
v -23.82986450 14.49216938 2.81660819
v -22.57388687 13.15987778 1.84836972
v -23.18530273 13.81364059 2.45140243
v -25.00000000 15.69821358 3.04999995
v -27.43514633 18.08246422 1.83645499
v -25.16159248 15.86266422 3.04571629
v -26.43280983 17.12648010 2.69249964
v -26.44789696 17.14119530 2.68441701
v -28.04882240 20.00000000 0.07399324
v -27.87091446 20.00000000 1.02934873
v -27.48855782 17.98983955 -1.76340115
v -27.48957443 18.98667336 -1.76196480
v -27.91746140 20.00000000 -0.88889205
v -26.51889229 17.01607704 -2.64489460
v -26.47500229 16.97239876 -2.66961980
v -2.46550703 0.00000000 23.20508385
v -3.04999995 12.00000000 25.00000000
v -2.46550703 12.00000000 26.79491615
v 3.48132062 0.00000000 15.36013985
v -0.94826531 0.00000000 22.10136223
v -2.45722985 12.00000000 23.19391060
v -2.89872360 12.00000000 24.05215454
v 0.92476648 0.00000000 22.09376526
v -0.92476648 12.00000000 22.09376526
v 2.45722985 0.00000000 23.19391060
v 0.94826531 12.00000000 22.10136223
v 2.89872360 0.00000000 24.05215454
v 2.46550703 12.00000000 23.20508385
v 3.04999995 0.00000000 25.00000000
v 3.04999995 12.00000000 25.00000000
v 2.45722985 12.00000000 26.80608940
v 2.89872360 12.00000000 25.94784546
v 0.92476648 12.00000000 27.90623474
v -0.94826531 12.00000000 27.89863777
v 25.00000000 15.69821548 3.04999995
v 25.16588020 15.86700630 3.04548573
v 22.10136223 0.00000000 0.94826531
v 23.18420410 13.81247234 2.45058894
v 23.83457756 14.49709988 2.81856227
v 21.95004082 12.46732426 -0.01565496
v 22.57718468 13.16343021 1.85269070
v 22.21595955 12.77089310 1.24564207
v 22.24641228 12.75440216 -1.31158412
v 23.25994301 13.77477264 -2.50493574
v 22.64128685 13.15206146 -1.93364334
v 23.92117310 14.43692875 -2.85282922
v 25.00000000 15.51012611 -3.04999995
v 27.48855782 17.98983765 -1.76340115
v 25.25693893 15.76536846 -3.03915811
v 26.47511482 16.97251320 -2.66955733
v 26.52369118 17.02085304 -2.64213276
v 27.91743851 20.00000000 -0.88896364
v 27.48957443 18.98667145 -1.76196480
v 27.48882103 20.00000000 -1.76302946
v 27.87093925 20.00000000 1.02927828
v 28.04882431 20.00000000 0.07389312
v 26.43611526 17.12970352 2.69073844
v 27.43514633 18.08246231 1.83645487
v -13.82895947 10.00000000 18.93757057
v -13.63495445 10.00000000 20.61937904
v -13.62766933 10.00000000 17.67766953
v 21.52576828 0.00000000 16.41548157
v 20.95081711 0.00000000 -15.29330349
v 21.72766876 10.00000000 -17.67766953
v 20.95081711 10.00000000 -20.06203651
v 20.06203651 0.00000000 14.40452099
v 18.93985748 0.00000000 -13.82957077
v 20.94006348 10.00000000 -15.27876186
v 21.52638054 10.00000000 -16.41776848
v 17.67766953 0.00000000 13.62766933
v 16.44426537 0.00000000 -13.82018471
v 18.91107368 10.00000000 -13.82018471
v 15.35138798 0.00000000 -3.51968360
v 14.41527557 0.00000000 -15.27876186
v 16.41548157 10.00000000 -13.82957077
v 16.41776848 0.00000000 13.82895947
v 15.75000000 0.00000000 -0.00000000
v 14.17676544 0.00000000 -6.86026525
v 13.82895947 0.00000000 -16.41776848
v 14.40452099 10.00000000 -15.29330349
v 13.62766933 0.00000000 -17.67766953
v 13.62766933 10.00000000 -17.67766953
v 14.41527557 10.00000000 -20.07657814
v 13.82895947 10.00000000 -18.93757057
v 16.44426537 10.00000000 -21.53515434
v 18.93985748 10.00000000 -21.52576828
v -17.67766953 10.00000000 -21.72766876
v -20.06203651 10.00000000 -20.95081711
v -15.27876186 10.00000000 -20.94006348
v -16.41776848 10.00000000 -21.52638054
v -13.82018471 10.00000000 -18.91107368
v -14.18877220 0.00000000 -6.83544683
v -15.27876186 0.00000000 -14.41527557
v -13.82957077 10.00000000 -16.41548157
v -15.75000000 0.00000000 0.00000000
v -16.41776848 0.00000000 -13.82895947
v -15.29330349 10.00000000 -14.40452099
v -16.44426537 0.00000000 13.82018471
v -17.67766953 0.00000000 -13.62766933
v -18.93985748 0.00000000 13.82957077
v -20.06203651 0.00000000 -14.40452099
v -17.67766953 10.00000000 -13.62766933
v -20.95081711 0.00000000 15.29330349
v -21.52576828 0.00000000 -16.41548157
v -20.07657814 10.00000000 -14.41527557
v -18.93757057 10.00000000 -13.82895947
v -21.53515434 10.00000000 -16.44426537
v -21.52576828 10.00000000 -18.93985748
v -21.72766876 10.00000000 17.67766953
v -20.95081711 10.00000000 20.06203651
v -20.94006348 10.00000000 15.27876186
v -21.52638054 10.00000000 16.41776848
v -18.91107368 10.00000000 13.82018471
v -15.35138798 0.00000000 3.51968360
v -14.41527557 0.00000000 15.27876186
v -16.41548157 10.00000000 13.82957077
v -14.17676544 0.00000000 6.86026525
v -13.82895947 0.00000000 16.41776848
v -14.40452099 10.00000000 15.29330349
v -13.62766933 0.00000000 17.67766953
v -14.41527557 10.00000000 20.07657814
v -16.44426537 10.00000000 21.53515434
v -18.93985748 10.00000000 21.52576828
v 17.67766953 10.00000000 21.72766876
v 20.06203651 10.00000000 20.95081711
v 15.27876186 10.00000000 20.94006348
v 16.41776848 10.00000000 21.52638054
v 13.82018471 10.00000000 18.91107368
v 14.18877220 0.00000000 6.83544683
v 15.27876186 0.00000000 14.41527557
v 13.82957077 10.00000000 16.41548157
v 15.29330349 10.00000000 14.40452099
v 17.67766953 10.00000000 13.62766933
v 20.07657814 10.00000000 14.41527557
v 18.93757057 10.00000000 13.82895947
v 21.53515434 10.00000000 16.44426537
v 21.52576828 10.00000000 18.93985748
v 2.46550703 0.00000000 -23.20508385
v 3.04999995 12.00000000 -25.00000000
v 2.46550703 12.00000000 -26.79491615
v -3.48132062 0.00000000 -15.36013985
v 0.94826531 0.00000000 -22.10136223
v 2.45722985 12.00000000 -23.19391060
v 2.89872360 12.00000000 -24.05215454
v -0.92476648 0.00000000 -22.09376526
v 0.92476648 12.00000000 -22.09376526
v -2.45722985 0.00000000 -23.19391060
v -0.94826531 12.00000000 -22.10136223
v -2.89872360 0.00000000 -24.05215454
v -2.46550703 12.00000000 -23.20508385
v -3.04999995 0.00000000 -25.00000000
v -3.04999995 12.00000000 -25.00000000
v -2.45722985 12.00000000 -26.80608940
v -2.89872360 12.00000000 -25.94784546
v -0.92476648 12.00000000 -27.90623474
v 0.94826531 12.00000000 -27.89863777
v 15.75000000 12.00000000 -0.00000000
v 14.18877220 12.00000000 -6.83544683
v 14.17676544 12.00000000 6.86026525
v 15.35138798 12.00000000 3.51968360
v 9.81261158 12.00000000 12.31959915
v 3.50982690 12.00000000 15.35372543
v -3.48132062 12.00000000 15.36013985
v -6.81834269 12.00000000 14.19723225
v -9.81928825 12.00000000 12.31421757
v -14.18877220 12.00000000 6.83544683
v -15.75000000 12.00000000 0.00000000
v -14.17676544 12.00000000 -6.86026525
v -15.35138798 12.00000000 -3.51968360
v -9.81261158 12.00000000 -12.31959915
v -3.50982690 12.00000000 -15.35372543
v 3.48132062 12.00000000 -15.36013985
v 6.81834269 12.00000000 -14.19723225
v 9.81928825 12.00000000 -12.31421757
v -31.39999962 7.00000000 -0.00000000
v -29.86066055 7.00000000 -9.71073627
v -29.85287857 7.00000000 9.73464298
v -31.01116371 7.00000000 4.92602491
v -25.38096237 7.00000000 18.48652458
v -18.42996597 7.00000000 25.42204857
v -9.68246078 7.00000000 29.86950874
v 0.01453334 7.00000000 31.39959145
v 9.70970535 7.00000000 29.86067581
v 18.45320511 7.00000000 25.40522385
v 25.40520477 7.00000000 18.45303917
v 29.86066055 7.00000000 9.71073627
v 31.39999962 7.00000000 0.00000000
v 29.85287857 7.00000000 -9.73464298
v 31.01116371 7.00000000 -4.92602491
v 25.38096237 7.00000000 -18.48652458
v 18.42996597 7.00000000 -25.42204857
v 9.68246078 7.00000000 -29.86950874
v -0.01453334 7.00000000 -31.39959145
v -9.70970535 7.00000000 -29.86067581
v -18.45320511 7.00000000 -25.40522385
v -25.40520477 7.00000000 -18.45303917
v 35.50000000 7.00000000 0.00000000
v 35.06092072 7.00000000 5.56552124
v 34.43544769 7.00000000 -8.62765694
v 31.30735397 7.00000000 -16.73546028
v 26.30336761 7.00000000 -23.84049988
v 19.72078705 7.00000000 -29.51847839
v 18.15042305 7.00000000 -30.65895844
v -18.13012123 7.00000000 -30.67454338
v -16.31004906 7.00000000 -32.09720993
v -19.72071457 7.00000000 -29.51852608
v -26.30332184 7.00000000 -23.84054947
v -31.30733299 7.00000000 -16.73550034
v -34.43544388 7.00000000 -8.62767887
v -35.50000000 7.00000000 -0.00000000
v -35.06287003 7.00000000 5.55334663
v -33.76056671 7.00000000 10.97546196
v -28.72216415 7.00000000 20.86268425
v -31.62835884 7.00000000 16.12146568
v -20.86742401 7.00000000 28.71893883
v -25.10284805 7.00000000 25.10112572
v 16.10150719 7.00000000 31.63819504
v -16.12315750 7.00000000 31.62720108
v 20.84597778 7.00000000 28.73453903
v 25.07881546 7.00000000 25.12528419
v 31.61079407 7.00000000 16.15590477
v 28.69801712 7.00000000 20.89602661
v 33.75213623 7.00000000 11.00134754
v -20.66872025 7.58082914 -28.86267471
v -21.25341988 8.69878197 -28.54767036
v -28.36647987 12.00000000 -21.34461975
v -21.46590614 8.21323872 -28.27480888
v -22.53012848 9.22431278 -27.43434525
v -23.56748772 10.29134083 -26.54851151
v -23.91951752 10.70882130 -26.23178864
v -24.20403290 11.13336658 -25.96949768
v -24.57410049 12.00000000 -25.61959457
v -31.42622757 12.00000000 -16.51188087
v -30.49523735 12.00000000 -18.17389679
v -35.03967667 12.00000000 -5.69834614
v -33.67017746 12.00000000 -11.25029087
v -34.22607803 12.00000000 -9.42473793
v -35.50000000 12.00000000 -0.00000000
v -35.03830719 12.00000000 5.70674181
v -33.66718674 12.00000000 11.25924206
v -34.68466187 12.00000000 7.56466770
v -31.42219734 12.00000000 16.51954842
v -32.27613068 12.00000000 14.78179264
v -28.38845253 12.00000000 21.31529045
v -24.76750183 12.00000000 25.43266296
v -20.56009865 12.00000000 28.94005203
v -10.98187351 7.00000000 33.75856018
v -15.86683464 12.00000000 31.75661659
v 10.95933151 7.00000000 33.76586914
v -5.56504059 7.00000000 35.06102753
v -10.79703331 12.00000000 33.81790924
v 5.54371023 7.00000000 35.06441498
v -0.01009803 7.00000000 35.49997711
v -5.46695948 12.00000000 35.07617569
v -0.00551133 12.00000000 35.49964142
v 10.79167366 12.00000000 33.81960297
v 5.45775032 12.00000000 35.07759094
v 15.86487961 12.00000000 31.75758362
v 20.56018257 12.00000000 28.93998146
v 24.76817322 12.00000000 25.43199921
v 28.38847351 12.00000000 21.31526566
v 30.04461861 12.00000000 18.90954590
v 33.66770172 12.00000000 11.25769711
v 31.42206764 12.00000000 16.51979446
v 31.49469376 12.00000000 16.38091278
v 34.48453522 12.00000000 8.43011093
v 35.03852081 12.00000000 5.70545006
v 35.50000000 12.00000000 0.00000100
v 34.22607803 12.00000000 -9.42473125
v 35.03967667 12.00000000 -5.69834518
v 30.49524498 12.00000000 -18.17388344
v 33.67018127 12.00000000 -11.25027943
v 31.42623711 12.00000000 -16.51186371
v 20.66829491 7.58047867 -28.86297989
v 28.36648941 12.00000000 -21.34460831
v 24.57412529 12.00000000 -25.61956978
v 24.20516968 11.13478184 -25.96843719
v 23.92180634 10.71211910 -26.22970009
v 23.56746101 10.29128265 -26.54853630
v 22.52709961 9.22132683 -27.43683243
v 21.46590996 8.21325493 -28.27480698
v 16.30628014 7.00000000 -32.10004425
v 21.16720200 9.14216042 -28.93884087
v 21.25306511 8.69989586 -28.54845810
v -16.24248123 7.00000000 -32.14986801
v 16.28014183 7.00000000 -32.12040710
v 16.53194618 7.47372866 -32.69939041
v 17.15591240 7.60152626 -32.25963211
v 13.96470737 7.00000000 -33.87382507
v -13.93458080 7.00000000 -33.89555740
v 10.92549324 7.00000000 -35.87313843
v 14.12981606 7.14012289 -34.22140503
v -10.92536259 7.00000000 -35.87322235
v 7.91031027 7.00000000 -38.07923126
v 13.15247917 7.57718229 -36.65560913
v -6.64384413 7.00000000 -38.78223801
v 5.12784481 7.00000000 -39.45760727
v 8.37189674 7.56455278 -40.18172836
v -1.28673935 7.00000000 -40.38127136
v -0.00001429 7.00000000 -40.44312286
v 2.72326183 7.05123138 -40.81692123
v -2.56158161 7.00000000 -40.19824219
v 5.08151770 7.19138813 -40.77763367
v -2.58330631 7.04591990 -40.80897141
v 0.00000000 7.00000000 -44.00000000
v -2.45347452 7.08488369 -41.41630936
v 10.97546196 8.73943233 -44.00000000
v 4.48113918 7.28396130 -41.86904907
v -3.95745635 7.01621056 -40.23232269
v -8.49764347 7.58298254 -40.14577484
v -5.22934008 7.20364046 -40.76473236
v -16.46812630 7.46134281 -32.74214935
v -13.14094353 7.57718372 -36.66641998
v -21.16720581 9.14214993 -28.93883514
v -17.19367981 7.60969734 -32.23191071
v -17.02433395 7.57265759 -32.35322952
v 31.40542984 16.40843582 16.22006226
v 27.12691116 12.00000000 22.45766640
v 27.55640411 12.96546364 21.68873596
v 30.10612297 14.48164654 18.70973778
v 31.10318756 16.61057854 16.65803719
v 30.66645622 16.67932129 17.15795708
v 33.65215302 18.25356674 10.56591415
v 35.03438950 17.40309143 5.09311342
v 35.49973297 16.52615166 -0.52964765
v 35.03630447 15.65199566 -6.14466047
v 33.65553284 14.80703068 -11.61712646
v 31.39405060 14.02123928 -16.80044174
v 28.31107903 13.32707214 -21.55881310
v 24.64300346 12.66968918 -25.59896851
v 24.35107040 12.13623428 -25.88083649
v 24.22228813 12.65607452 -26.17785072
v 23.83930969 11.67167950 -26.58148193
v 24.18304253 12.26767540 -26.18213272
v 23.59068108 11.39875793 -26.86468315
v 23.36924171 10.73062611 -26.82835960
v -23.36984253 10.72887897 -26.82696533
v -23.84095573 11.67395020 -26.57970428
v -23.59098053 11.39907742 -26.86433983
v -23.29016685 11.13494492 -27.20043564
v -28.31106186 13.32706928 -21.55883408
v -24.64287949 12.63639545 -25.59424019
v -24.35141563 12.13599682 -25.88033485
v -31.39404297 14.02123642 -16.80045891
v -33.65552902 14.80702877 -11.61713696
v -35.03630447 15.65199471 -6.14466381
v -35.49973297 16.52614975 -0.52964896
v -35.03438950 17.40309334 5.09312534
v -33.65214920 18.25357056 10.56593323
v -31.43152618 16.44953156 16.16398621
v -31.48018646 16.51010323 16.06117058
v -30.12585640 14.51298428 18.67549706
v -27.12697983 12.00000000 22.45764160
v -27.55642128 12.96550274 21.68886757
v -25.94932938 12.00000000 22.85540581
v 25.94942093 12.00000000 22.85539627
v -17.91725922 12.00000000 22.67185020
v -25.11789322 12.00000000 22.72660828
v -26.97170448 13.31447315 21.61066246
v -19.49035835 12.00000000 22.33727646
v -23.39121628 12.00000000 21.68948746
v -26.77302933 16.75049591 17.48367310
v -25.75234795 12.77340508 22.03124237
v -27.74719620 16.65441513 17.98288536
v -20.88061333 12.00000000 21.51670647
v -21.93820000 12.00000000 20.29454994
v -21.70824814 10.00000000 20.63590050
v -25.96836090 16.91291618 16.67632675
v -22.53445625 13.22274780 18.86578369
v -22.42891121 10.00000000 19.23415375
v -19.20995140 10.00000000 22.43679810
v -16.31795692 12.00000000 22.48885918
v -14.85945892 12.00000000 21.80767250
v -16.11778069 10.00000000 22.42773247
v 14.71943760 12.00000000 21.70824814
v -13.69420052 12.00000000 20.69921875
v 12.91854000 12.00000000 19.20995140
v -12.93911171 12.00000000 19.27238083
v -12.67766953 12.00000000 17.67766953
v -13.30856991 12.00000000 15.24674034
v -12.67766953 10.00000000 17.67766953
v 12.92760563 12.00000000 16.11778069
v -15.03691196 12.00000000 13.43227291
v -13.64709091 10.00000000 14.71943760
v -12.92642784 10.00000000 16.12118530
v -17.42851067 12.00000000 12.68403721
v -16.14538765 10.00000000 12.91854000
v -19.95532990 12.00000000 12.75252151
v -19.88800240 12.00000000 13.19275761
v -19.23755836 10.00000000 12.92760563
v -20.04414749 12.00000000 12.31611252
v -25.23805046 17.38728905 14.63514423
v -21.45705986 13.65475845 14.40410805
v -21.37817574 12.00000000 2.82932615
v -21.26682663 13.32212925 12.59319115
v -21.31439972 12.00000000 -5.72394323
v -20.89141846 12.00000000 -9.68636322
v -22.25996208 13.19881153 -8.89328480
v -19.02167320 12.00000000 -12.86182880
v -20.26681137 12.00000000 -13.40024757
v -17.67766953 12.00000000 -12.67766953
v -20.61937904 10.00000000 -13.63495445
v -21.44790840 13.23436737 -14.39357185
v -14.73596001 12.00000000 -13.63495445
v -17.67766953 10.00000000 -12.67766953
v -12.92760563 12.00000000 -16.11778069
v -14.71943760 10.00000000 -13.64709091
v -16.12118530 10.00000000 -12.92642784
v 12.67766953 12.00000000 -17.67766953
v -12.91854000 12.00000000 -19.20995140
v -12.91854000 10.00000000 -16.14538765
v 13.35305691 12.00000000 -20.18682480
v -14.71943760 12.00000000 -21.70824814
v -12.92760563 10.00000000 -19.23755836
v -16.12118530 12.00000000 -22.42891121
v -14.73596001 10.00000000 -21.72038460
v 15.18581200 12.00000000 -22.01227188
v -17.67766953 12.00000000 -22.67766953
v -17.67766953 10.00000000 -22.67766953
v -17.69764519 12.00000000 -22.67762947
v -17.01699829 12.00000000 -24.52724266
v -19.13102150 13.02596951 -22.46178627
v -16.34562302 12.00000000 -26.25479889
v -18.01713943 12.88993645 -25.27488327
v -15.69806862 12.00000000 -27.88979721
v -17.06984329 12.79229450 -27.59432983
v 15.08617783 12.00000000 -29.50000000
v -15.08617973 12.00000000 -29.50000000
v -16.28608513 12.68449020 -29.44210434
v -14.99398708 16.00000000 -33.50000000
v -16.56583977 16.01358986 -32.55348587
v 15.70621681 12.00000000 -27.86947632
v 16.28913498 12.68626404 -29.44198990
v 2.65565443 16.00000000 -33.50000000
v 14.99399185 15.99999905 -33.50000000
v 1.40739167 14.79410172 -32.29410172
v 0.00054184 14.44999981 -31.95000076
v 16.39317513 12.00000000 -26.13438034
v 17.08370399 12.79589748 -27.57024765
v 17.01930046 12.00000000 -24.52120209
v 18.04191780 12.89462566 -25.22208786
v 17.69764519 12.00000000 -22.67762947
v 16.11778069 10.00000000 -22.42773247
v 19.23297882 13.09620667 -22.42961693
v 19.20995140 10.00000000 -22.43679810
v 13.63495445 10.00000000 -20.61937904
v 13.36231136 12.00000000 -15.15262508
v 12.67766953 10.00000000 -17.67766953
v 15.22276115 12.00000000 -13.32222748
v 13.64709091 10.00000000 -14.71943760
v 12.92642784 10.00000000 -16.12118530
v 17.75204849 12.00000000 -12.67840576
v 16.14538765 10.00000000 -12.91854000
v 20.89207458 12.00000000 -9.68162060
v 20.26681137 12.00000000 -13.40024757
v 19.23755836 10.00000000 -12.92760563
v 21.48758316 13.27785492 -14.43968296
v 21.31497002 12.00000000 -5.71634531
v 22.25890732 13.20207214 -8.93260002
v 21.37755203 12.00000000 2.83955526
v 20.04414749 12.00000000 12.31609535
v 17.67766953 12.00000000 12.67766953
v 19.95529556 12.00000000 12.75249863
v 21.27052116 13.32611942 12.59400368
v 18.81240845 12.00000000 12.80820370
v 19.88795853 12.00000000 13.19273663
v 25.31209183 17.69646263 13.51005459
v 22.49811172 14.65356445 12.87222862
v 23.72570229 15.98100948 13.15045261
v 24.95329285 17.30845451 13.42867661
v 20.61937904 10.00000000 13.63495445
v 21.46772194 13.66521549 14.41645813
v 14.73596001 12.00000000 13.63495445
v 17.67766953 10.00000000 12.67766953
v 14.71943760 10.00000000 13.64709091
v 16.12118530 10.00000000 12.92642784
v 12.91854000 10.00000000 16.14538765
v 12.92760563 10.00000000 19.23755836
v 16.12118530 12.00000000 22.42891121
v 14.73596001 10.00000000 21.72038460
v 17.67766953 12.00000000 22.67766953
v 23.39120102 12.00000000 21.68949890
v 20.11837006 12.00000000 22.04125404
v 17.67766953 10.00000000 22.67766953
v 25.11791039 12.00000000 22.72661209
v 21.93820763 12.00000000 20.29453468
v 20.63590050 10.00000000 21.70824814
v 19.23415375 10.00000000 22.42891121
v 26.06859016 16.88542175 16.80822372
v 22.62680054 13.54043293 18.38908195
v 22.43679810 10.00000000 19.20995140
v 26.85003471 16.73979187 17.53820801
v 26.97172165 13.31441498 21.61053276
v 26.35170937 13.51147461 21.34875679
v 25.75229263 12.77349663 22.03108597
v -29.79730415 16.71250153 17.80416489
v -30.66651535 16.67944336 17.15789413
v -31.10474396 16.61048698 16.65588951
v -26.35163307 13.51155090 21.34885788
v -28.88258171 16.61796188 18.15454292
v -27.63449287 15.12615871 19.77186775
v -24.94959831 17.30448151 13.42789364
v -25.31209755 17.69649124 13.51001263
v -25.70019531 18.27313423 14.21846581
v -25.52689743 17.96928024 13.72160816
v -25.88747597 18.31865501 13.64048386
v -23.72200775 15.97703075 13.14965916
v -22.49441719 14.64958000 12.87142467
v -22.36567116 14.29528522 15.93909740
v -21.72038460 10.00000000 14.73596001
v -25.46357536 17.12317085 15.71774101
v -22.67766953 13.92440510 17.67766953
v -22.67766953 10.00000000 17.67766953
v -28.87550354 17.14993095 17.71715546
v -29.50171661 17.73175812 17.41786194
v -29.82854271 17.65229416 17.33366585
v -27.80570793 17.85726738 17.29845428
v -28.87248039 17.79438972 17.48687553
v -27.53862381 17.89365768 17.18014336
v -26.48097801 18.17734909 16.28652573
v -25.88389397 18.65343285 14.94744492
v -26.42835426 18.20149994 16.21404839
v -27.69518280 26.98078346 14.52928257
v -29.40296173 26.90794754 14.68014050
v -26.32122040 26.89938545 13.44716930
v -25.84623528 18.56580544 14.76493835
v -25.75464821 26.77818298 12.01253891
v -25.80955124 18.40834999 14.30885792
v -30.67732048 16.95642853 17.00609016
v -30.72082329 17.24650764 16.88959503
v -30.81876183 17.17992973 16.81555367
v -31.14105797 16.91562653 16.51729965
v -30.71568489 26.38081169 14.17670250
v -29.24217606 35.24850464 10.18969631
v -30.56288910 34.75241089 9.73845100
v -27.53676796 35.23078156 10.04054832
v -29.07413292 42.67364120 4.41871119
v -30.40140915 42.21298218 3.98413277
v -27.22159576 48.98531723 -2.45729399
v -28.92134857 49.14414215 -2.37277651
v -27.37164497 42.57863617 4.29284811
v -27.09744644 54.35739899 -10.06958485
v -28.79507256 54.56492996 -10.04425526
v -30.25392151 48.71015549 -2.81487203
v -27.00127602 58.50232697 -18.46514893
v -28.69755745 58.73843384 -18.51834869
v -30.13176727 54.13859940 -10.50911713
v -28.03009224 61.31583023 -27.64935112
v -28.61473274 61.28555298 -27.70137787
v -30.03713417 58.28874969 -19.01085472
v -26.93480682 61.05659866 -27.58892250
v -28.02238846 61.54356766 -28.30268097
v -29.00799942 61.20660782 -27.79230690
v -28.95935631 61.66750336 -28.74148560
v -28.00785065 61.98018265 -28.83927917
v -26.81910706 61.00032043 -27.57453156
v -26.91567802 61.76465225 -28.80884743
v -25.69172096 57.34517288 -18.51743126
v -25.75466919 60.07608414 -27.31570816
v -25.64369202 59.91043854 -27.26544380
v -25.78107262 53.30623245 -10.43269730
v -25.89449120 48.09852982 -3.07391262
v -26.17892647 34.82148743 9.05879116
v -26.03029060 41.90491104 3.47030234
v -31.44959831 20.24248314 15.33545494
v -31.32351494 29.32336044 11.92431641
v -31.39756775 24.52527046 14.01451874
v -31.22847557 34.55446243 8.89554501
v -31.05414391 43.23795700 1.91625655
v -31.14205742 38.92741013 5.71509933
v -30.89779472 51.03052902 -7.22094011
v -30.97078705 47.34106064 -2.45184422
v -30.83223724 54.45050049 -12.72761059
v -29.92453194 60.79775620 -28.20164108
v -29.97208023 60.76553345 -28.23247910
v -30.74164963 59.01113129 -23.99182320
v -30.77943802 57.19553375 -18.53164291
v -30.31408119 60.58008957 -28.83978081
v -30.36461067 60.43743896 -28.53713417
v -29.87473679 60.91024399 -28.49348068
v -29.85625267 61.05996704 -28.77269363
v -33.61111450 24.46712112 8.59601307
v -33.55064392 30.49503136 5.51277542
v -33.47721863 36.19168091 1.47982383
v -33.39731216 41.41144562 -3.33923650
v -33.31740570 46.00870895 -8.78080082
v -33.24398041 49.83784485 -14.68126392
v -33.18350983 52.75323486 -20.87702179
v -30.71755600 59.99948502 -28.93921852
v -33.14247894 54.60926056 -27.20446777
v -30.20832253 60.93116760 -29.58518410
v -25.98482895 61.24581528 -28.72404861
v -25.25642776 60.48593903 -28.58800697
v -25.17790413 58.64591217 -26.84817696
v -24.73987961 59.45628738 -28.38273239
v -25.20605469 55.91131210 -18.66879082
v -25.14631844 58.42376709 -26.95426559
v -25.28665352 52.00775528 -10.95945168
v -25.38661766 47.00196838 -3.91203117
v -25.63276291 34.30393219 7.75900602
v -25.50468445 41.06725311 2.37446332
v -25.03309059 57.88669968 -27.24425888
v -24.55115509 58.38198853 -28.14088821
v -25.29383659 56.07637787 -22.44006729
v -25.26301003 57.30414963 -27.19930649
v -25.13877487 57.98530579 -27.10634995
v -25.33545113 54.11732864 -17.37717438
v -25.44930649 48.07175064 -7.13867569
v -25.38802338 51.37982178 -12.12546158
v -25.51439476 44.51841354 -2.76247692
v -25.64042282 37.46201324 3.98645687
v -25.57923698 40.93505096 0.93627739
v -25.75587845 30.32184982 8.90793610
v -25.69768524 34.05446243 6.54578161
v -25.81335449 26.07417297 11.07662201
v -26.16172028 53.87482452 -27.25082016
v -24.69783401 57.13415146 -27.81962585
v -24.89391518 57.36724854 -27.54994583
v -26.21453667 51.71303177 -20.44269562
v -26.33572006 48.11912918 -13.97874928
v -26.48011589 43.43077087 -7.97298956
v -26.63212204 37.87186050 -2.62911916
v -26.77614403 31.66628647 1.84915757
v -26.89657784 25.03794861 5.25813675
v -26.97753716 18.20201302 7.39886236
v -26.92030525 18.21125221 7.84680033
v -29.14494324 62.68781662 -31.08001137
v -29.08406258 62.78081512 -31.16651154
v -27.35645103 65.12451935 -33.50000000
v -28.40819931 63.03666687 -30.17394829
v -29.13286972 62.78609848 -33.50000000
v -28.71893883 63.36742401 -44.00000000
v -26.50381470 65.46156311 -32.53698349
v -26.04959869 66.19960785 -33.50000000
v -19.64840126 72.06669617 -33.50000000
v -20.86268425 71.22216797 -44.00000000
v -30.24502182 61.08732605 -33.50000000
v -33.75856018 53.48187256 -44.00000000
v -30.70875168 60.31074524 -33.50000000
v -35.02375412 22.74946213 3.35348368
v -35.00808334 27.91850662 0.63373810
v -34.98905563 32.78962326 -2.91911840
v -34.96834564 37.24221420 -7.15809345
v -34.94763947 41.15568161 -11.93619347
v -34.92860794 44.40942383 -17.10642815
v -34.91293716 46.88283920 -22.52180099
v -33.12676239 55.26195908 -33.50000000
v -34.90230560 48.45532608 -28.03532219
v -34.49639893 50.88144302 -33.50000000
v -35.49971771 20.97682571 -2.03279567
v -35.49969864 25.25761986 -4.37941647
v -35.49967194 29.27411079 -7.43948317
v -35.49964523 32.93187714 -11.08296299
v -35.49961472 36.13648605 -15.17981529
v -35.49959183 38.79349136 -19.59999657
v -35.49956894 40.80844879 -24.21345901
v -34.89864349 49.00651169 -33.50000000
v -35.49955368 42.08689880 -28.89014626
v -35.49997711 42.51009750 -44.00000000
v -35.49998474 42.53421402 -33.50000000
v -35.02652359 19.20877838 -7.41199827
v -35.01211166 22.60223198 -9.38608551
v -34.99461365 25.76423645 -11.95390511
v -34.97556686 28.62667084 -15.00243473
v -34.95652390 31.12141609 -18.41865349
v -34.93902588 33.18035126 -22.08954048
v -34.92461395 34.73535919 -25.90207481
v -34.91483307 35.71831512 -29.74323463
v -35.45724487 40.75820160 -33.50000000
v -33.61615372 17.49962807 -12.65258026
v -33.55813217 20.03515625 -14.26099777
v -33.48767471 22.37096596 -16.34639931
v -33.41100311 24.46441841 -18.81279373
v -33.33432770 26.27286720 -21.56418991
v -33.26387024 27.75366974 -24.50460052
v -33.20584869 28.86418343 -27.53803253
v -34.91095734 36.05989456 -33.50000000
v -33.16647720 29.56176186 -30.56849480
v -33.76586914 31.54066849 -44.00000000
v -33.51074982 30.78335762 -33.50000000
v -31.30704689 15.90941906 -17.61278915
v -31.17884445 17.64577484 -18.87016487
v -31.02316856 19.21152687 -20.49361801
v -30.85375786 20.58790207 -22.40418434
v -30.68434715 21.75612831 -24.52290344
v -30.52867126 22.69742775 -26.77080727
v -30.40046883 23.39303017 -29.06893539
v -33.15184784 29.80334473 -33.50000000
v -30.31347466 23.82415962 -31.33831978
v -28.73453903 21.65402222 -44.00000000
v -30.28104019 23.97141266 -33.50000000
v -28.16129684 14.50111580 -22.15955734
v -27.94059181 15.52528095 -23.08549309
v -27.67259216 16.40270424 -24.27505875
v -27.38094521 17.13652420 -25.66667175
v -27.08930016 17.72988319 -27.19874573
v -26.82130051 18.18591690 -28.80970001
v -26.60059547 18.50777054 -30.43794823
v -26.45083046 18.69857788 -32.02191162
v -28.82392502 21.77727318 -33.50000000
v -24.62372780 13.23017883 -25.75659370
v -24.54814911 13.81271267 -26.13714027
v -24.36060524 14.28138447 -26.76871490
v -24.05613518 14.58753395 -27.57168770
v -23.58130264 14.77303886 -28.67017555
v -23.01005173 14.79597759 -29.90824127
v -22.37825012 14.66448689 -31.24571991
v -22.01072502 14.55007267 -32.20623016
v -26.39569664 18.76148224 -33.50000000
v -21.79491234 14.47622490 -33.33557892
v -21.78952217 14.47336864 -33.41784668
v -21.78271294 14.46852779 -33.50000000
v -20.89602661 13.80198193 -44.00000000
v -24.22754097 12.62411213 -26.16426468
v -24.18303108 12.26768684 -26.18214417
v -24.17813683 12.77574825 -26.27307892
v -23.99510002 12.96130085 -26.63425255
v -24.09660530 12.88218689 -26.43598366
v -24.01320648 13.69177914 -26.77529144
v -23.95055008 13.51759434 -26.79825783
v -23.08226395 14.06086540 -28.62585640
v -22.13860703 14.04066086 -30.50270653
v -21.41101074 13.88065052 -32.35831833
v -21.52977371 14.22736168 -33.30878067
v -21.58320808 14.31462955 -34.39155579
v -21.52765465 14.23092175 -33.44567871
v -27.32232475 62.78572464 -29.59375191
v -25.92169952 65.35642242 -32.18923187
v -24.85778618 66.53911591 -33.50000000
v -26.78320122 63.42169571 -30.22974968
v -25.31344414 65.06544495 -31.99319649
v -24.03279495 66.37004852 -33.50000000
v -24.69050407 65.71231079 -32.72955322
v -3.04999995 67.50000000 -33.50000000
v -0.92476648 70.40623474 -33.50000000
v -2.89872360 68.44784546 -33.50000000
v -2.45722985 69.30609131 -33.50000000
v -22.59544563 65.44455719 -33.50000000
v -2.46550703 65.70508575 -33.50000000
v -21.35911560 64.26385498 -33.50000000
v -0.94826531 64.60136414 -33.50000000
v -22.70909309 62.39910507 -31.48365784
v -22.70249557 62.41396332 -33.50000000
v 0.92476648 64.59376526 -33.50000000
v 21.35914421 64.26383209 -33.50000000
v -17.67766953 63.37767029 -33.50000000
v -23.13103294 60.89239502 -30.37563324
v -23.15574074 59.68701935 -29.85112953
v -23.17766953 60.17766953 -33.50000000
v -22.93643951 58.56666183 -29.76043510
v -22.43735886 57.42169952 -30.18441582
v -22.93175507 58.55209732 -33.50000000
v -22.54522324 56.48987579 -30.18239403
v -21.42960167 56.15610123 -31.40677071
v -22.21874046 57.07467270 -33.50000000
v -24.05739021 56.94245911 -28.52276230
v -24.48300934 45.50586319 -30.32755470
v -21.10144615 55.87352753 -33.50000000
v -21.09624672 55.86915207 -31.82930946
v -26.12990189 45.33298874 -28.67314911
v -25.98998260 45.38486481 -28.81087875
v -25.00000000 45.54999924 -29.79994583
v -27.20036697 47.50296783 -27.36324120
v -27.28708267 46.58588409 -27.38104057
v 10.26214314 76.48436737 -33.50000000
v -10.26215935 76.48436737 -33.50000000
v -10.97546196 76.26056671 -44.00000000
v 19.64837456 72.06671143 -33.50000000
v 0.00000000 78.00000000 -33.50000000
v -0.00000000 78.00000000 -44.00000000
v 11.00134754 76.25213623 -44.00000000
v 5.56552124 77.56092072 -44.00000000
v 26.04981041 66.19949341 -33.50000000
v 27.35644913 65.12451935 -33.50000000
v 20.89602661 71.19802094 -44.00000000
v 24.85777664 66.53907776 -33.50000000
v 2.89872360 66.55215454 -33.50000000
v 3.04999995 67.50000000 -33.50000000
v 2.46550703 69.29491425 -33.50000000
v 0.94826531 70.39863586 -33.50000000
v 26.50391006 65.46166229 -32.53689575
v 28.73453903 63.34597778 -44.00000000
v 29.13290215 62.78605652 -33.50000000
v 29.17612267 62.63991165 -31.03608704
v 2.45722985 65.69390869 -33.50000000
v 24.03287125 66.37002563 -33.50000000
v 25.92174149 65.35652924 -32.18912125
v 22.59550285 65.44451904 -33.50000000
v 26.86859131 61.74668121 -28.80594826
v 24.69059563 65.71242523 -32.72964478
v 25.92713356 61.19984436 -28.71598816
v 20.26443100 62.06085968 -33.50000000
v 22.88464737 61.94839859 -33.50000000
v 22.70794678 62.40169907 -31.48589706
v 18.67257118 63.21886063 -33.50000000
v 16.70742226 63.22683334 -33.50000000
v 20.87767029 60.17766953 -33.50000000
v 23.08778763 59.18927002 -33.50000000
v 23.12849045 60.91152573 -30.38672638
v 18.64791679 57.12850571 -33.50000000
v 21.92215729 56.68018341 -33.50000000
v 22.93277740 58.55475616 -29.76186943
v 20.25574684 58.28275681 -33.50000000
v 20.71895409 59.18320847 -33.50000000
v 23.15671921 59.69806671 -29.85405731
v -19.67643929 55.05371475 -33.50000000
v 19.67638779 55.05369568 -33.50000000
v 21.42970085 56.15619278 -31.40664482
v -17.67766953 56.97766876 -33.50000000
v 22.42832565 57.40615845 -30.19424248
v -21.32949257 45.84255981 -33.50000000
v 21.32897568 45.84896851 -33.50000000
v 20.61886597 55.53015900 -32.41062927
v 21.09291840 55.86651230 -31.83343887
v 21.29840851 37.33356094 -33.50000000
v 21.95001030 42.49179840 -33.03626251
v 22.90947914 44.72085953 -31.97923851
v 22.21425056 43.74180984 -32.73391724
v -21.29798317 37.32862091 -33.50000000
v 20.80688095 33.41593552 -33.50000000
v 22.45018005 33.72774124 -31.99413109
v 22.97758293 40.21694946 -32.00038528
v 22.23821640 41.20576477 -32.75258255
v -20.07486534 29.77242661 -33.50000000
v 20.07487106 29.77242470 -33.50000000
v -20.80635643 33.41273499 -33.50000000
v 18.67213058 27.86361504 -33.50000000
v 22.33763504 27.74320030 -33.50000000
v 21.57282448 28.70533943 -31.93812943
v -22.27574730 27.83969307 -33.50000000
v -18.64791679 27.87149429 -33.50000000
v 17.67766953 28.02233124 -33.50000000
v 20.72683334 25.79257774 -33.50000000
v 23.17766953 24.82233047 -33.50000000
v 22.72792244 27.00061989 -30.56414986
v 19.57258415 27.40040779 -33.50000000
v 22.32398033 27.76542473 -31.07781792
v 20.71886253 23.82742882 -33.50000000
v 22.93442726 23.20553207 -33.50000000
v 23.15447807 25.32688522 -29.84245300
v 19.56086159 22.23556900 -33.50000000
v 22.22787666 21.73319435 -33.50000000
v 22.86134911 22.98399734 -29.57985115
v 17.67766953 21.62232971 -33.50000000
v 21.12362480 20.53569794 -33.50000000
v 21.52903366 20.89588356 -30.17701721
v 0.94826531 20.39863777 -33.50000000
v 19.71681976 19.71459007 -33.50000000
v 20.21746635 19.94386482 -30.95821571
v -0.92476648 20.40623474 -33.50000000
v 16.49586296 19.45079994 -33.50000000
v 18.12709045 19.34094810 -33.50000000
v 19.09914970 19.50919724 -31.67831993
v 2.46550703 19.29491615 -33.50000000
v 18.11558914 19.33979225 -32.34128952
v 15.74275112 17.75445175 -33.50000000
v 17.28717041 17.57097054 -32.44922638
v 16.54206276 16.01416779 -32.56857681
v 2.94970393 16.72453117 -33.50000000
v 3.04999995 17.50000000 -33.50000000
v 2.46550703 15.70508289 -38.00000000
v 3.04999995 17.50000000 -38.00000000
v 2.45722985 19.30608940 -38.00000000
v 2.89872360 18.44784546 -38.00000000
v 0.92476648 20.40623474 -38.00000000
v -16.49586105 19.45080185 -33.50000000
v -2.45722985 19.30608940 -33.50000000
v -0.94826531 20.39863777 -38.00000000
v -20.50082016 20.10251999 -33.50000000
v -15.72891426 17.72301102 -33.50000000
v -2.89872360 18.44784546 -33.50000000
v -2.46550703 19.29491615 -38.00000000
v -3.04999995 17.50000000 -33.50000000
v -2.94970393 16.72453117 -33.50000000
v -3.04999995 17.50000000 -38.00000000
v -2.65565443 16.00000000 -33.50000000
v -2.89872360 16.55215454 -38.00000000
v -1.40581310 14.79327011 -32.29327011
v -2.45722985 15.69391060 -38.00000000
v -17.27935219 17.54726982 -32.44853210
v -17.67766953 19.32233047 -33.50000000
v -17.08328438 19.35454559 -33.50000000
v -17.08291054 19.35458374 -33.06875992
v -17.67766953 19.32233047 -32.64555359
v -18.67257118 21.78113747 -33.50000000
v -22.52033043 22.21522522 -33.50000000
v -22.07826805 21.52313042 -29.88707161
v -16.70742226 21.77316666 -33.50000000
v -20.19170952 19.93054199 -30.97433090
v -20.03598785 19.85359383 -31.07227707
v -18.13850403 19.34167099 -32.32538605
v -20.87767029 24.82233047 -33.50000000
v -23.17247009 25.05795479 -33.50000000
v -23.02433014 23.53266716 -29.56523132
v -20.26443100 22.93913841 -33.50000000
v -20.25574684 26.71724510 -33.50000000
v -23.10318756 25.72441673 -29.97060585
v -20.71895409 25.81679153 -33.50000000
v -21.55233192 28.72579002 -31.96059227
v -22.19490433 27.95993996 -31.23201180
v -22.72817230 27.00004005 -30.56378937
v -22.45668793 33.74928284 -31.99084473
v -21.95002747 42.48727798 -33.03631592
v -22.97995377 40.21485138 -31.99796104
v -22.24433136 41.19279480 -32.74634171
v -22.91329384 44.72444534 -31.97515869
v -22.21427917 43.74187851 -32.73387527
v -20.61860847 55.52999496 -32.41099548
v -19.57258415 57.59959412 -33.50000000
v -18.67213058 57.13638687 -33.50000000
v -20.72683334 59.20742416 -33.50000000
v -20.71886253 61.17256927 -33.50000000
v -19.56086159 62.76443100 -33.50000000
v -14.63647652 59.18276978 -33.50000000
v 15.09090805 58.29447937 -33.50000000
v 14.47766972 60.17766953 -33.50000000
v 14.47766972 60.17766953 -38.00000000
v -14.62850571 61.14791489 -33.50000000
v 14.63638592 61.17213058 -33.50000000
v 15.09090805 62.06085968 -38.00000000
v -15.79447842 57.59090805 -33.50000000
v 16.68276787 57.13647842 -33.50000000
v 15.09959221 58.28275681 -38.00000000
v 14.63638592 59.18320847 -38.00000000
v 16.70742226 57.12850571 -38.00000000
v 18.67257118 57.13647842 -38.00000000
v 20.26443100 58.29447937 -38.00000000
v 20.87767029 60.17766953 -38.00000000
v 20.25574684 62.07258224 -38.00000000
v 20.71895409 61.17213058 -38.00000000
v 18.64791679 63.22683334 -38.00000000
v -15.78275585 62.75574493 -33.50000000
v 15.09959221 62.07258224 -33.50000000
v 16.68276787 63.21886063 -38.00000000
v -16.68320847 63.21895218 -33.50000000
v -16.68276787 27.86352348 -33.50000000
v 15.79447842 27.40909195 -33.50000000
v 17.67766953 28.02233124 -38.00000000
v 19.56086159 27.40909195 -38.00000000
v -15.09090805 26.70552254 -33.50000000
v 14.63647652 25.81723213 -33.50000000
v 15.78275585 27.40040779 -38.00000000
v 16.68320847 27.86361504 -38.00000000
v -14.47766972 24.82233047 -33.50000000
v 14.62850571 23.85208321 -33.50000000
v 14.62850571 25.79257774 -38.00000000
v -15.09959221 22.92741585 -33.50000000
v 15.78275585 22.24425316 -33.50000000
v 14.63647652 23.82742882 -38.00000000
v -14.63638592 23.82786942 -33.50000000
v 16.68320847 21.78104591 -33.50000000
v 15.79447842 22.23556900 -38.00000000
v 17.67766953 21.62232971 -38.00000000
v 19.57258415 22.24425316 -38.00000000
v 18.67213058 21.78104591 -38.00000000
v 20.72683334 23.85208321 -38.00000000
v 20.71886253 25.81723213 -38.00000000
v -14.47766972 24.82233047 -38.00000000
v -15.09090805 22.93913841 -38.00000000
v -15.09959221 26.71724510 -38.00000000
v -14.63638592 25.81679153 -38.00000000
v -16.70742226 27.87149429 -38.00000000
v -18.67257118 27.86352348 -38.00000000
v -20.26443100 26.70552254 -38.00000000
v -20.87767029 24.82233047 -38.00000000
v -20.25574684 22.92741585 -38.00000000
v -20.71895409 23.82786942 -38.00000000
v -18.64791679 21.77316666 -38.00000000
v -16.68276787 21.78113747 -38.00000000
v -3.04999995 67.50000000 -38.00000000
v -2.46550703 69.29491425 -38.00000000
v -2.45722985 65.69390869 -38.00000000
v -2.89872360 66.55215454 -38.00000000
v -0.92476648 64.59376526 -38.00000000
v 0.94826531 64.60136414 -38.00000000
v 2.46550703 65.70508575 -38.00000000
v 3.04999995 67.50000000 -38.00000000
v 2.45722985 69.30609131 -38.00000000
v 2.89872360 68.44784546 -38.00000000
v 0.92476648 70.40623474 -38.00000000
v -0.94826531 70.39863586 -38.00000000
v -17.67766953 63.37767029 -38.00000000
v -15.79447842 62.76443100 -38.00000000
v -19.57258415 62.75574493 -38.00000000
v -18.67213058 63.21895218 -38.00000000
v -20.72683334 61.14791489 -38.00000000
v -20.71886253 59.18276978 -38.00000000
v -19.56086159 57.59090805 -38.00000000
v -17.67766953 56.97766876 -38.00000000
v -15.78275585 57.59959412 -38.00000000
v -16.68320847 57.13638687 -38.00000000
v -14.62850571 59.20742416 -38.00000000
v -14.63647652 61.17256927 -38.00000000
v -21.15438652 13.99137020 -35.31690979
v -21.26613045 14.01825142 -34.34432602
v -21.31841278 13.95107269 -33.39296341
v -17.63823318 11.69184017 -38.11229324
v -13.64406490 9.45445251 -39.00949860
v -21.04644775 13.86583233 -34.77616119
v -11.00134754 8.74786282 -44.00000000
v -14.04722309 9.89746189 -40.28217316
v -9.74210453 8.36290264 -41.77544403
v -10.14260006 8.40186882 -40.91405869
v -5.56552124 7.43908024 -44.00000000
v -6.18935013 7.54371357 -42.03271103
v -5.08477545 7.36604118 -41.94971466
v -9.70231628 7.78008461 -39.75640869
v -5.15130806 7.32957602 -41.35037994
v -10.06754494 11.54608631 -44.00000000
v -0.00000000 9.94999981 -44.00000000
v -19.12926674 16.16465378 -44.00000000
v -26.33649635 23.37209702 -44.00000000
v -30.95485878 32.43640518 -44.00000000
v -30.96339607 52.53726196 -44.00000000
v -32.54957962 42.48596191 -44.00000000
v -26.35268974 61.60552597 -44.00000000
v -19.16267204 68.81116486 -44.00000000
v -10.09205437 73.44593811 -44.00000000
v 0.00000000 75.05000305 -44.00000000
v -5.10757399 74.64674377 -44.00000000
v -20.90662956 13.66152000 -34.42567062
v -21.31680107 13.94324780 -33.33868408
v -20.48413467 13.06044865 -34.07920456
v -21.31390953 13.93374252 -33.28395081
v -20.81226158 13.07181263 -33.06125641
v -20.14140701 12.24886608 -33.59178543
v -20.37692642 12.36332035 -33.17239761
v -19.85725594 12.16294289 -33.98757935
v -19.78764725 11.56399155 -33.49108505
v -20.33082008 12.29152489 -33.20105743
v -16.74725533 10.21375084 -36.13602829
v -13.48641300 8.61198425 -37.89421844
v -21.59367180 13.74179459 -31.48776817
v -21.12430573 12.69088268 -31.85418510
v -21.99403763 13.28673553 -30.36124611
v -21.01981354 12.64316082 -32.02981949
v -20.92874908 12.59910488 -32.18184662
v -20.84956169 12.55886936 -32.31321716
v -20.78074074 12.52239799 -32.42672729
v -20.72091484 12.48952198 -32.52487564
v -20.66890717 12.46002865 -32.60979080
v -20.62376595 12.43372250 -32.68318176
v -20.58471680 12.41042614 -32.74643326
v -20.55110931 12.38997173 -32.80070114
v -20.52238655 12.37219524 -32.84696579
v -20.49805260 12.35692692 -32.88608170
v -20.47767258 12.34399986 -32.91880035
v -20.41450882 12.30326843 -33.02013779
v -20.36215973 12.26946735 -33.10484314
v -20.33222771 12.25154209 -33.15507507
v -20.30971146 12.24984932 -33.20548248
v -22.14709854 13.00694180 -30.08048820
v -22.79136276 13.25122929 -28.89973831
v -21.91451645 12.95871830 -30.49152756
v -21.71198082 12.90546227 -30.84599113
v -21.53497124 12.85027122 -31.15299988
v -21.37989807 12.79526901 -31.41969299
v -21.24376488 12.74182320 -31.65193748
v -22.72543144 13.06997299 -29.03962135
v -23.31433105 13.21295547 -27.92815018
v -22.41570473 13.04585361 -29.60051155
v -23.45437813 13.06108284 -27.68076706
v -23.85568619 13.03426170 -26.90353394
v -23.07455826 13.07485008 -28.39639473
v -22.58520889 11.10188770 -28.47216225
v -22.00879478 11.07946205 -29.46679497
v -21.22348976 11.07440662 -30.77953148
v -20.63038826 11.12085819 -31.77214432
v -20.05530548 11.27924156 -32.80962372
v -22.23433685 10.10446358 -28.09900284
v -17.71385956 8.88703918 -33.63621902
v 10.06754494 73.45391083 -44.00000000
v 19.12926674 68.83534241 -44.00000000
v 33.12677383 55.26193237 -33.50000000
v 33.76586914 53.45933151 -44.00000000
v 26.33649635 61.62790298 -44.00000000
v 30.70876503 60.31072235 -33.50000000
v 30.24504089 61.08729553 -33.50000000
v 35.49998474 42.53420258 -33.50000000
v 35.49997711 42.48990250 -44.00000000
v 30.95485878 52.56359482 -44.00000000
v 34.89864731 49.00649261 -33.50000000
v 34.49641800 50.88136292 -33.50000000
v 34.91096115 36.05989838 -33.50000000
v 33.75856018 31.51812553 -44.00000000
v 30.96339607 32.46273804 -44.00000000
v 35.45724106 40.75811768 -33.50000000
v 32.54957962 42.51403809 -44.00000000
v 28.82392693 21.77727699 -33.50000000
v 28.71893883 21.63257599 -44.00000000
v 26.35268974 23.39447594 -44.00000000
v 30.28105545 23.97143555 -33.50000000
v 33.15185165 29.80335999 -33.50000000
v 33.51074600 30.78334427 -33.50000000
v 21.15439034 13.99137306 -35.31694794
v 20.86268425 13.77783585 -44.00000000
v 19.16267204 16.18883324 -44.00000000
v 21.55394363 14.29224300 -34.47665787
v 21.78271484 14.46852875 -33.50000000
v 26.39571762 18.76150513 -33.50000000
v 11.68443108 8.97800636 -41.27529144
v 10.09205437 11.55406475 -44.00000000
v 14.04729939 9.89749432 -40.28208542
v 17.60926437 11.67527294 -38.13222504
v 6.16867828 7.54006004 -42.03456497
v 9.27190399 8.23220444 -41.85699844
v 5.10757399 10.35325432 -44.00000000
v 10.15574169 8.40526772 -40.90858078
v 13.64411545 9.45447922 -39.00941849
v 21.27032852 14.01974678 -34.32154083
v 20.85149384 13.58093739 -34.34251022
v 26.45085144 18.69860077 -32.02190781
v 21.78947067 14.47333717 -33.41854095
v 21.52934074 14.22687435 -33.30873871
v 21.52726746 14.23048973 -33.44559097
v 30.31348610 23.82417679 -31.33831787
v 33.16648102 29.56177521 -30.56849289
v 34.91483307 35.71831894 -29.74323463
v 35.49955368 42.08689499 -28.89014816
v 34.90230560 48.45531082 -28.03532410
v 33.14248657 54.60923767 -27.20447159
v 30.20668793 60.93386078 -29.58551407
v 30.71758461 59.99941635 -28.93907356
v -0.00000000 10.94999981 -43.00000000
v 9.74948597 12.49416733 -43.00000000
v -9.74948597 12.49416733 -43.00000000
v -18.54462433 16.97551346 -43.00000000
v -25.52448654 23.95537567 -43.00000000
v -30.00583267 32.75051498 -43.00000000
v -31.54999924 42.50000000 -43.00000000
v -30.00583267 52.24948502 -43.00000000
v -25.52448654 61.04462433 -43.00000000
v -18.54462433 68.02448273 -43.00000000
v -9.74948597 72.50583649 -43.00000000
v -0.00000000 74.05000305 -43.00000000
v 9.74948597 72.50583649 -43.00000000
v 18.54462433 68.02448273 -43.00000000
v 25.52448654 61.04462433 -43.00000000
v 30.00583267 52.24948502 -43.00000000
v 31.54999924 42.50000000 -43.00000000
v 30.00583267 32.75051498 -43.00000000
v 25.52448654 23.95537567 -43.00000000
v 18.54462433 16.97551346 -43.00000000
v 0.00000000 10.94999981 -38.00000000
v 9.75725842 12.49673557 -38.00000000
v -9.78124237 12.50454330 -38.00000000
v -4.94968605 11.34071445 -38.00000000
v -18.57472420 16.99771118 -38.00000000
v -25.54345512 23.98194313 -38.00000000
v -30.01219749 32.77128220 -38.00000000
v -31.54959106 42.51446915 -38.00000000
v -30.00340271 52.25584412 -38.00000000
v -25.52671242 61.04118347 -38.00000000
v -18.54124832 68.02651978 -38.00000000
v -9.75725842 72.50326538 -38.00000000
v -0.00000000 74.05000305 -38.00000000
v 9.78124237 72.49546051 -38.00000000
v 4.94968605 73.65928650 -38.00000000
v 18.57472420 68.00228882 -38.00000000
v 25.54345512 61.01805878 -38.00000000
v 30.01219749 52.22871780 -38.00000000
v 31.54959106 42.48553085 -38.00000000
v 30.00340271 32.74415588 -38.00000000
v 25.52671242 23.95881462 -38.00000000
v 18.54124832 16.97347641 -38.00000000
v 26.79491615 44.96550751 -38.00000000
v 23.19391060 44.95722961 -38.00000000
v 22.09376526 43.42476654 -38.00000000
v 24.05215454 45.39872360 -38.00000000
v 25.00000000 45.54999924 -38.00000000
v 27.90623474 41.57523346 -38.00000000
v 27.89863777 43.44826508 -38.00000000
v 25.94784546 39.60127640 -38.00000000
v 25.00000000 39.45000076 -38.00000000
v 26.80608940 40.04277039 -38.00000000
v -0.92476648 14.59376621 -38.00000000
v 0.94826531 14.60136318 -38.00000000
v -26.79491615 40.03449249 -38.00000000
v -23.19391060 40.04277039 -38.00000000
v -22.09376526 41.57523346 -38.00000000
v -24.05215454 39.60127640 -38.00000000
v -25.00000000 39.45000076 -38.00000000
v -27.90623474 43.42476654 -38.00000000
v -27.89863777 41.55173492 -38.00000000
v -25.94784546 45.39872360 -38.00000000
v -25.00000000 45.54999924 -38.00000000
v -26.80608940 44.95722961 -38.00000000
v 23.20508385 40.03449249 -38.00000000
v 25.00000000 39.45000076 -29.97445488
v 26.09836197 39.65463638 -28.88962364
v 22.10136223 41.55173492 -38.00000000
v 24.55888367 39.48206711 -30.41251564
v 23.24478149 40.00566483 -31.72974968
v 23.17879295 44.94657135 -31.69153404
v 24.47861099 45.50510406 -30.33204651
v 25.00000000 45.54999924 -29.79992676
v 26.82609558 44.94290924 -28.00000000
v 25.98889732 45.38523483 -28.81192970
v 26.12635994 45.33439636 -28.67660141
v 27.94729614 41.71590805 -28.00000000
v 27.88257599 43.49604797 -28.00000000
v 26.99863625 40.19610214 -28.00000000
v 26.20054817 39.69622040 -28.78851891
v -23.20508385 44.96550751 -38.00000000
v -22.10136223 43.44826508 -38.00000000
v -23.17760468 44.94568634 -31.69281960
v -23.25573349 39.99799347 -31.71866417
v -24.56325340 39.48143387 -30.40817642
v -25.00000000 39.45000076 -29.97446251
v -26.99856377 40.19602585 -28.00000000
v -26.20418358 39.69778061 -28.78493309
v -26.09835052 39.65463257 -28.88964462
v -27.94729424 41.71589661 -28.00000000
v -27.88257980 43.49603653 -28.00000000
v -26.82603645 44.94297028 -28.00000000
v 17.53789330 13.43843079 -29.42097282
v 17.88710594 15.97202778 -31.70563698
v 17.93290901 13.68413448 -29.42198563
v 18.13720322 15.95903111 -31.54009247
v 18.77753258 14.22111893 -29.43561363
v 19.70660019 15.84444714 -30.46871948
v 19.03247452 17.75033379 -31.30086517
v 20.03042984 15.04502869 -29.48279953
v 21.00854111 15.70942307 -29.54052353
v 20.94366646 18.22973061 -30.02818871
v 21.06052017 15.45591640 -27.34032822
v 22.08645439 17.79797745 -29.09256744
v 23.54307556 19.32226181 -26.05745316
v 21.77840233 16.05902481 -27.95380402
v 19.76015282 14.53927612 -27.32969093
v 18.42353821 13.64609432 -27.42693138
v 22.54214478 56.48907852 -30.18572617
v 24.54862213 58.28135681 -28.11665344
v 24.05428314 56.94172668 -28.52610207
v 24.69780922 57.13423157 -27.81962585
v 26.16110229 53.87753296 -27.25063133
v 27.20010567 47.50551987 -27.36324120
v 27.28418541 46.61937332 -27.38036919
v 25.03307533 57.88699722 -27.24425888
v 24.89392281 57.36740875 -27.54989815
v 25.26300621 57.30417633 -27.19928932
v 25.13910103 57.98329926 -27.10698509
v 25.14614677 58.42474747 -26.95445061
v 25.17796326 58.64632034 -26.84819603
v 25.20604515 55.91185760 -18.67029572
v 24.71265221 59.36839676 -28.36383629
v 25.63036537 59.88883591 -27.25828743
v 25.69166946 57.34751129 -18.52345657
v 25.28878593 56.28990173 -23.12254715
v 26.21454430 51.71288300 -20.44240952
v 27.48408890 40.76518631 -27.51478958
v 27.22134018 45.66543961 -22.14194679
v 26.95988464 42.56417084 -28.00000000
v 26.98335266 34.19293976 -27.72124290
v 27.25394440 36.58494949 -27.63707924
v 27.47010994 39.15061951 -23.23273659
v 25.34227371 31.88000298 -29.02092171
v 25.71687698 27.68851852 -28.03700066
v 26.63937187 31.96837616 -27.81227112
v 26.93361473 32.56943512 -24.27626801
v 23.68365669 21.42258644 -28.57065773
v 24.57643890 23.85481071 -28.32423973
v 23.93525124 25.97091675 -29.29944801
v 25.63686371 26.24811363 -25.57198143
v 22.38911819 21.52866936 -29.63955688
v 23.32302094 20.53486252 -28.67766380
v 23.62220573 20.45955467 -27.23887062
v 23.84195900 32.45850754 -30.50797653
v 25.16958809 60.35839462 -28.56368637
v 25.31352234 65.06536102 -31.99333954
v 28.00789452 61.98012543 -28.83918381
v 26.80709076 63.39389038 -30.20129204
v 28.02248001 61.54350662 -28.30255127
v 28.62003708 61.28477478 -27.70219421
v 29.00959969 61.20607758 -27.79225159
v 28.95650673 61.66896439 -28.74159622
v 26.92826080 61.05343628 -27.58743858
v 28.03020668 61.31575775 -27.64917374
v 26.69835091 60.93438339 -27.55650330
v 25.69429207 59.98865891 -27.28870583
v 28.69755173 58.73889160 -18.51966476
v 27.00137138 58.49850464 -18.45552635
v 29.87480545 60.91017151 -28.49341965
v 29.85633850 61.05984116 -28.77255058
v 29.92460823 60.79764938 -28.20148468
v 29.96987724 60.76699448 -28.23074913
v 30.36078644 60.44122696 -28.53342819
v 30.31756401 60.57573700 -28.84017754
v 30.03712845 58.28922272 -19.01221275
v 30.73465919 59.31784821 -25.22741890
v 30.76209068 58.05561066 -20.84569931
v 30.80215645 56.03111267 -15.84737396
v 33.18351746 52.75321579 -20.87702751
v 30.13172722 54.14035034 -10.51227951
v 30.85754967 53.12567520 -10.43214893
v 33.24398804 49.83782578 -14.68127251
v 30.25385666 48.71359253 -2.81896162
v 30.92307281 49.74118423 -5.44405937
v 33.31741333 46.00868988 -8.78081131
v 30.99972725 45.90854645 -0.83080643
v 30.40132141 42.21692276 3.98051357
v 31.08785057 41.58998489 3.45411777
v 33.39731979 41.41143036 -3.33924985
v 30.56283760 34.75544357 9.73653507
v 31.18192101 36.93478012 7.24235773
v 33.47722626 36.19166946 1.47980833
v 31.28006935 31.79265022 10.59505272
v 33.55065155 30.49502182 5.51275826
v 30.71567154 26.38211060 14.17620945
v 31.37454796 26.12796974 13.38798904
v 31.44118881 21.03082275 15.13120079
v 33.61112213 24.46711540 8.59599495
v 31.14513588 16.91156769 16.51289368
v 31.48018074 16.50996780 16.06120110
v 30.82241631 17.17706299 16.81270218
v 30.72080040 17.24632835 16.88964081
v 29.40295219 26.90914154 14.67969322
v 29.83366966 17.65078735 17.33204460
v 29.50496674 17.73095894 17.41721153
v 29.24212074 35.25145340 10.18780613
v 29.07404327 42.67749405 4.41515732
v 28.79503250 54.56666183 -10.04736233
v 28.92127991 49.14752579 -2.37678981
v 30.67726707 16.95638275 17.00611687
v 29.80816460 16.71258736 17.79832077
v 28.87224770 17.79427910 17.48688507
v 28.87540627 17.14785767 17.71827507
v 28.88245773 16.61779404 18.15460396
v 27.69532776 26.97248268 14.53290653
v 27.81110001 17.85599518 17.30061150
v 27.53689766 35.22494125 10.04446220
v 27.37174034 42.57450867 4.29656076
v 27.09753990 54.35329437 -10.06292629
v 27.22169113 48.98166656 -2.45275068
v 27.80381012 16.65080643 18.00094414
v 27.64285851 17.87746811 17.23030281
v 26.32113457 26.90519714 13.44467449
v 26.53562355 18.15324593 16.35758972
v 26.44106865 18.19492340 16.23204231
v 26.17878723 34.82852936 9.05407619
v 26.03012657 41.91234207 3.46344781
v 25.78097534 53.31056976 -10.44003963
v 25.89435577 48.10499573 -3.08169699
v 25.88388443 18.65342140 14.94738865
v 25.50350952 17.09859467 15.82452297
v 25.75463104 26.77956963 12.01196766
v 25.84628677 18.56581688 14.76402760
v 25.63270760 34.30690765 7.75696278
v 25.50460815 41.07102585 2.37095666
v 25.28661537 52.00959015 -10.96257401
v 25.38655663 47.00527954 -3.91597962
v 25.70030975 18.27335167 14.21886158
v 25.24979210 17.35256004 14.77079391
v 25.85284233 22.52996445 12.47330570
v 25.88747597 18.31864357 13.64046574
v 25.80937004 18.40891647 14.31102562
v 25.80028915 27.10647964 10.59956741
v 25.65192604 36.80647659 4.50926781
v 25.73029709 32.01765823 7.88879538
v 25.57733345 41.04040527 0.83614671
v 25.45493698 47.76195526 -6.72238779
v 25.51117325 44.68687439 -2.95152116
v 25.36337471 52.67662048 -14.43896580
v 25.40760422 50.33822632 -10.43405151
v 25.32157707 54.80459976 -18.97001648
v 26.95352173 18.20615578 7.58975172
v 25.52698898 17.96941376 13.72179031
v 26.89664078 25.03394508 5.25977993
v 26.97863007 18.20209312 7.38999844
v 26.77621078 31.66316986 1.85105920
v 26.63218117 37.86964798 -2.62729073
v 26.48015785 43.42940521 -7.97149944
v 26.33574486 48.11847305 -13.97779655
v 34.91294098 46.88282394 -22.52180481
v 34.92861176 44.40940857 -17.10643196
v 34.94763947 41.15567017 -11.93620110
v 34.96834946 37.24220657 -7.15810204
v 34.98905563 32.78961563 -2.91912818
v 35.00808716 27.91850090 0.63372719
v 35.02375793 22.74945831 3.35347199
v 35.49956894 40.80844498 -24.21346092
v 35.49959183 38.79349136 -19.59999847
v 35.49961472 36.13648224 -15.17981625
v 35.49964523 32.93187714 -11.08296299
v 35.49967194 29.27411079 -7.43948364
v 35.49969864 25.25761986 -4.37941647
v 35.49971771 20.97682762 -2.03279495
v 34.92461395 34.73536301 -25.90207291
v 34.93902588 33.18035507 -22.08953857
v 34.95652390 31.12141800 -18.41865158
v 34.97556686 28.62667274 -15.00243187
v 34.99461365 25.76423836 -11.95390224
v 35.01211166 22.60223389 -9.38608265
v 35.02652359 19.20878029 -7.41199493
v 33.20585251 28.86419487 -27.53802872
v 33.26387787 27.75368118 -24.50459480
v 33.33433151 26.27287674 -21.56418419
v 33.41100693 24.46442604 -18.81278610
v 33.48767853 22.37097359 -16.34638977
v 33.55813599 20.03516006 -14.26098824
v 33.61615753 17.49963188 -12.65256977
v 30.40048027 23.39304733 -29.06892967
v 30.52868271 22.69744492 -26.77079964
v 30.68435860 21.75614166 -24.52289391
v 30.85376930 20.58791542 -22.40417290
v 31.02318001 19.21153641 -20.49360275
v 31.17885399 17.64578247 -18.87014961
v 31.30705643 15.90942478 -17.61277390
v 26.60061455 18.50779152 -30.43794250
v 26.82131958 18.18593788 -28.80969048
v 27.08931923 17.72990036 -27.19873428
v 27.38096428 17.13653946 -25.66665649
v 27.67261124 16.40271759 -24.27504158
v 27.94060898 15.52529049 -23.08547401
v 28.16131401 14.50112247 -22.15953636
v 22.05653572 14.56410599 -32.05709457
v 21.79491234 14.47622395 -33.33558655
v 22.43321609 14.67968273 -31.12160683
v 22.90772247 14.78398037 -30.12382317
v 23.43328476 14.79622269 -28.99918365
v 23.92492104 14.66333389 -27.88943863
v 24.36066437 14.28127670 -26.76852226
v 24.53518486 13.86427689 -26.18814659
v 24.61816406 13.29963398 -25.78837204
v 21.39925766 13.88758755 -32.43192673
v 21.31390953 13.93374443 -33.28395844
v 22.13455582 14.04008579 -30.51098061
v 23.08032990 14.06152534 -28.63000298
v 24.01162529 13.68760586 -26.77557564
v 24.08029938 12.89720631 -26.46804428
v 23.95036316 13.51668930 -26.79823494
v 23.85575867 13.03422165 -26.90339851
v 24.16547966 12.79778385 -26.29887199
v 21.31680870 13.94326210 -33.33869171
v 21.31841660 13.95107937 -33.39296722
v 20.35256004 12.87940502 -34.04552078
v 20.81047249 13.06878376 -33.06111908
v 19.85726929 12.16296101 -33.98758316
v 20.14140320 12.24886131 -33.59183502
v 20.34301567 12.31103611 -33.19385529
v 16.81573868 10.25197983 -36.09396744
v 18.09453583 8.91393757 -33.17708969
v 19.81740189 11.49567032 -33.37905121
v 20.32241058 12.27742481 -33.20542145
v 20.30975723 12.24917889 -33.20465088
v 20.32042503 12.24589443 -33.17644501
v 20.34550858 12.25917721 -33.13242340
v 20.36642075 12.27216339 -33.09786606
v 20.37693024 12.36332893 -33.17239380
v 21.60832787 13.73050308 -31.43407822
v 13.48650837 8.61199284 -37.89410782
v 11.22570896 8.07547855 -39.12932587
v 16.01815987 8.77153301 -35.52307129
v 9.13153172 7.68291092 -39.95244217
v 17.04595184 7.57758904 -32.33855438
v 20.33061790 11.17606926 -32.29021835
v 22.25095940 10.12006569 -28.08539391
v 21.97230911 11.07842445 -29.52867317
v 21.17658997 11.07571507 -30.85714722
v 23.29015541 11.13490391 -27.20044518
v 23.03254318 13.07524204 -28.47449875
v 22.90012360 13.24987125 -28.69922638
v 22.53811455 13.05789185 -29.37983704
v 22.30244255 13.24149704 -29.79256248
v 21.92214012 13.33569050 -30.50516129
v 20.99164581 12.62977982 -32.07695007
v 20.39743233 12.29216099 -33.04760742
v 20.44637871 12.32393265 -32.96900177
v 20.49462128 12.35475540 -32.89159393
v 20.55417061 12.39184666 -32.79576492
v 20.62995529 12.43736458 -32.67313766
v 20.69285202 12.47371101 -32.57073975
v 20.76350975 12.51303959 -32.45504379
v 20.85842514 12.56346035 -32.29854965
v 21.95623398 12.96839237 -30.41811180
v 21.17560387 12.71322155 -31.76752281
v 21.40227699 12.80359650 -31.38134193
v 21.65687561 12.88915253 -30.94185448
v 22.21410561 13.01831150 -29.96128464
v 27.75447845 15.27291489 19.62216568
v 22.62259293 14.19328499 16.93757820
v 22.25116730 14.25962925 15.65699482
v 22.42773247 10.00000000 16.11778069
v 27.41967201 19.03594017 1.85679400
v 23.36452293 14.38497639 -10.17012119
v 22.13056564 14.01807880 -15.40352726
v 21.72038460 10.00000000 -14.73596001
v 22.37849998 14.33703709 -15.97408676
v 24.58922577 15.57368183 -10.49723148
v 23.46840096 15.36448193 -16.37140274
v 22.67766953 14.90336990 -17.67766953
v 22.18432236 15.11769390 -20.97386742
v 22.14498329 14.87891197 -19.92335701
v 22.67766953 10.00000000 -17.67766953
v 20.74827194 14.09535408 -21.62373161
v 21.70824814 10.00000000 -20.63590050
v 22.42891121 10.00000000 -19.23415375
v 20.91235161 14.83922672 -24.55785370
v 19.48201370 13.84516144 -24.87097359
v 20.45137787 13.90727806 -21.83778191
v 22.24546242 15.84227180 -24.50171852
v 23.53180885 16.19960213 -20.83416939
v 24.80883408 16.51512909 -16.14604568
v 25.90263557 16.78313065 -10.19747925
v 22.69273949 16.41952896 -25.87826920
v 23.38070679 16.66168594 -24.14684868
v 25.10638428 17.19571686 -18.84905052
v 23.68668365 16.76314354 -23.31998634
v 26.30519104 17.53251648 -13.67256641
v 25.26758575 17.24166107 -18.25274086
v 27.13740730 17.78931999 -7.94805002
v 26.59400940 17.61551476 -12.03653336
v 27.33612061 17.87218285 -5.61322165
v 23.46468735 18.05607796 -25.01320648
v 25.35239601 19.83032990 -19.54843140
v 26.65234947 21.17453575 -13.51452065
v 27.35491180 22.18285942 -7.14308977
v 25.54310989 24.40319443 -23.28726387
v 25.44512558 22.23640633 -21.25524139
v 26.86646271 30.33754730 -21.06060028
v 26.79252434 27.62229729 -18.13183022
v 26.71881676 24.53189087 -15.58484077
v 27.44903564 36.72420502 -19.25176811
v 27.42488861 33.69890976 -15.55061531
v 27.39975929 30.19004250 -12.23098183
v 27.37573624 26.31292152 -9.39457226
v 27.25755692 42.85845947 -17.14328575
v 27.30024338 39.26862717 -12.46609783
v 27.34552002 35.04206085 -8.24086857
v 27.38950920 30.32487297 -4.59808159
v 27.42833138 25.26318741 -1.66822302
v 27.46762085 20.00000000 0.06419611
v 27.45812035 20.00000000 0.41928411
v 27.40042686 20.00000000 1.88160837
v -17.53433037 13.43622494 -29.42097282
v -17.91427612 15.97112179 -31.68814850
v -17.93519974 13.68556690 -29.42199898
v -18.42255211 13.64410114 -27.42025948
v -18.13893127 15.95929337 -31.53929520
v -18.77425766 14.21901035 -29.43553352
v -19.70344353 15.84459019 -30.47078705
v -20.02705765 15.04275608 -29.48261833
v -19.75049973 14.53491879 -27.34272194
v -21.00854111 15.70942307 -29.54052353
v -21.78334808 16.06111717 -27.94317436
v -21.05080986 15.45104980 -27.35324097
v -20.94464111 18.22463608 -30.02641106
v -23.46400070 18.04414368 -25.00447845
v -23.54168701 19.30119324 -26.03798294
v -22.09263420 17.81064796 -29.09025574
v -19.00784492 17.69243622 -31.30511665
v -23.36039162 14.38133907 -10.17232609
v -21.95768166 13.81054020 -15.09280968
v -22.42773247 10.00000000 -16.11778069
v -27.41967201 19.03594017 1.85679400
v -27.40042686 20.00000000 1.88160837
v -22.37708664 14.33509445 -15.97019386
v -24.58110619 15.56922722 -10.52700138
v -23.45525742 15.35937214 -16.41021156
v -22.63828278 14.75591660 -17.05131912
v -25.89463806 16.77840614 -10.22787952
v -24.79597473 16.50955200 -16.18483543
v -22.50928307 14.99898529 -18.96433258
v -22.16896057 15.11217308 -21.00952339
v -23.51670837 16.19345856 -20.86967087
v -20.79924965 14.12718487 -21.58352852
v -20.89837265 14.83388424 -24.58364296
v -22.23158646 15.83627319 -24.52734566
v -21.63211441 14.62012291 -20.73746681
v -19.48800468 13.84399414 -24.84579086
v -19.93388176 13.56975365 -22.13967705
v -20.63590050 10.00000000 -21.70824814
v -22.43679810 10.00000000 -19.20995140
v -27.33612061 17.87217903 -5.61321020
v -26.59383965 17.61545944 -12.03757191
v -27.13568687 17.78868675 -7.96483278
v -25.26738930 17.24161148 -18.25348854
v -26.30013084 17.53108597 -13.69927406
v -23.67592621 16.75963974 -23.34972382
v -25.09879684 17.19354057 -18.87655067
v -22.69049644 16.41870117 -25.88365746
v -23.37746048 16.66072083 -24.15550995
v -27.35491180 22.18297768 -7.14313269
v -26.65210915 21.16074753 -13.50733185
v -25.35239792 19.83038902 -19.54846191
v -19.23415375 10.00000000 -22.42891121
v -27.22134590 45.66501999 -22.14101028
v -27.30024719 39.26816177 -12.46554565
v -27.25756264 42.85798264 -17.14254189
v -27.34552383 35.04165649 -8.24049664
v -27.38951111 30.32458115 -4.59786797
v -27.42833328 25.26303291 -1.66813231
v -27.45812035 20.00000000 0.41929862
v -27.47010612 39.15021515 -23.23192406
v -27.48407936 40.76469040 -27.51479340
v -27.44903183 36.72379684 -19.25117493
v -27.42488670 33.69856644 -15.55023003
v -27.39975929 30.18981743 -12.23078060
v -27.37573814 26.31285667 -9.39451790
v -27.48882103 20.00000000 -1.76302946
v -27.46762085 20.00000000 0.06419611
v -27.24907875 36.53227234 -27.63880920
v -26.95993423 42.56370163 -28.00000000
v -26.93235016 32.52911758 -24.20785904
v -26.97441483 34.12677383 -27.72374916
v -26.86528397 30.29656410 -21.00991249
v -26.79160500 27.58640480 -18.09803581
v -26.71823883 24.50551033 -15.56593800
v -25.71606064 27.68533707 -28.03717232
v -25.34370422 31.86997795 -29.01824760
v -25.63677406 26.24641228 -25.56952286
v -25.54304504 24.40182877 -23.28578758
v -25.44509506 22.23565483 -21.25462151
v -25.70281029 27.63396454 -28.04039764
v -23.62019730 20.43206596 -27.20686150
v -24.72777557 24.30774689 -28.28448105
v -23.66041946 21.36389732 -28.57732010
v -23.93481827 25.95840263 -29.29734230
v -23.30548668 20.49292374 -28.68308830
v -22.38853264 21.51874542 -29.63780212
v -23.84443283 32.45417404 -30.50505447
f 1 2 3
f 4 3 2
f 5 1 3
f 5 3 4
f 6 7 2
f 8 2 7
f 9 2 1
f 10 6 2
f 11 10 2
f 9 11 2
f 12 4 2
f 8 12 2
f 13 14 7
f 8 7 14
f 15 16 7
f 17 7 16
f 18 15 7
f 6 18 7
f 19 7 17
f 20 13 7
f 19 20 7
f 21 22 14
f 23 14 22
f 24 21 14
f 13 24 14
f 23 8 14
f 25 26 22
f 27 22 26
f 28 22 29
f 30 29 22
f 31 25 22
f 28 31 22
f 32 22 21
f 32 30 22
f 27 23 22
f 33 34 26
f 35 26 34
f 36 33 26
f 25 36 26
f 35 27 26
f 37 38 34
f 39 34 38
f 40 34 33
f 41 37 34
f 42 41 34
f 43 42 34
f 44 43 34
f 40 44 34
f 45 35 34
f 39 45 34
f 46 47 38
f 39 38 47
f 48 38 37
f 49 46 38
f 48 49 38
f 50 51 47
f 52 47 51
f 53 54 47
f 55 47 54
f 46 53 47
f 56 50 47
f 55 56 47
f 52 39 47
f 57 58 51
f 59 51 58
f 50 57 51
f 59 52 51
f 60 58 57
f 60 59 58
f 61 62 57
f 63 57 62
f 64 61 57
f 65 64 57
f 50 65 57
f 66 60 57
f 63 66 57
f 67 68 62
f 63 62 68
f 69 70 62
f 71 62 70
f 72 69 62
f 61 72 62
f 73 62 71
f 74 67 62
f 73 74 62
f 75 76 68
f 77 68 76
f 78 75 68
f 67 78 68
f 77 63 68
f 79 80 76
f 81 76 80
f 82 76 75
f 83 76 84
f 85 84 76
f 86 79 76
f 83 86 76
f 82 85 76
f 81 77 76
f 87 88 80
f 89 80 88
f 90 87 80
f 79 90 80
f 89 81 80
f 91 92 88
f 93 88 92
f 94 91 88
f 95 94 88
f 96 95 88
f 97 96 88
f 98 88 87
f 98 97 88
f 99 89 88
f 93 99 88
f 100 101 92
f 93 92 101
f 102 92 91
f 103 100 92
f 102 103 92
f 9 1 101
f 104 101 1
f 105 106 101
f 107 101 106
f 100 105 101
f 108 9 101
f 107 108 101
f 104 93 101
f 5 104 1
f 109 106 105
f 110 107 106
f 110 106 109
f 100 111 105
f 112 105 111
f 113 105 112
f 114 105 113
f 109 105 114
f 100 16 111
f 115 111 16
f 116 111 115
f 112 111 116
f 117 16 15
f 17 16 100
f 115 16 117
f 118 15 18
f 117 15 119
f 120 119 15
f 120 15 118
f 118 18 6
f 121 6 10
f 121 118 6
f 122 10 11
f 121 10 123
f 124 123 10
f 125 124 10
f 125 10 122
f 126 11 9
f 127 122 11
f 126 127 11
f 128 9 108
f 129 9 128
f 130 9 129
f 130 126 9
f 131 108 107
f 128 108 131
f 132 107 110
f 131 107 132
f 30 133 29
f 134 29 133
f 135 28 29
f 135 29 134
f 136 137 133
f 138 133 137
f 30 136 133
f 139 133 138
f 134 133 139
f 136 140 137
f 141 137 140
f 138 137 141
f 136 142 140
f 143 140 142
f 141 140 143
f 136 144 142
f 145 142 144
f 143 142 145
f 136 146 144
f 145 144 146
f 40 33 146
f 147 146 33
f 136 40 146
f 145 146 147
f 148 33 36
f 149 147 33
f 149 33 148
f 150 36 25
f 148 36 150
f 151 25 31
f 150 25 151
f 135 31 28
f 151 31 135
f 152 54 53
f 153 55 54
f 152 153 54
f 46 154 53
f 155 53 154
f 152 53 156
f 155 156 53
f 46 70 154
f 157 154 70
f 155 154 158
f 159 158 154
f 159 154 157
f 160 70 69
f 46 71 70
f 157 70 160
f 161 69 72
f 160 69 162
f 161 162 69
f 163 72 61
f 161 72 163
f 164 61 64
f 164 163 61
f 165 64 65
f 164 64 166
f 167 166 64
f 167 64 168
f 165 168 64
f 169 65 50
f 170 165 65
f 170 65 171
f 169 171 65
f 172 50 56
f 173 169 50
f 172 173 50
f 174 56 55
f 175 56 174
f 172 56 175
f 176 177 178
f 153 174 55
f 179 180 71
f 181 71 180
f 182 73 71
f 46 179 71
f 182 71 181
f 183 184 180
f 185 180 184
f 179 183 180
f 186 180 185
f 181 180 186
f 187 188 184
f 189 184 188
f 183 187 184
f 185 184 189
f 190 191 188
f 192 188 191
f 187 193 188
f 194 188 193
f 190 188 194
f 189 188 192
f 195 196 191
f 197 191 196
f 190 195 191
f 192 191 197
f 82 198 196
f 197 196 198
f 195 82 196
f 82 75 198
f 199 198 75
f 197 198 199
f 200 75 78
f 201 199 75
f 201 75 200
f 202 78 67
f 200 78 202
f 203 67 74
f 202 67 203
f 182 74 73
f 203 74 182
f 204 91 94
f 205 102 91
f 205 91 204
f 206 94 95
f 207 94 206
f 204 94 207
f 208 95 96
f 206 95 208
f 209 210 96
f 211 96 210
f 97 209 96
f 208 96 211
f 212 213 210
f 214 210 213
f 209 212 210
f 211 210 214
f 215 216 213
f 214 213 216
f 212 215 213
f 217 218 216
f 219 216 218
f 215 217 216
f 214 216 219
f 220 221 218
f 222 218 221
f 217 220 218
f 223 219 218
f 223 218 222
f 17 100 221
f 224 221 100
f 220 17 221
f 222 221 224
f 225 100 103
f 224 100 225
f 205 103 102
f 225 103 205
f 226 17 220
f 227 19 17
f 227 17 226
f 228 220 217
f 229 220 228
f 226 220 229
f 230 217 215
f 228 217 230
f 231 232 215
f 233 215 232
f 212 231 215
f 230 215 233
f 234 235 232
f 236 232 235
f 231 234 232
f 233 232 236
f 32 237 235
f 236 235 237
f 234 32 235
f 32 21 237
f 178 237 21
f 236 237 178
f 238 21 24
f 176 178 21
f 176 21 238
f 239 24 13
f 238 24 239
f 240 13 20
f 239 13 240
f 227 20 19
f 240 20 227
f 241 37 41
f 242 48 37
f 242 37 241
f 243 41 42
f 244 41 243
f 241 41 244
f 245 42 43
f 243 42 245
f 246 247 43
f 248 43 247
f 44 246 43
f 245 43 248
f 194 193 247
f 249 247 193
f 246 194 247
f 248 247 249
f 249 193 187
f 250 187 183
f 249 187 250
f 251 183 179
f 252 250 183
f 252 183 251
f 253 179 46
f 251 179 253
f 254 46 49
f 253 46 254
f 242 49 48
f 254 49 242
f 85 255 84
f 256 84 255
f 257 83 84
f 257 84 256
f 258 259 255
f 260 255 259
f 85 258 255
f 261 255 260
f 256 255 261
f 258 262 259
f 263 259 262
f 260 259 263
f 258 264 262
f 265 262 264
f 263 262 265
f 258 266 264
f 267 264 266
f 265 264 267
f 258 268 266
f 267 266 268
f 98 87 268
f 269 268 87
f 258 98 268
f 267 268 269
f 270 87 90
f 271 269 87
f 271 87 270
f 272 90 79
f 270 90 272
f 273 79 86
f 272 79 273
f 257 86 83
f 273 86 257
f 274 194 246
f 275 190 194
f 275 194 274
f 276 246 44
f 277 246 276
f 274 246 277
f 278 44 40
f 276 44 278
f 279 40 136
f 278 40 279
f 280 136 30
f 279 136 280
f 281 30 32
f 280 30 281
f 282 32 234
f 281 32 282
f 283 234 231
f 282 234 283
f 283 231 212
f 284 212 209
f 283 212 284
f 285 209 97
f 286 284 209
f 286 209 285
f 287 97 98
f 285 97 287
f 288 98 258
f 287 98 288
f 289 258 85
f 288 258 289
f 290 85 82
f 289 85 290
f 291 82 195
f 290 82 291
f 275 195 190
f 291 195 275
f 292 4 12
f 293 5 4
f 292 293 4
f 294 12 8
f 295 292 12
f 294 295 12
f 296 8 23
f 296 294 8
f 297 23 27
f 297 296 23
f 298 27 35
f 298 297 27
f 299 35 45
f 299 298 35
f 300 45 39
f 300 299 45
f 301 39 52
f 301 300 39
f 302 52 59
f 302 301 52
f 303 59 60
f 303 302 59
f 304 60 66
f 303 60 304
f 305 66 63
f 306 304 66
f 305 306 66
f 307 63 77
f 307 305 63
f 308 77 81
f 308 307 77
f 309 81 89
f 309 308 81
f 310 89 99
f 310 309 89
f 311 99 93
f 311 310 99
f 312 93 104
f 312 311 93
f 313 104 5
f 313 312 104
f 293 313 5
f 314 304 306
f 315 303 304
f 314 315 304
f 316 306 305
f 316 314 306
f 317 305 307
f 317 316 305
f 318 307 308
f 318 317 307
f 319 308 309
f 319 318 308
f 320 309 310
f 320 319 309
f 321 310 311
f 322 320 310
f 321 322 310
f 323 311 312
f 321 311 323
f 324 312 313
f 324 323 312
f 325 313 293
f 325 324 313
f 326 293 292
f 326 325 293
f 327 292 295
f 327 326 292
f 328 295 294
f 328 327 295
f 329 294 296
f 329 328 294
f 330 296 297
f 331 329 296
f 330 331 296
f 332 297 298
f 333 330 297
f 332 333 297
f 332 298 299
f 334 299 300
f 335 332 299
f 334 335 299
f 336 300 301
f 336 334 300
f 337 301 302
f 337 336 301
f 338 302 303
f 339 337 302
f 338 339 302
f 340 338 303
f 315 340 303
f 341 323 324
f 342 321 323
f 342 323 341
f 343 324 325
f 344 341 324
f 345 344 324
f 346 345 324
f 347 346 324
f 348 347 324
f 349 348 324
f 343 349 324
f 350 325 326
f 351 343 325
f 350 351 325
f 352 326 327
f 353 350 326
f 354 353 326
f 352 354 326
f 355 327 328
f 355 352 327
f 356 328 329
f 356 355 328
f 357 329 331
f 358 356 329
f 357 358 329
f 359 331 330
f 360 357 331
f 359 360 331
f 361 330 333
f 361 359 330
f 362 333 332
f 362 361 333
f 363 332 335
f 363 362 332
f 334 364 335
f 365 335 364
f 365 363 335
f 366 367 364
f 368 364 367
f 334 366 364
f 368 365 364
f 369 370 367
f 371 367 370
f 366 369 367
f 371 368 367
f 372 370 369
f 372 371 370
f 373 369 366
f 374 372 369
f 373 374 369
f 375 366 334
f 375 373 366
f 376 334 336
f 376 375 334
f 377 336 337
f 377 376 336
f 378 337 339
f 377 337 378
f 379 339 338
f 379 378 339
f 380 338 340
f 381 379 338
f 382 381 338
f 380 382 338
f 383 340 315
f 383 380 340
f 384 315 314
f 384 383 315
f 385 314 316
f 385 384 314
f 386 316 317
f 387 385 316
f 386 387 316
f 388 317 318
f 389 386 317
f 390 389 317
f 388 390 317
f 391 318 319
f 392 388 318
f 393 392 318
f 394 393 318
f 395 394 318
f 396 395 318
f 397 396 318
f 398 397 318
f 391 398 318
f 391 319 320
f 322 399 320
f 400 320 399
f 391 320 398
f 401 398 320
f 401 320 400
f 402 403 399
f 404 399 403
f 322 402 399
f 405 399 404
f 400 399 405
f 402 406 403
f 404 403 406
f 407 408 406
f 409 406 408
f 402 407 406
f 404 406 409
f 410 411 408
f 412 408 411
f 407 410 408
f 412 409 408
f 413 414 411
f 415 411 414
f 410 413 411
f 412 411 415
f 416 417 414
f 418 414 417
f 419 416 414
f 413 419 414
f 420 414 418
f 415 414 420
f 421 417 416
f 422 417 423
f 421 423 417
f 424 417 422
f 425 417 424
f 418 417 425
f 421 416 419
f 426 419 413
f 421 419 426
f 427 413 410
f 428 426 413
f 427 428 413
f 429 410 407
f 430 427 410
f 429 430 410
f 429 407 402
f 429 402 322
f 431 322 321
f 432 322 431
f 429 322 433
f 432 433 322
f 342 431 321
f 434 378 379
f 435 377 378
f 436 435 378
f 437 378 434
f 438 378 437
f 439 436 378
f 438 439 378
f 434 379 381
f 440 381 382
f 434 381 440
f 440 382 380
f 441 380 383
f 441 440 380
f 441 383 384
f 442 384 385
f 442 441 384
f 443 385 387
f 443 442 385
f 444 387 386
f 444 443 387
f 444 386 389
f 445 389 390
f 445 444 389
f 446 390 388
f 446 445 390
f 446 388 392
f 447 392 393
f 447 446 392
f 448 393 394
f 449 447 393
f 449 393 448
f 450 394 395
f 451 448 394
f 450 451 394
f 452 395 396
f 452 450 395
f 401 396 397
f 453 396 401
f 452 396 453
f 401 397 398
f 342 341 344
f 346 344 345
f 342 344 346
f 454 346 347
f 342 346 454
f 455 347 348
f 456 347 455
f 457 347 456
f 454 347 457
f 455 348 349
f 458 349 343
f 459 349 458
f 460 349 459
f 455 349 460
f 461 343 351
f 458 343 461
f 461 351 350
f 462 350 353
f 461 350 462
f 463 353 354
f 462 353 463
f 463 354 352
f 464 352 355
f 463 352 464
f 465 355 356
f 464 355 465
f 466 356 358
f 465 356 466
f 466 358 357
f 467 357 360
f 467 468 357
f 466 357 468
f 467 360 359
f 469 359 361
f 467 359 469
f 470 361 362
f 471 361 470
f 469 361 471
f 135 362 363
f 472 470 362
f 138 472 362
f 139 138 362
f 134 139 362
f 135 134 362
f 376 363 365
f 150 363 376
f 151 135 363
f 150 151 363
f 375 365 368
f 376 365 375
f 373 368 371
f 375 368 373
f 374 371 372
f 373 371 374
f 150 376 377
f 435 473 377
f 147 377 473
f 149 377 147
f 148 150 377
f 149 148 377
f 471 470 472
f 474 475 472
f 476 472 475
f 138 474 472
f 476 471 472
f 477 478 475
f 479 475 478
f 474 477 475
f 480 476 475
f 481 480 475
f 479 481 475
f 482 483 478
f 479 478 483
f 477 482 478
f 484 483 482
f 485 483 486
f 487 486 483
f 485 479 483
f 484 487 483
f 484 482 477
f 488 477 474
f 488 484 477
f 141 489 474
f 488 474 489
f 138 141 474
f 141 490 489
f 491 489 490
f 491 488 489
f 492 493 490
f 491 490 493
f 141 492 490
f 494 495 493
f 177 493 495
f 492 494 493
f 177 491 493
f 494 496 495
f 177 495 496
f 280 497 496
f 498 496 497
f 494 499 496
f 280 496 499
f 177 496 498
f 281 500 497
f 501 497 500
f 280 281 497
f 502 498 497
f 501 502 497
f 282 503 500
f 504 500 503
f 281 282 500
f 504 501 500
f 505 506 503
f 507 503 506
f 508 505 503
f 282 508 503
f 507 504 503
f 509 506 505
f 509 510 506
f 507 506 510
f 509 505 508
f 283 511 508
f 512 508 511
f 282 283 508
f 509 508 512
f 286 513 511
f 115 511 513
f 283 284 511
f 286 511 284
f 119 512 511
f 117 119 511
f 115 117 511
f 285 514 513
f 515 513 514
f 286 285 513
f 116 115 513
f 112 116 513
f 515 112 513
f 516 517 514
f 515 514 517
f 518 516 514
f 287 518 514
f 285 287 514
f 519 517 516
f 520 515 517
f 519 520 517
f 519 516 518
f 288 521 518
f 522 518 521
f 287 288 518
f 522 519 518
f 288 523 521
f 524 521 523
f 525 522 521
f 524 525 521
f 526 527 523
f 528 523 527
f 289 526 523
f 288 289 523
f 528 524 523
f 529 530 527
f 531 527 530
f 526 529 527
f 531 528 527
f 265 532 530
f 533 530 532
f 529 534 530
f 263 530 534
f 263 265 530
f 533 531 530
f 267 535 532
f 533 532 535
f 265 267 532
f 238 239 491
f 239 240 491
f 533 535 536
f 238 491 177
f 240 227 488
f 267 537 535
f 536 535 537
f 267 538 537
f 539 537 538
f 536 537 539
f 271 540 538
f 541 538 540
f 267 269 538
f 271 538 269
f 539 538 541
f 270 542 540
f 543 540 542
f 271 270 540
f 541 540 543
f 544 545 542
f 546 542 545
f 272 544 542
f 270 272 542
f 543 542 546
f 547 545 544
f 548 545 547
f 548 546 545
f 273 549 544
f 550 544 549
f 272 273 544
f 551 544 552
f 550 552 544
f 553 544 551
f 554 547 544
f 554 544 553
f 257 555 549
f 556 549 555
f 273 257 549
f 556 550 549
f 256 557 555
f 558 555 557
f 257 256 555
f 556 555 558
f 260 559 557
f 558 557 559
f 261 260 557
f 256 261 557
f 263 534 559
f 560 559 534
f 260 263 559
f 558 559 561
f 562 561 559
f 560 562 559
f 563 534 529
f 563 560 534
f 563 529 526
f 289 564 526
f 565 526 564
f 563 526 565
f 290 566 564
f 567 564 566
f 289 290 564
f 568 565 564
f 567 568 564
f 291 569 566
f 570 566 569
f 290 291 566
f 570 567 566
f 571 572 569
f 573 569 572
f 291 571 569
f 573 570 569
f 574 572 571
f 573 572 574
f 275 575 571
f 576 571 575
f 291 275 571
f 576 574 571
f 274 577 575
f 157 575 577
f 275 274 575
f 162 576 575
f 160 162 575
f 157 160 575
f 276 578 577
f 158 577 578
f 277 276 577
f 274 277 577
f 159 577 158
f 159 157 577
f 579 580 578
f 581 578 580
f 278 579 578
f 276 278 578
f 158 578 581
f 582 583 580
f 584 580 583
f 579 582 580
f 585 581 580
f 586 585 580
f 587 586 580
f 584 587 580
f 588 583 582
f 584 583 589
f 588 589 583
f 588 582 579
f 279 590 579
f 591 579 590
f 278 279 579
f 591 588 579
f 279 499 590
f 592 590 499
f 593 591 590
f 592 593 590
f 594 499 494
f 279 280 499
f 594 592 499
f 595 494 492
f 595 594 494
f 143 596 492
f 597 492 596
f 141 143 492
f 597 595 492
f 145 598 596
f 597 596 598
f 143 145 596
f 599 600 598
f 601 598 600
f 602 599 598
f 145 602 598
f 597 598 601
f 599 603 600
f 604 600 603
f 605 601 600
f 604 605 600
f 606 603 599
f 606 607 603
f 608 603 607
f 608 604 603
f 609 599 602
f 609 606 599
f 145 473 602
f 610 602 473
f 611 602 610
f 612 602 611
f 609 602 612
f 436 473 435
f 145 147 473
f 610 473 436
f 613 471 476
f 614 471 613
f 615 471 614
f 615 468 471
f 467 471 468
f 467 469 471
f 480 616 476
f 617 476 616
f 613 476 617
f 481 616 480
f 617 616 618
f 481 618 616
f 509 619 620
f 124 620 619
f 621 509 620
f 622 621 620
f 623 622 620
f 124 623 620
f 509 624 619
f 123 619 624
f 124 619 123
f 509 625 624
f 118 624 625
f 121 624 118
f 121 123 624
f 509 512 625
f 119 625 512
f 120 625 119
f 120 118 625
f 509 626 510
f 627 510 626
f 627 507 510
f 628 629 626
f 627 626 629
f 509 628 626
f 485 486 629
f 630 629 486
f 628 485 629
f 627 629 630
f 487 630 486
f 481 617 618
f 631 617 481
f 632 617 631
f 633 613 617
f 632 633 617
f 634 481 479
f 635 631 481
f 634 635 481
f 636 479 485
f 636 634 479
f 637 485 628
f 637 636 485
f 638 628 509
f 639 637 628
f 638 639 628
f 621 638 509
f 632 631 635
f 632 635 634
f 637 634 636
f 639 634 637
f 640 634 639
f 641 632 634
f 640 641 634
f 642 639 638
f 642 640 639
f 643 638 621
f 644 642 638
f 643 644 638
f 645 621 622
f 645 643 621
f 645 622 623
f 646 614 613
f 647 646 613
f 633 647 613
f 648 614 646
f 649 614 648
f 615 614 649
f 648 646 647
f 650 647 633
f 650 648 647
f 650 633 632
f 650 632 641
f 640 651 641
f 652 641 651
f 652 650 641
f 653 654 651
f 655 651 654
f 640 653 651
f 655 652 651
f 656 657 654
f 655 654 657
f 658 656 654
f 653 658 654
f 659 660 657
f 661 657 660
f 656 659 657
f 661 655 657
f 662 663 660
f 664 660 663
f 659 662 660
f 664 661 660
f 665 666 663
f 667 663 666
f 668 665 663
f 662 668 663
f 667 664 663
f 669 666 665
f 670 667 666
f 671 670 666
f 671 666 672
f 669 672 666
f 669 665 668
f 673 668 662
f 674 668 673
f 674 672 668
f 669 668 672
f 675 662 659
f 676 673 662
f 677 676 662
f 675 677 662
f 678 659 656
f 678 675 659
f 679 656 658
f 679 678 656
f 680 658 653
f 681 679 658
f 680 681 658
f 642 653 640
f 642 680 653
f 682 648 650
f 682 649 648
f 683 650 652
f 684 682 650
f 683 684 650
f 685 652 655
f 685 683 652
f 686 655 661
f 687 685 655
f 686 687 655
f 688 661 664
f 689 686 661
f 688 689 661
f 690 664 667
f 690 688 664
f 691 692 667
f 693 667 692
f 670 691 667
f 694 690 667
f 693 694 667
f 695 692 691
f 696 693 692
f 695 696 692
f 697 691 670
f 697 695 691
f 698 670 671
f 697 670 698
f 682 468 649
f 615 649 468
f 466 468 682
f 466 682 684
f 699 684 683
f 699 466 684
f 700 683 685
f 700 699 683
f 700 685 687
f 701 687 686
f 701 700 687
f 702 686 689
f 702 701 686
f 703 689 688
f 703 702 689
f 704 688 690
f 704 703 688
f 704 690 694
f 705 694 693
f 705 704 694
f 696 706 693
f 707 693 706
f 707 705 693
f 695 706 696
f 707 706 708
f 695 708 706
f 709 673 676
f 674 673 709
f 710 676 677
f 709 676 710
f 711 677 675
f 712 677 711
f 710 677 712
f 713 675 678
f 714 711 675
f 713 714 675
f 715 678 679
f 715 713 678
f 716 679 681
f 716 715 679
f 717 681 680
f 718 716 681
f 717 718 681
f 644 680 642
f 644 717 680
f 719 711 714
f 712 711 720
f 719 720 711
f 721 714 713
f 721 722 714
f 723 714 722
f 719 714 723
f 724 713 715
f 724 721 713
f 725 715 716
f 726 724 715
f 725 726 715
f 727 716 718
f 727 725 716
f 728 718 717
f 729 727 718
f 728 729 718
f 730 717 644
f 731 728 717
f 730 731 717
f 732 644 643
f 732 730 644
f 623 732 643
f 645 623 643
f 733 722 721
f 719 723 722
f 733 734 722
f 735 722 734
f 735 719 722
f 736 721 724
f 736 733 721
f 737 724 726
f 737 736 724
f 737 726 725
f 738 725 727
f 738 737 725
f 738 727 729
f 739 729 728
f 739 738 729
f 740 728 731
f 740 739 728
f 740 731 730
f 741 730 732
f 741 740 730
f 742 732 623
f 741 732 742
f 743 623 124
f 742 623 743
f 744 745 746
f 747 746 745
f 708 744 746
f 748 708 746
f 749 748 746
f 747 750 746
f 751 746 750
f 752 746 751
f 753 746 752
f 753 749 746
f 747 745 744
f 695 744 708
f 698 747 744
f 695 698 744
f 748 754 708
f 707 708 754
f 755 754 748
f 756 707 754
f 755 756 754
f 749 755 748
f 465 466 699
f 757 699 700
f 757 465 699
f 758 700 701
f 758 757 700
f 759 701 702
f 759 758 701
f 760 702 703
f 760 759 702
f 761 703 704
f 761 760 703
f 762 704 705
f 762 761 704
f 763 705 707
f 763 762 705
f 756 764 707
f 765 707 764
f 765 763 707
f 755 764 756
f 766 765 764
f 755 766 764
f 464 465 757
f 767 757 758
f 767 464 757
f 768 758 759
f 768 767 758
f 769 759 760
f 769 768 759
f 770 760 761
f 770 769 760
f 771 761 762
f 771 770 761
f 772 762 763
f 772 771 762
f 773 763 765
f 773 772 763
f 766 774 765
f 775 765 774
f 775 773 765
f 776 774 766
f 777 775 774
f 776 777 774
f 755 776 766
f 463 464 767
f 778 767 768
f 778 463 767
f 779 768 769
f 779 778 768
f 780 769 770
f 780 779 769
f 781 770 771
f 781 780 770
f 782 771 772
f 782 781 771
f 783 772 773
f 783 782 772
f 784 773 775
f 784 783 773
f 785 775 777
f 785 784 775
f 786 785 777
f 776 786 777
f 462 463 778
f 787 778 779
f 787 462 778
f 788 779 780
f 788 787 779
f 789 780 781
f 789 788 780
f 790 781 782
f 790 789 781
f 791 782 783
f 791 790 782
f 792 783 784
f 792 791 783
f 793 784 785
f 793 792 784
f 786 794 785
f 795 785 794
f 795 793 785
f 796 794 786
f 797 795 794
f 796 797 794
f 776 796 786
f 461 462 787
f 798 787 788
f 798 461 787
f 799 788 789
f 799 798 788
f 800 789 790
f 800 799 789
f 801 790 791
f 801 800 790
f 802 791 792
f 802 801 791
f 803 792 793
f 803 802 792
f 804 793 795
f 804 803 793
f 797 805 795
f 806 795 805
f 806 804 795
f 807 805 797
f 808 806 805
f 807 808 805
f 796 807 797
f 458 461 798
f 809 798 799
f 809 458 798
f 810 799 800
f 810 809 799
f 811 800 801
f 811 810 800
f 812 801 802
f 812 811 801
f 813 802 803
f 813 812 802
f 814 803 804
f 814 813 803
f 815 804 806
f 815 814 804
f 816 806 808
f 816 815 806
f 817 816 808
f 807 817 808
f 818 458 809
f 818 459 458
f 819 809 810
f 819 818 809
f 820 810 811
f 820 819 810
f 821 811 812
f 821 820 811
f 822 812 813
f 822 821 812
f 823 813 814
f 823 822 813
f 824 814 815
f 824 823 814
f 825 815 816
f 825 824 815
f 817 826 816
f 827 816 826
f 827 825 816
f 807 826 817
f 828 827 826
f 829 828 826
f 830 829 826
f 807 830 826
f 831 459 818
f 832 460 459
f 831 832 459
f 833 818 819
f 833 831 818
f 834 819 820
f 835 833 819
f 834 835 819
f 836 820 821
f 834 820 836
f 837 821 822
f 837 836 821
f 838 822 823
f 838 837 822
f 839 823 824
f 839 838 823
f 839 824 825
f 840 825 827
f 839 825 840
f 841 827 828
f 840 827 841
f 841 828 829
f 830 842 829
f 843 829 842
f 841 829 843
f 844 845 750
f 846 750 845
f 747 844 750
f 846 751 750
f 847 848 845
f 849 845 848
f 844 847 845
f 849 846 845
f 674 848 847
f 850 849 848
f 709 850 848
f 674 709 848
f 674 847 844
f 672 844 747
f 674 844 672
f 671 672 747
f 698 671 747
f 697 698 695
f 752 751 846
f 851 846 849
f 852 752 846
f 853 846 851
f 854 852 846
f 853 854 846
f 709 849 850
f 709 855 849
f 856 849 855
f 856 851 849
f 710 857 855
f 858 855 857
f 709 710 855
f 858 856 855
f 710 859 857
f 860 857 859
f 861 857 862
f 863 862 857
f 863 857 860
f 861 858 857
f 710 864 859
f 860 859 864
f 712 865 864
f 866 864 865
f 710 712 864
f 860 864 866
f 720 867 865
f 866 865 867
f 712 720 865
f 720 868 867
f 869 867 868
f 866 867 869
f 870 871 868
f 872 868 871
f 873 870 868
f 734 873 868
f 720 734 868
f 869 868 872
f 874 871 870
f 872 871 875
f 876 875 871
f 876 871 874
f 877 870 873
f 878 870 877
f 879 874 870
f 878 879 870
f 733 873 734
f 880 873 733
f 881 873 880
f 877 873 881
f 735 734 720
f 735 720 719
f 882 883 752
f 884 752 883
f 885 882 752
f 852 885 752
f 884 753 752
f 882 886 883
f 884 883 886
f 887 886 882
f 887 884 886
f 888 882 885
f 889 887 882
f 888 889 882
f 890 891 885
f 892 885 891
f 893 890 885
f 894 893 885
f 895 894 885
f 896 895 885
f 897 896 885
f 852 897 885
f 892 888 885
f 898 891 890
f 899 892 891
f 900 899 891
f 901 900 891
f 898 901 891
f 898 890 893
f 902 903 893
f 904 893 903
f 894 902 893
f 898 893 904
f 902 905 903
f 906 903 905
f 906 907 903
f 904 903 907
f 861 862 905
f 908 905 862
f 902 861 905
f 908 906 905
f 909 910 862
f 911 862 910
f 912 909 862
f 913 912 862
f 863 913 862
f 908 862 911
f 914 915 910
f 916 910 915
f 909 914 910
f 911 910 916
f 917 918 915
f 919 915 918
f 920 917 915
f 921 920 915
f 914 921 915
f 922 915 919
f 916 915 922
f 923 924 918
f 925 918 924
f 875 923 918
f 926 875 918
f 926 918 917
f 927 918 925
f 919 918 927
f 928 929 924
f 930 924 929
f 923 928 924
f 931 925 924
f 930 931 924
f 928 932 929
f 933 929 932
f 931 929 934
f 935 934 929
f 930 929 931
f 933 935 929
f 936 937 932
f 938 932 937
f 928 936 932
f 939 932 938
f 940 932 939
f 940 933 932
f 941 942 937
f 938 937 942
f 943 941 937
f 936 943 937
f 944 945 942
f 946 942 945
f 941 947 942
f 948 942 947
f 944 942 949
f 948 949 942
f 938 942 946
f 950 951 945
f 952 945 951
f 953 950 945
f 944 953 945
f 954 945 952
f 946 945 954
f 955 956 951
f 957 951 956
f 950 955 951
f 952 951 957
f 958 959 956
f 960 956 959
f 955 958 956
f 957 956 960
f 961 962 959
f 963 959 962
f 958 961 959
f 960 959 963
f 964 965 962
f 966 962 965
f 967 964 962
f 961 967 962
f 963 962 966
f 968 969 965
f 970 965 969
f 971 968 965
f 964 971 965
f 970 966 965
f 972 969 968
f 970 969 972
f 971 973 968
f 974 968 973
f 972 968 974
f 551 552 973
f 975 973 552
f 976 551 973
f 977 976 973
f 971 977 973
f 974 973 975
f 550 975 552
f 978 551 976
f 553 551 978
f 978 976 977
f 979 977 971
f 978 977 979
f 980 971 964
f 981 971 980
f 979 971 981
f 982 964 967
f 980 964 982
f 983 984 967
f 985 967 984
f 986 983 967
f 961 986 967
f 982 967 985
f 987 988 984
f 989 984 988
f 983 987 984
f 985 984 989
f 987 990 988
f 989 988 990
f 547 991 990
f 992 990 991
f 987 547 990
f 989 990 992
f 547 993 991
f 994 991 993
f 994 992 991
f 995 993 547
f 994 993 996
f 995 996 993
f 548 547 987
f 995 547 554
f 997 987 983
f 997 548 987
f 998 999 983
f 1000 983 999
f 986 998 983
f 1000 997 983
f 1000 999 998
f 1001 998 986
f 1000 998 1001
f 1002 1003 986
f 1004 986 1003
f 1005 986 961
f 1005 1002 986
f 1006 986 1004
f 1007 986 1006
f 1008 986 1007
f 1001 986 1008
f 1009 1010 1003
f 1011 1003 1010
f 1012 1009 1003
f 1002 1012 1003
f 1004 1003 1011
f 1013 947 1010
f 1014 1010 947
f 1015 1013 1010
f 1009 1015 1010
f 1011 1010 1014
f 1016 947 941
f 1013 948 947
f 1017 947 1016
f 1018 947 1017
f 1014 947 1018
f 1016 941 943
f 1019 943 936
f 1019 1016 943
f 1020 936 928
f 1021 1019 936
f 1022 1021 936
f 1020 1022 936
f 1023 928 923
f 1024 928 1023
f 1024 1020 928
f 1025 923 875
f 1025 1023 923
f 926 872 875
f 1025 875 876
f 1026 869 872
f 1027 1026 872
f 926 1027 872
f 1028 866 869
f 1026 1028 869
f 1029 860 866
f 1028 1029 866
f 1030 863 860
f 1029 1030 860
f 1031 1032 1033
f 1034 1033 1032
f 1035 1033 1036
f 1037 1036 1033
f 1035 1031 1033
f 1037 1033 1034
f 1038 1039 1032
f 1040 1032 1039
f 1031 1038 1032
f 1041 1032 1040
f 1034 1032 1041
f 926 917 1039
f 1042 1039 917
f 1038 926 1039
f 1040 1039 1042
f 1043 917 920
f 1042 917 1043
f 1044 920 921
f 1043 920 1044
f 1044 921 914
f 1045 914 909
f 1044 914 1045
f 1046 909 912
f 1047 1045 909
f 1047 909 1046
f 1048 912 913
f 1046 912 1048
f 1049 1050 913
f 1051 913 1050
f 1052 913 863
f 1052 1049 913
f 1048 913 1051
f 1035 1036 1050
f 1037 1050 1036
f 1049 1035 1050
f 1051 1050 1037
f 1053 1054 949
f 1055 949 1054
f 1056 944 949
f 948 1053 949
f 1056 949 1055
f 1057 1058 1054
f 1059 1054 1058
f 1053 1057 1054
f 1060 1054 1059
f 1055 1054 1060
f 1061 1062 1058
f 1063 1058 1062
f 1057 1061 1058
f 1059 1058 1063
f 1064 1065 1062
f 1066 1062 1065
f 1067 1062 1061
f 1067 1064 1062
f 1063 1062 1066
f 1005 1068 1065
f 1069 1065 1068
f 1064 1005 1065
f 1066 1065 1069
f 1005 961 1068
f 1069 1068 961
f 1070 961 958
f 1069 961 1070
f 1071 958 955
f 1072 1070 958
f 1072 958 1071
f 1073 955 950
f 1071 955 1073
f 1074 950 953
f 1073 950 1074
f 1056 953 944
f 1074 953 1056
f 1075 1061 1057
f 1076 1067 1061
f 1076 1061 1075
f 1077 1057 1053
f 1078 1057 1077
f 1075 1057 1078
f 1079 1053 948
f 1077 1053 1079
f 1080 948 1013
f 1079 948 1080
f 1081 1013 1015
f 1080 1013 1081
f 1081 1015 1009
f 1082 1009 1012
f 1081 1009 1082
f 1083 1012 1002
f 1084 1082 1012
f 1084 1012 1083
f 1085 1002 1005
f 1083 1002 1085
f 1086 1005 1064
f 1085 1005 1086
f 1076 1064 1067
f 1086 1064 1076
f 1087 851 856
f 1088 853 851
f 1088 851 1087
f 1089 856 858
f 1090 856 1089
f 1087 856 1090
f 1091 858 861
f 1089 858 1091
f 1092 861 902
f 1091 861 1092
f 1093 902 894
f 1092 902 1093
f 1093 894 895
f 1094 895 896
f 1093 895 1094
f 1095 896 897
f 1096 1094 896
f 1096 896 1095
f 1097 897 852
f 1095 897 1097
f 1098 852 854
f 1097 852 1098
f 1088 854 853
f 1098 854 1088
f 1099 863 1030
f 1100 1052 863
f 1100 863 1099
f 1101 1030 1029
f 1102 1099 1030
f 1102 1030 1101
f 1103 1029 1028
f 1101 1029 1103
f 1104 1028 1026
f 1103 1028 1104
f 1105 1026 1027
f 1104 1026 1105
f 1105 1027 926
f 1106 926 1038
f 1105 926 1106
f 1107 1038 1031
f 1108 1038 1107
f 1106 1038 1108
f 1109 1031 1035
f 1107 1031 1109
f 1110 1035 1049
f 1109 1035 1110
f 1100 1049 1052
f 1110 1049 1100
f 830 1111 842
f 1112 842 1111
f 1113 843 842
f 1112 1113 842
f 830 1114 1111
f 1115 1111 1114
f 1116 1112 1111
f 1115 1116 1111
f 1117 1118 1114
f 1115 1114 1118
f 830 1117 1114
f 1117 1119 1118
f 1120 1118 1119
f 1115 1118 1120
f 1121 1122 1119
f 1120 1119 1122
f 1117 1121 1119
f 1121 1123 1122
f 427 1122 1123
f 1124 1122 427
f 1120 1122 1124
f 422 423 1123
f 1125 1123 423
f 1121 422 1123
f 1125 427 1123
f 421 428 423
f 1125 423 428
f 424 422 1121
f 424 1121 1117
f 1126 1117 830
f 1127 424 1117
f 1126 1127 1117
f 1128 830 807
f 1128 1126 830
f 1129 807 796
f 1129 1128 807
f 1130 796 776
f 1130 1129 796
f 1131 776 755
f 1132 1130 776
f 1131 1132 776
f 1133 755 749
f 1133 1131 755
f 1134 749 753
f 1134 1133 749
f 1135 753 884
f 1135 1134 753
f 889 884 887
f 888 884 889
f 1136 884 888
f 1137 1135 884
f 1136 1137 884
f 841 843 1113
f 1138 1113 1112
f 1139 841 1113
f 1140 1139 1113
f 1138 1140 1113
f 1116 1138 1112
f 1139 1141 841
f 840 841 1141
f 1140 1141 1139
f 1140 1142 1141
f 840 1141 1142
f 1143 1144 1142
f 840 1142 1144
f 1145 1143 1142
f 1140 1145 1142
f 1146 1144 1143
f 1147 840 1144
f 1146 1147 1144
f 1146 1143 1145
f 1148 1145 1140
f 1148 1146 1145
f 1115 1140 1138
f 1148 1140 1149
f 1115 1149 1140
f 1115 1138 1116
f 1147 1150 840
f 839 840 1150
f 1151 1152 1150
f 839 1150 1152
f 1153 1151 1150
f 1154 1153 1150
f 1155 1154 1150
f 1156 1155 1150
f 1157 1156 1150
f 1158 1157 1150
f 1159 1158 1150
f 1160 1159 1150
f 1161 1160 1150
f 1162 1161 1150
f 1163 1162 1150
f 1164 1163 1150
f 1165 1164 1150
f 1166 1165 1150
f 1167 1166 1150
f 1168 1167 1150
f 1147 1168 1150
f 1169 1170 1152
f 839 1152 1170
f 1171 1169 1152
f 1172 1171 1152
f 1173 1172 1152
f 1174 1173 1152
f 1175 1174 1152
f 1151 1175 1152
f 1176 1177 1170
f 838 1170 1177
f 1178 1176 1170
f 1169 1178 1170
f 839 1170 838
f 1179 1180 1177
f 838 1177 1180
f 1181 1179 1177
f 1176 1181 1177
f 456 1180 1179
f 838 1180 837
f 834 837 1180
f 455 834 1180
f 456 455 1180
f 457 1179 1181
f 457 456 1179
f 1182 1181 1176
f 1182 457 1181
f 1182 1176 1178
f 1183 1178 1169
f 1183 1182 1178
f 1183 1169 1171
f 1183 1171 1172
f 1184 1172 1173
f 1184 1183 1172
f 1184 1173 1174
f 1184 1174 1175
f 1185 1175 1151
f 1185 1184 1175
f 1185 1151 1153
f 1185 1153 1154
f 1185 1154 1155
f 1185 1155 1156
f 1185 1156 1157
f 1185 1157 1158
f 1185 1158 1159
f 1186 1159 1160
f 1186 1185 1159
f 1186 1160 1161
f 1186 1161 1162
f 1186 1162 1163
f 1186 1163 1164
f 1186 1164 1165
f 1186 1165 1166
f 1146 1166 1167
f 1146 1186 1166
f 1146 1167 1168
f 1146 1168 1147
f 834 836 837
f 455 460 832
f 833 832 831
f 835 832 833
f 455 832 835
f 455 835 834
f 1187 457 1182
f 342 454 457
f 342 457 1187
f 1187 1182 1183
f 1187 1183 1184
f 431 1184 1185
f 1187 1184 431
f 431 1185 1186
f 431 1186 1146
f 1188 431 1146
f 1148 1188 1146
f 342 1187 431
f 432 431 1188
f 1148 1149 1188
f 430 1188 1149
f 433 1188 430
f 432 1188 433
f 1124 430 1149
f 1120 1124 1149
f 1115 1120 1149
f 421 426 428
f 1125 428 427
f 1124 427 430
f 429 433 430
f 1189 888 892
f 1189 1136 888
f 1190 892 899
f 1190 1189 892
f 1191 1192 899
f 1193 899 1192
f 1194 1191 899
f 1195 1194 899
f 900 1195 899
f 1193 1190 899
f 1196 1197 1192
f 1198 1192 1197
f 1199 1196 1192
f 1200 1199 1192
f 1191 1200 1192
f 1198 1193 1192
f 1201 1202 1197
f 1203 1197 1202
f 1204 1201 1197
f 1196 1204 1197
f 1205 1198 1197
f 1203 1205 1197
f 1206 1207 1202
f 1208 1202 1207
f 1209 1206 1202
f 1210 1209 1202
f 1211 1210 1202
f 1201 1211 1202
f 1208 1203 1202
f 1212 1213 1207
f 1214 1207 1213
f 1215 1212 1207
f 1216 1215 1207
f 1217 1216 1207
f 1206 1217 1207
f 1214 1208 1207
f 1218 424 1213
f 1219 1213 424
f 1220 1218 1213
f 1221 1220 1213
f 1212 1221 1213
f 1219 1214 1213
f 1222 425 424
f 1223 1222 424
f 1218 1223 424
f 1224 424 1127
f 1224 1219 424
f 420 425 1222
f 420 418 425
f 1225 1222 1223
f 415 1222 1225
f 415 420 1222
f 1225 1223 1218
f 1225 1218 1220
f 1212 1220 1221
f 1226 1220 1212
f 1225 1220 1226
f 1227 1212 1215
f 1228 1212 1227
f 1226 1212 1228
f 1227 1215 1216
f 1229 1216 1217
f 1230 1216 1229
f 1231 1216 1230
f 1231 1232 1216
f 1227 1216 1232
f 1233 1217 1206
f 1229 1217 1233
f 1233 1206 1209
f 1234 1209 1210
f 1233 1209 1234
f 1235 1210 1211
f 1234 1210 1235
f 1235 1211 1201
f 1236 1201 1204
f 1235 1201 1236
f 1236 1204 1196
f 1237 1196 1199
f 1236 1196 1237
f 1238 1199 1200
f 1237 1199 1238
f 1238 1200 1191
f 1239 1191 1194
f 1239 1240 1191
f 1238 1191 1240
f 1239 1194 1195
f 901 1195 900
f 901 1239 1195
f 1241 1127 1126
f 1242 1224 1127
f 1242 1127 1241
f 1243 1126 1128
f 1243 1241 1126
f 1244 1128 1129
f 1244 1243 1128
f 1245 1129 1130
f 1245 1244 1129
f 1246 1130 1132
f 1246 1245 1130
f 1247 1132 1131
f 1247 1246 1132
f 1248 1131 1133
f 1248 1247 1131
f 1249 1133 1134
f 1249 1248 1133
f 1250 1134 1135
f 1250 1249 1134
f 1251 1135 1137
f 1251 1250 1135
f 1251 1137 1136
f 1252 1136 1189
f 1252 1251 1136
f 1253 1189 1190
f 1253 1252 1189
f 1254 1190 1193
f 1254 1253 1190
f 1255 1193 1198
f 1255 1254 1193
f 1256 1198 1205
f 1256 1255 1198
f 1257 1205 1203
f 1257 1256 1205
f 1258 1203 1208
f 1258 1257 1203
f 1259 1208 1214
f 1259 1258 1208
f 1260 1214 1219
f 1260 1259 1214
f 1242 1219 1224
f 1242 1260 1219
f 1261 1241 1243
f 1262 1242 1241
f 1261 1262 1241
f 1263 1243 1244
f 1264 1261 1243
f 1263 1264 1243
f 1265 1244 1245
f 1265 1263 1244
f 1266 1245 1246
f 1266 1265 1245
f 1267 1246 1247
f 1267 1266 1246
f 1268 1247 1248
f 1268 1267 1247
f 1269 1248 1249
f 1269 1268 1248
f 1270 1249 1250
f 1270 1269 1249
f 1271 1250 1251
f 1271 1270 1250
f 1272 1251 1252
f 1272 1271 1251
f 1273 1252 1253
f 1272 1252 1273
f 1274 1253 1254
f 1275 1273 1253
f 1274 1275 1253
f 1276 1254 1255
f 1276 1274 1254
f 1277 1255 1256
f 1277 1276 1255
f 1278 1256 1257
f 1278 1277 1256
f 1279 1257 1258
f 1279 1278 1257
f 1280 1258 1259
f 1280 1279 1258
f 1281 1259 1260
f 1281 1280 1259
f 1282 1260 1242
f 1282 1281 1260
f 1262 1282 1242
f 1097 1273 1275
f 1088 1272 1273
f 1098 1088 1273
f 1097 1098 1273
f 1262 1275 1274
f 979 1275 1262
f 1094 1275 979
f 1096 1275 1094
f 1095 1097 1275
f 1096 1095 1275
f 1037 1274 1276
f 1034 1262 1274
f 1037 1034 1274
f 1048 1276 1277
f 1051 1037 1276
f 1048 1051 1276
f 1283 1277 1278
f 1284 1285 1277
f 1045 1277 1285
f 1286 1284 1277
f 1287 1286 1277
f 1283 1287 1277
f 1047 1277 1045
f 1046 1048 1277
f 1047 1046 1277
f 1280 1278 1279
f 1288 1278 1280
f 1289 1283 1278
f 1288 1289 1278
f 1288 1280 1281
f 1073 1281 1282
f 1290 1281 1291
f 1073 1291 1281
f 1292 1288 1281
f 1290 1292 1281
f 1070 1282 1262
f 1072 1282 1070
f 1071 1073 1282
f 1072 1071 1282
f 978 1262 1261
f 978 979 1262
f 1069 1070 1262
f 1066 1069 1262
f 1063 1066 1262
f 1034 1063 1262
f 1293 1261 1264
f 1294 978 1261
f 1293 1294 1261
f 1272 1264 1263
f 1087 1264 1272
f 994 1264 992
f 1087 992 1264
f 996 1293 1264
f 994 996 1264
f 1076 1263 1265
f 1075 1272 1263
f 1076 1075 1263
f 1085 1265 1266
f 1086 1076 1265
f 1085 1086 1265
f 1295 1266 1267
f 1296 1297 1266
f 1082 1266 1297
f 1298 1296 1266
f 1299 1298 1266
f 1295 1299 1266
f 1084 1266 1082
f 1083 1085 1266
f 1084 1083 1266
f 1269 1267 1268
f 1300 1267 1269
f 1301 1295 1267
f 1300 1301 1267
f 1300 1269 1270
f 1103 1270 1271
f 1302 1270 1303
f 1103 1303 1270
f 1304 1300 1270
f 1302 1304 1270
f 1099 1271 1272
f 1102 1271 1099
f 1101 1103 1271
f 1102 1101 1271
f 1088 1087 1272
f 1109 1272 1075
f 1100 1099 1272
f 1110 1100 1272
f 1109 1110 1272
f 1090 989 992
f 1087 1090 992
f 1089 985 989
f 1090 1089 989
f 1091 982 985
f 1089 1091 985
f 1092 980 982
f 1091 1092 982
f 1093 981 980
f 1092 1093 980
f 1094 979 981
f 1093 1094 981
f 553 978 1294
f 554 1294 1293
f 554 553 1294
f 995 1293 996
f 995 554 1293
f 1073 1305 1291
f 1306 1291 1305
f 1307 1290 1291
f 1307 1291 1306
f 1073 1308 1305
f 939 1305 1308
f 1306 1305 1309
f 1310 1309 1305
f 1310 1305 939
f 1073 1285 1308
f 933 1308 1285
f 940 939 1308
f 940 1308 933
f 935 1285 1284
f 1045 1285 1073
f 933 1285 935
f 1311 1284 1286
f 934 1284 1311
f 935 1284 934
f 1312 1286 1287
f 1311 1286 1312
f 1313 1287 1283
f 1313 1312 1287
f 1314 1283 1289
f 1315 1283 1316
f 1314 1316 1283
f 1313 1283 1315
f 1317 1289 1288
f 1318 1314 1289
f 1318 1289 1317
f 1319 1288 1292
f 1317 1288 1319
f 1320 1292 1290
f 1319 1292 1320
f 1307 1320 1290
f 1103 1321 1303
f 879 1303 1321
f 878 1302 1303
f 878 1303 879
f 1103 1322 1321
f 1323 1321 1322
f 879 1321 874
f 1323 874 1321
f 1103 1297 1322
f 1020 1322 1297
f 1323 1322 1023
f 1024 1023 1322
f 1024 1322 1020
f 1022 1297 1296
f 1103 1082 1297
f 1020 1297 1022
f 1324 1296 1298
f 1022 1296 1021
f 1324 1021 1296
f 1325 1298 1299
f 1324 1298 1325
f 1326 1299 1295
f 1326 1325 1299
f 1327 1295 1301
f 1328 1295 1327
f 1329 1295 1328
f 1326 1295 1329
f 1330 1301 1300
f 1330 1327 1301
f 1331 1300 1304
f 1330 1300 1331
f 877 1304 1302
f 1332 1304 877
f 1331 1304 1332
f 878 877 1302
f 1104 1081 1082
f 1103 1104 1082
f 1105 1080 1081
f 1104 1105 1081
f 1106 1079 1080
f 1105 1106 1080
f 1107 1077 1079
f 1108 1107 1079
f 1106 1108 1079
f 1109 1078 1077
f 1107 1109 1077
f 1109 1075 1078
f 1040 1059 1063
f 1041 1040 1063
f 1034 1041 1063
f 1042 1060 1059
f 1040 1042 1059
f 1042 1055 1060
f 1043 1056 1055
f 1042 1043 1055
f 1044 1074 1056
f 1043 1044 1056
f 1045 1073 1074
f 1044 1045 1074
f 1333 1334 975
f 974 975 1334
f 550 1333 975
f 1335 1336 1334
f 974 1334 1336
f 1333 1335 1334
f 1337 1338 1336
f 1339 1336 1338
f 1335 1337 1336
f 974 1336 1339
f 1340 1341 1338
f 1342 1338 1341
f 1337 1340 1338
f 1339 1338 1342
f 1343 1341 1340
f 1342 1341 1344
f 1345 1344 1341
f 1346 1341 1343
f 1345 1341 1346
f 1347 1340 1337
f 1343 1340 1347
f 1348 1337 1335
f 1347 1337 1348
f 1348 1335 1333
f 556 1333 550
f 556 1348 1333
f 931 1349 925
f 1350 925 1349
f 1350 927 925
f 931 1312 1349
f 1351 1349 1312
f 1350 1349 1351
f 931 1311 1312
f 1313 1351 1312
f 931 934 1311
f 1315 1316 1351
f 1352 1351 1316
f 1313 1315 1351
f 1350 1351 1352
f 1353 1352 1316
f 1354 1353 1316
f 1355 1354 1316
f 1314 1355 1316
f 1356 1352 1357
f 1358 1357 1352
f 1350 1352 1356
f 1353 1358 1352
f 1359 1356 1357
f 1358 1359 1357
f 1360 1361 1356
f 1350 1356 1361
f 1359 1360 1356
f 1362 1361 1360
f 1350 1361 1363
f 1364 1363 1361
f 1365 1364 1361
f 1362 1365 1361
f 1358 1360 1359
f 1366 1360 1358
f 1366 1362 1360
f 1366 1358 1353
f 1367 1353 1354
f 1367 1366 1353
f 1368 1354 1355
f 1369 1354 1368
f 1367 1354 1369
f 1370 1368 1355
f 1314 1370 1355
f 1371 1368 1372
f 1319 1372 1368
f 1373 1368 1371
f 1370 1319 1368
f 1369 1368 1373
f 1374 1371 1372
f 1320 1374 1372
f 1319 1320 1372
f 1375 1371 1376
f 1374 1376 1371
f 1377 1371 1375
f 1373 1371 1377
f 1374 1375 1376
f 1378 1375 1379
f 1380 1379 1375
f 1381 1375 1378
f 1374 1380 1375
f 1377 1375 1381
f 1382 1378 1379
f 1380 1382 1379
f 1382 1383 1378
f 1384 1378 1383
f 1381 1378 1384
f 1342 1344 1383
f 1384 1383 1344
f 1382 1342 1383
f 1345 1384 1344
f 963 1342 1382
f 966 1339 1342
f 963 966 1342
f 960 1382 1380
f 960 963 1382
f 952 1380 1374
f 957 960 1380
f 952 957 1380
f 1385 1374 1320
f 1385 952 1374
f 1307 1385 1320
f 1317 1319 1370
f 1318 1370 1314
f 1318 1317 1370
f 970 1339 966
f 972 974 1339
f 970 972 1339
f 954 952 1385
f 1306 1309 1385
f 938 1385 1309
f 1307 1306 1385
f 946 954 1385
f 938 946 1385
f 1310 938 1309
f 1310 939 938
f 1350 919 927
f 1363 922 919
f 1350 1363 919
f 1363 916 922
f 1386 911 916
f 1363 1386 916
f 1386 908 911
f 906 1387 907
f 904 907 1387
f 1388 1387 1389
f 906 1389 1387
f 904 1387 1388
f 906 1388 1389
f 1390 1388 906
f 1391 1388 1390
f 1392 1393 1388
f 904 1388 1393
f 1391 1392 1388
f 1394 906 908
f 1395 1390 906
f 1394 1395 906
f 1396 908 1386
f 1396 1394 908
f 1397 1386 1363
f 1397 1396 1386
f 1364 1397 1363
f 1391 1390 1395
f 1398 1395 1394
f 1398 1391 1395
f 1397 1394 1396
f 1364 1394 1397
f 1399 1394 1364
f 1399 1398 1394
f 1365 1399 1364
f 1400 1401 1393
f 898 1393 1401
f 1402 1400 1393
f 1392 1402 1393
f 898 904 1393
f 1403 1401 1400
f 1404 1401 1403
f 1405 1401 1404
f 1405 898 1401
f 1403 1400 1402
f 1406 1402 1392
f 1403 1402 1406
f 1406 1392 1391
f 1398 1406 1391
f 1404 1407 1240
f 1238 1240 1407
f 1405 1404 1240
f 898 1240 1239
f 1405 1240 898
f 1406 1408 1407
f 1238 1407 1408
f 1403 1406 1407
f 1404 1403 1407
f 1406 1409 1408
f 1410 1408 1409
f 1410 1238 1408
f 1411 1412 1409
f 1413 1409 1412
f 1406 1411 1409
f 1413 1410 1409
f 1414 1415 1412
f 1416 1412 1415
f 1411 1414 1412
f 1416 1413 1412
f 1414 1417 1415
f 1416 1415 1417
f 1418 1419 1417
f 1420 1417 1419
f 1414 1418 1417
f 1420 1416 1417
f 1421 1422 1419
f 1423 1419 1422
f 1418 1421 1419
f 1423 1420 1419
f 1421 1424 1422
f 1425 1422 1424
f 1425 1423 1422
f 1426 1427 1424
f 1425 1424 1427
f 1421 1426 1424
f 1426 1428 1427
f 1429 1427 1428
f 1429 1425 1427
f 1430 1431 1428
f 440 1428 1431
f 1432 1430 1428
f 1426 1432 1428
f 440 1429 1428
f 438 1431 1430
f 434 440 1431
f 438 434 1431
f 438 1430 1432
f 1433 1432 1426
f 438 1432 1433
f 1434 1426 1421
f 1435 1433 1426
f 1436 1435 1426
f 1434 1436 1426
f 1437 1421 1418
f 1437 1434 1421
f 1438 1418 1414
f 1438 1437 1418
f 1439 1414 1411
f 1440 1438 1414
f 1439 1440 1414
f 1398 1411 1406
f 1398 1439 1411
f 1441 1433 1435
f 1441 438 1433
f 1442 1435 1436
f 439 1435 1442
f 1441 1435 439
f 1443 1436 1434
f 1444 1436 1443
f 1442 1436 1445
f 1444 1445 1436
f 1446 1434 1437
f 1447 1443 1434
f 1446 1447 1434
f 1448 1437 1438
f 1448 1446 1437
f 1449 1438 1440
f 1449 1448 1438
f 1450 1440 1439
f 1451 1449 1440
f 1450 1451 1440
f 1399 1439 1398
f 1399 1450 1439
f 1452 1443 1447
f 1452 1445 1443
f 1444 1443 1445
f 1453 1447 1446
f 1452 1447 1453
f 1454 1446 1448
f 1455 1453 1446
f 1456 1455 1446
f 1454 1456 1446
f 1457 1448 1449
f 1457 1454 1448
f 1458 1449 1451
f 1458 1457 1449
f 1459 1451 1450
f 1460 1458 1451
f 1459 1460 1451
f 1365 1450 1399
f 1365 1459 1450
f 609 1453 1455
f 1452 1453 609
f 606 1455 1456
f 609 1455 606
f 1461 1456 1454
f 1462 1456 1461
f 606 1456 1462
f 1463 1454 1457
f 1464 1461 1454
f 1463 1464 1454
f 1465 1457 1458
f 1465 1463 1457
f 1466 1458 1460
f 1466 1465 1458
f 1467 1460 1459
f 1468 1466 1460
f 1467 1468 1460
f 1362 1459 1365
f 1362 1467 1459
f 1469 1461 1464
f 1462 1461 1470
f 1469 1470 1461
f 1471 1464 1463
f 1471 1472 1464
f 1473 1464 1472
f 1469 1464 1473
f 1474 1463 1465
f 1474 1471 1463
f 1475 1465 1466
f 1476 1474 1465
f 1475 1476 1465
f 1477 1466 1468
f 1477 1475 1466
f 1478 1468 1467
f 1479 1477 1468
f 1478 1479 1468
f 1480 1467 1362
f 1481 1478 1467
f 1480 1481 1467
f 1482 1480 1362
f 1366 1482 1362
f 1483 1472 1471
f 1469 1473 1472
f 1484 1472 584
f 1483 584 1472
f 1484 1469 1472
f 1485 1471 1474
f 1483 1471 1486
f 1485 1486 1471
f 1485 1474 1476
f 1487 1476 1475
f 1485 1476 1487
f 1488 1475 1477
f 1487 1475 1488
f 1488 1477 1479
f 1489 1479 1478
f 1488 1479 1489
f 1489 1478 1481
f 1490 1481 1480
f 1489 1481 1490
f 1490 1480 1482
f 1367 1482 1366
f 1490 1482 1367
f 898 1239 901
f 1237 1238 1410
f 1491 1410 1413
f 1491 1237 1410
f 1492 1413 1416
f 1492 1491 1413
f 1493 1416 1420
f 1493 1492 1416
f 1494 1420 1423
f 1494 1493 1420
f 1495 1423 1425
f 1495 1494 1423
f 1496 1425 1429
f 1496 1495 1425
f 1497 1429 440
f 1497 1496 1429
f 441 1497 440
f 438 437 434
f 1236 1237 1491
f 1498 1491 1492
f 1498 1236 1491
f 1499 1492 1493
f 1499 1498 1492
f 1500 1493 1494
f 1500 1499 1493
f 1501 1494 1495
f 1501 1500 1494
f 1502 1495 1496
f 1502 1501 1495
f 1503 1496 1497
f 1503 1502 1496
f 1504 1497 441
f 1504 1503 1497
f 442 1504 441
f 1235 1236 1498
f 1505 1498 1499
f 1505 1235 1498
f 1506 1499 1500
f 1506 1505 1499
f 1507 1500 1501
f 1507 1506 1500
f 1508 1501 1502
f 1508 1507 1501
f 1509 1502 1503
f 1509 1508 1502
f 1510 1503 1504
f 1510 1509 1503
f 1511 1504 442
f 1511 1510 1504
f 443 1511 442
f 1234 1235 1505
f 1512 1505 1506
f 1512 1234 1505
f 1513 1506 1507
f 1513 1512 1506
f 1514 1507 1508
f 1514 1513 1507
f 1515 1508 1509
f 1515 1514 1508
f 1516 1509 1510
f 1516 1515 1509
f 1517 1510 1511
f 1517 1516 1510
f 1518 1511 443
f 1518 1517 1511
f 444 1518 443
f 1233 1234 1512
f 1519 1512 1513
f 1519 1233 1512
f 1520 1513 1514
f 1520 1519 1513
f 1521 1514 1515
f 1521 1520 1514
f 1522 1515 1516
f 1522 1521 1515
f 1523 1516 1517
f 1523 1522 1516
f 1524 1517 1518
f 1524 1523 1517
f 1525 1518 444
f 1525 1524 1518
f 445 1525 444
f 1229 1233 1519
f 1526 1519 1520
f 1526 1229 1519
f 1527 1520 1521
f 1527 1526 1520
f 1528 1521 1522
f 1528 1527 1521
f 1529 1522 1523
f 1529 1528 1522
f 1530 1523 1524
f 1530 1529 1523
f 1531 1524 1525
f 1531 1530 1524
f 1532 1525 445
f 1532 1531 1525
f 446 1532 445
f 1533 1229 1526
f 1534 1230 1229
f 1533 1534 1229
f 1535 1526 1527
f 1535 1533 1526
f 1536 1527 1528
f 1536 1535 1527
f 1537 1528 1529
f 1537 1536 1528
f 1538 1529 1530
f 1538 1537 1529
f 1539 1530 1531
f 1539 1538 1530
f 1540 1531 1532
f 1540 1539 1531
f 1541 1532 446
f 1541 1540 1532
f 447 1541 446
f 1231 1230 1534
f 1231 1534 1533
f 1542 1533 1535
f 1231 1533 1543
f 1542 1543 1533
f 1544 1535 1536
f 1544 1542 1535
f 1544 1536 1537
f 1545 1537 1538
f 1545 1544 1537
f 1545 1538 1539
f 1546 1539 1540
f 1545 1539 1546
f 1547 1540 1541
f 1548 1546 1540
f 1549 1548 1540
f 1547 1549 1540
f 449 1541 447
f 1550 1547 1541
f 449 1550 1541
f 1551 1552 1232
f 1227 1232 1552
f 1543 1551 1232
f 1231 1543 1232
f 1228 1552 1551
f 1228 1227 1552
f 1228 1551 1543
f 1553 1228 1543
f 1554 1553 1543
f 1542 1554 1543
f 1226 1228 1553
f 1554 1555 1553
f 1226 1553 1555
f 1554 1556 1555
f 1557 1555 1556
f 1558 1226 1555
f 1559 1558 1555
f 1560 1559 1555
f 1561 1555 1557
f 1562 1555 1561
f 1563 1555 1562
f 1564 1555 1563
f 1565 1555 1564
f 1560 1555 1565
f 1554 1566 1556
f 1557 1556 1566
f 1542 1566 1554
f 1567 1566 1542
f 1557 1566 1567
f 1558 1568 1226
f 1569 1226 1568
f 1569 1225 1226
f 1570 1568 1558
f 412 1569 1568
f 1570 412 1568
f 1570 1558 1559
f 1571 415 1225
f 1569 1571 1225
f 412 415 1571
f 412 1571 1569
f 1572 404 409
f 412 1572 409
f 405 404 1572
f 1559 1572 412
f 400 405 1572
f 1559 400 1572
f 1570 1559 412
f 1573 400 1559
f 453 401 400
f 1574 453 400
f 1575 1574 400
f 1576 400 1573
f 1575 400 1576
f 1573 1559 1560
f 1574 1577 453
f 452 453 1577
f 1575 1577 1574
f 1549 452 1577
f 1578 1549 1577
f 1575 1578 1577
f 449 448 451
f 1550 451 450
f 449 451 1550
f 1549 450 452
f 1547 450 1549
f 1550 450 1547
f 1545 1546 1548
f 1579 1548 1549
f 1579 1545 1548
f 1580 1579 1549
f 1578 1580 1549
f 1567 1542 1544
f 1581 1544 1545
f 1582 1567 1544
f 1581 1582 1544
f 1579 1581 1545
f 1562 1567 1582
f 1561 1557 1567
f 1562 1561 1567
f 1583 1582 1581
f 1563 1562 1582
f 1564 1563 1582
f 1565 1564 1582
f 1584 1565 1582
f 1585 1584 1582
f 1586 1585 1582
f 1587 1586 1582
f 1588 1587 1582
f 1589 1588 1582
f 1590 1589 1582
f 1591 1590 1582
f 1583 1591 1582
f 1592 1581 1579
f 1593 1583 1581
f 1594 1593 1581
f 1595 1594 1581
f 1592 1595 1581
f 1596 1592 1579
f 1580 1596 1579
f 1560 1565 1584
f 1560 1584 1585
f 1560 1585 1586
f 1560 1586 1587
f 1560 1587 1588
f 1560 1588 1589
f 1560 1589 1590
f 1560 1590 1591
f 1573 1591 1583
f 1573 1560 1591
f 1573 1583 1593
f 1573 1593 1594
f 1576 1594 1595
f 1576 1573 1594
f 1576 1595 1592
f 1576 1592 1596
f 1575 1596 1580
f 1575 1576 1596
f 1575 1580 1578
f 1442 610 436
f 439 1442 436
f 1597 611 610
f 1445 1597 610
f 1442 1445 610
f 1452 611 1597
f 609 612 611
f 1452 609 611
f 1452 1597 1445
f 1441 439 438
f 1462 1598 607
f 608 607 1598
f 606 1462 607
f 1470 1599 1598
f 1600 1598 1599
f 1462 1470 1598
f 1600 608 1598
f 1470 589 1599
f 1600 1599 589
f 1470 584 589
f 588 1600 589
f 156 581 585
f 155 581 156
f 155 158 581
f 153 585 586
f 152 585 153
f 152 156 585
f 174 586 587
f 153 586 174
f 1483 587 584
f 1486 174 587
f 1483 1486 587
f 1484 584 1470
f 1484 1470 1469
f 241 601 605
f 241 597 601
f 241 605 604
f 242 604 608
f 242 241 604
f 254 608 1600
f 254 242 608
f 251 1600 588
f 253 254 1600
f 251 253 1600
f 250 588 591
f 252 588 250
f 252 251 588
f 250 591 593
f 250 593 592
f 249 592 594
f 249 250 592
f 248 594 595
f 248 249 594
f 243 595 597
f 245 248 595
f 243 245 595
f 244 243 597
f 241 244 597
f 176 238 177
f 1486 175 174
f 1485 175 1486
f 1601 175 1485
f 172 175 1601
f 1602 574 576
f 1602 1603 574
f 1604 574 1603
f 1604 573 574
f 161 576 162
f 163 1602 576
f 161 163 576
f 1602 1605 1603
f 1604 1603 1605
f 1606 1605 1602
f 1607 1608 1605
f 1604 1605 1608
f 1606 1607 1605
f 164 1602 163
f 164 1606 1602
f 1609 1610 1608
f 1611 1608 1610
f 1607 1609 1608
f 1611 1604 1608
f 1609 1612 1610
f 1613 1610 1612
f 1614 1611 1610
f 1613 1614 1610
f 1615 1616 1612
f 1617 1612 1616
f 1609 1615 1612
f 1613 1612 1617
f 1347 1348 1616
f 558 1616 1348
f 1615 1347 1616
f 561 1617 1616
f 558 561 1616
f 556 558 1348
f 1343 1347 1615
f 1618 1615 1609
f 1618 1343 1615
f 1619 1609 1607
f 1619 1618 1609
f 1620 1607 1606
f 1620 1619 1607
f 164 166 1606
f 1621 1606 166
f 1621 1620 1606
f 167 1621 166
f 1613 1617 561
f 562 1613 561
f 1622 1343 1618
f 1622 1346 1343
f 1623 1618 1619
f 1623 1622 1618
f 1624 1619 1620
f 1625 1623 1619
f 1624 1625 1619
f 1626 1620 1621
f 1627 1624 1620
f 1626 1627 1620
f 167 168 1621
f 1628 1621 168
f 1629 1626 1621
f 1628 1629 1621
f 1630 1628 168
f 165 1630 168
f 1631 1346 1622
f 1631 1345 1346
f 1631 1622 1623
f 1632 1623 1625
f 1632 1631 1623
f 1632 1625 1624
f 1632 1624 1627
f 1633 1627 1626
f 1633 1632 1627
f 1633 1626 1629
f 1634 1629 1628
f 1634 1633 1629
f 1634 1628 1630
f 170 1630 165
f 171 1634 1630
f 170 171 1630
f 1635 1384 1345
f 1635 1381 1384
f 1636 1345 1631
f 1636 1635 1345
f 1632 1636 1631
f 1637 1381 1635
f 1637 1377 1381
f 1638 1635 1636
f 1638 1637 1635
f 1639 1636 1632
f 1639 1638 1636
f 1633 1639 1632
f 1640 1377 1637
f 1640 1373 1377
f 1641 1637 1638
f 1641 1640 1637
f 1642 1638 1639
f 1642 1641 1638
f 1643 1639 1633
f 1643 1642 1639
f 1634 1643 1633
f 1644 1373 1640
f 1644 1369 1373
f 1645 1640 1641
f 1645 1644 1640
f 1646 1641 1642
f 1646 1645 1641
f 1647 1642 1643
f 1647 1646 1642
f 1648 1643 1634
f 1648 1647 1643
f 171 1648 1634
f 1367 1369 1644
f 1490 1644 1645
f 1490 1367 1644
f 1489 1645 1646
f 1489 1490 1645
f 1488 1646 1647
f 1488 1489 1646
f 1487 1647 1648
f 1487 1488 1647
f 1649 1650 1648
f 1485 1648 1650
f 171 1649 1648
f 1485 1487 1648
f 173 1650 1649
f 1651 1485 1650
f 172 1651 1650
f 172 1650 173
f 169 1649 171
f 173 1649 169
f 1651 1601 1485
f 172 1601 1651
f 199 565 568
f 199 563 565
f 199 568 567
f 197 567 570
f 197 199 567
f 192 570 573
f 192 197 570
f 185 573 1604
f 189 192 573
f 185 189 573
f 181 1604 1611
f 186 185 1604
f 181 186 1604
f 181 1611 1614
f 181 1614 1613
f 182 1613 562
f 182 181 1613
f 203 562 560
f 203 182 562
f 200 560 563
f 202 203 560
f 200 202 560
f 201 563 199
f 201 200 563
f 548 1652 546
f 543 546 1652
f 1653 1654 1652
f 1655 1652 1654
f 548 1653 1652
f 543 1652 1655
f 1656 1657 1654
f 1655 1654 1657
f 1653 1656 1654
f 1658 1659 1657
f 1660 1657 1659
f 1656 1658 1657
f 1655 1657 1660
f 1658 1661 1659
f 1662 1659 1661
f 1663 1660 1659
f 1662 1663 1659
f 1664 1661 1658
f 1665 1662 1661
f 1665 1661 1666
f 1667 1666 1661
f 1664 1667 1661
f 1668 1658 1656
f 1668 1664 1658
f 997 1656 1653
f 997 1668 1656
f 997 1653 548
f 113 112 515
f 1669 515 520
f 114 113 515
f 1669 114 515
f 1670 1669 520
f 1671 1670 520
f 519 1671 520
f 742 743 124
f 125 742 124
f 125 122 742
f 1672 742 122
f 1673 741 742
f 1672 1673 742
f 127 1672 122
f 109 114 1669
f 1670 1674 1669
f 1675 1669 1674
f 110 109 1669
f 1675 110 1669
f 1671 1674 1670
f 1676 1675 1674
f 1677 1676 1674
f 1671 1677 1674
f 1678 110 1675
f 1678 132 110
f 1679 1675 1676
f 1679 1678 1675
f 1680 1681 1676
f 1682 1676 1681
f 1677 1680 1676
f 1682 1679 1676
f 1683 1684 1681
f 1685 1681 1684
f 1686 1683 1681
f 1680 1686 1681
f 1685 1682 1681
f 1687 1660 1684
f 1663 1684 1660
f 1683 1687 1684
f 1663 1685 1684
f 1687 1655 1660
f 541 1655 1687
f 541 543 1655
f 1688 1687 1683
f 539 541 1687
f 1688 539 1687
f 1689 1683 1686
f 1689 1688 1683
f 1690 1686 1680
f 1690 1689 1686
f 1690 1680 1677
f 1671 1690 1677
f 1678 131 132
f 1691 131 1678
f 1691 128 131
f 1692 1678 1679
f 1693 1691 1678
f 1692 1693 1678
f 1694 1679 1682
f 1695 1692 1679
f 1694 1695 1679
f 1696 1682 1685
f 1697 1694 1682
f 1696 1697 1682
f 1698 1685 1663
f 1699 1696 1685
f 1698 1699 1685
f 1662 1698 1663
f 129 128 1691
f 1692 1691 1693
f 1700 1691 1692
f 129 1691 1700
f 1694 1692 1695
f 1701 1692 1694
f 1701 1700 1692
f 1696 1694 1697
f 1699 1694 1696
f 1702 1694 1699
f 1702 1701 1694
f 1665 1699 1698
f 1665 1702 1699
f 1665 1698 1662
f 1703 539 1688
f 1703 536 539
f 1689 1703 1688
f 880 733 736
f 1704 736 737
f 1704 880 736
f 1705 737 738
f 1706 1704 737
f 1705 1706 737
f 1707 738 739
f 1707 1705 738
f 1708 739 740
f 1708 1707 739
f 1709 740 741
f 1709 1708 740
f 1710 1709 741
f 1673 1710 741
f 881 880 1704
f 1711 1704 1706
f 1712 881 1704
f 1711 1712 1704
f 1713 1706 1705
f 1713 1711 1706
f 1714 1705 1707
f 1714 1713 1705
f 1715 1707 1708
f 1715 1714 1707
f 1716 1708 1709
f 1716 1715 1708
f 1700 1709 1710
f 1700 1716 1709
f 127 1710 1673
f 1717 1700 1710
f 1718 1717 1710
f 126 1718 1710
f 126 1710 127
f 127 1673 1672
f 1332 881 1712
f 1332 877 881
f 1719 1712 1711
f 1327 1712 1719
f 1720 1332 1712
f 1327 1720 1712
f 1721 1711 1713
f 1722 1719 1711
f 1721 1722 1711
f 1723 1713 1714
f 1723 1721 1713
f 1724 1714 1715
f 1724 1723 1714
f 1725 1715 1716
f 1725 1724 1715
f 1701 1716 1700
f 1701 1725 1716
f 1717 129 1700
f 130 129 1717
f 130 1717 1718
f 130 1718 126
f 1328 1719 1722
f 1328 1327 1719
f 1726 1722 1721
f 1727 1722 1726
f 1727 1328 1722
f 1728 1721 1723
f 1728 1726 1721
f 1729 1723 1724
f 1729 1728 1723
f 1730 1724 1725
f 1730 1729 1724
f 1702 1725 1701
f 1702 1730 1725
f 1731 1726 1728
f 1727 1726 1731
f 1732 1728 1729
f 1733 1731 1728
f 1734 1733 1728
f 1732 1734 1728
f 1666 1729 1730
f 1666 1732 1729
f 1665 1730 1702
f 1665 1666 1730
f 1735 1731 1733
f 1735 1727 1731
f 1735 1733 1734
f 1736 1734 1732
f 1737 1734 1736
f 1737 1735 1734
f 1667 1732 1666
f 1667 1736 1732
f 1737 1736 1667
f 1664 1737 1667
f 1331 1332 1720
f 1330 1720 1327
f 1330 1331 1720
f 1329 1328 1727
f 1018 1727 1735
f 1738 1727 1018
f 1326 1727 1738
f 1326 1329 1727
f 1011 1735 1737
f 1014 1018 1735
f 1011 1014 1735
f 1004 1737 1664
f 1004 1011 1737
f 1006 1004 1664
f 1007 1006 1664
f 1668 1007 1664
f 1323 876 874
f 1323 1023 876
f 1025 876 1023
f 1738 1016 1019
f 1738 1017 1016
f 1324 1019 1021
f 1325 1738 1019
f 1324 1325 1019
f 1738 1018 1017
f 1326 1738 1325
f 1008 1007 1668
f 997 1008 1668
f 1001 1008 997
f 1000 1001 997
f 204 536 1703
f 204 533 536
f 204 1703 1689
f 205 1689 1690
f 205 204 1689
f 225 1690 1671
f 225 205 1690
f 222 1671 519
f 224 225 1671
f 222 224 1671
f 219 519 522
f 223 519 219
f 223 222 519
f 219 522 525
f 219 525 524
f 214 524 528
f 214 219 524
f 211 528 531
f 211 214 528
f 206 531 533
f 208 211 531
f 206 208 531
f 207 206 533
f 204 207 533
f 226 627 630
f 226 630 487
f 178 498 502
f 178 177 498
f 178 502 501
f 236 501 504
f 236 178 501
f 233 504 507
f 233 236 504
f 228 507 627
f 230 233 507
f 228 230 507
f 229 228 627
f 226 229 627
f 226 487 484
f 227 484 488
f 227 226 484
f 240 488 491

